sample_index,publication_id,reference_id,reference_order,parsed_title,parsed_journal,parsed_year,parsed_authors,parser,crossref_query,context
31,1348868,24565232,4,Türkiye’de imalat sanayinin ithalata bağımlılığının analizi,Gaziantep University Journal of Social Sciences,2018,"Kundak, S, Aydoğuş, I",loose_year,"Türkiye’de imalat sanayinin ithalata bağımlılığının analizi Kundak, S, Aydoğuş, I Gaziantep University Journal of Social Sciences 2018","[4]. Kundak, S, Aydoğuş, I. 2018. Türkiye’de imalat sanayinin ithalata bağımlılığının analizi. Gaziantep University Journal of Social Sciences; 17(1): 252-266."
46,1331693,23886292,5,Why did I ask that question? Bilingual/ESL pre-service teachers’ insights,International Journal of Instruction,2013,"Diaz, Z., Whitacre, M., Esquierdo, J",apa,"Why did I ask that question? Bilingual/ESL pre-service teachers’ insights Diaz, Z., Whitacre, M., Esquierdo, J International Journal of Instruction 2013","Diaz, Z., Whitacre, M., Esquierdo, J. J., & Ruiz-Escalante, J. A. (2013). Why did I ask that question? Bilingual/ESL pre-service teachers’ insights. International Journal of Instruction, 6(2), 163–176."
49,1320153,23381983,76,,,1999,,unparsed,,"Tickner, J. A. (1999). Searching for the princess?. Feminist perspectives in international relations, Harvard International Review, 21 (4), 44-48."
53,1188828,17270319,52,Participatory Planning; Providing Conceptual Model of Factors Affecting Children’s Participation in Urban Planning,Creative City Design,2018,"Sarvari, H",apa,"Participatory Planning; Providing Conceptual Model of Factors Affecting Children’s Participation in Urban Planning Sarvari, H Creative City Design 2018","Sarvari, H. (2018). Participatory Planning; Providing Conceptual Model of Factors Affecting Children’s Participation in Urban Planning. Creative City Design, 1(1), 37–42."
81,1209869,18378693,37,Uluslararası rekabet gücünü etkileyen makroekonomik faktörler: Türk imalat sanayi üzerine bir uygulama,Sosyal Ekonomik Araştırmalar Dergisi,2011,"Yapraklı, S",apa,"Uluslararası rekabet gücünü etkileyen makroekonomik faktörler: Türk imalat sanayi üzerine bir uygulama Yapraklı, S Sosyal Ekonomik Araştırmalar Dergisi 2011","Yapraklı, S. (2011). Uluslararası rekabet gücünü etkileyen makroekonomik faktörler: Türk imalat sanayi üzerine bir uygulama. Sosyal Ekonomik Araştırmalar Dergisi, 11(22), 373-401."
97,1332746,23940469,37,Green Human Resource Management Practices and Organizational Citizenship Behavior in the Environment: The Interactive Effects of Green Passion,"International Transaction Journal of Engineering, Management & Applied Sciences & Technologies",2020,"Mohammad, N., Bibi, Z., Karim, J., & Durrani, D",apa,"Green Human Resource Management Practices and Organizational Citizenship Behavior in the Environment: The Interactive Effects of Green Passion Mohammad, N., Bibi, Z., Karim, J., & Durrani, D International Transaction Journal of Engineering, Management & Applied Sciences & Technol","Mohammad, N., Bibi, Z., Karim, J., & Durrani, D. (2020). Green Human Resource Management Practices and Organizational Citizenship Behavior in the Environment: The Interactive Effects of Green Passion. International Transaction Journal of Engineering, Management & Applied Sciences & Technologies, 11(6), 1-10."
103,1263119,20632708,10,Predictors and clinical outcomes of permanent pacemaker implantation after transcatheter aortic valve replacement: the PARTNER (Placement of AoRtic TraNscathetER Valves) trial and registry,JACC Cardiovasc Interv,2015,"Nazif TM, Dizon JM, Hahn RT",vancouver,"Predictors and clinical outcomes of permanent pacemaker implantation after transcatheter aortic valve replacement: the PARTNER (Placement of AoRtic TraNscathetER Valves) trial and registry Nazif TM, Dizon JM, Hahn RT JACC Cardiovasc Interv 2015","10. Nazif TM, Dizon JM, Hahn RT, et al. Predictors and clinical outcomes of permanent pacemaker implantation after transcatheter aortic valve replacement: the PARTNER (Placement of AoRtic TraNscathetER Valves) trial and registry. JACC Cardiovasc Interv 2015;8(1 Pt A):60-9."
145,1350863,24806895,73,Hukuksal Aklın Transhümanistik Temsilleri Ve OntoRobotik Varoluş Formları,Adalet Dergisi,2021,"Kılıç, M",apa,"Hukuksal Aklın Transhümanistik Temsilleri Ve OntoRobotik Varoluş Formları Kılıç, M Adalet Dergisi 2021","Kılıç, M. (2021). Hukuksal Aklın Transhümanistik Temsilleri Ve Onto- Robotik Varoluş Formları. Adalet Dergisi, 66, 15-54."
148,1176987,16735765,31,Approach to the Woman in Labor: Oral nutrition,J Nurs Sci,2012,"Ergöl S, Eroglu K, Taskın L",vancouver,"Approach to the Woman in Labor: Oral nutrition Ergöl S, Eroglu K, Taskın L J Nurs Sci 2012","31. Ergöl S, Eroglu K, Taskın L. Approach to the Woman in Labor: Oral nutrition. J Nurs Sci. 2012; 4(1): 23-9. 32. Rathfish G. Labor. In: Beji NK, editor. Woman’s Health and Diseases. 1st ed. İstanbul: Nobel Medicine Bookstore; 2015: 312-4."
155,1292878,22053278,21,"Laparoskopik sleeve gastrektomi operasyonunun kısa dönemde besin alımı, biyokimyasal kan parametreleri ve antropometrik ölçümlere etkisinin değerlendirilmesi",Acıbadem Üniversitesi Sağlık Bilimleri Derg,2021,"Çolak GA, Sağlam D",vancouver,"Laparoskopik sleeve gastrektomi operasyonunun kısa dönemde besin alımı, biyokimyasal kan parametreleri ve antropometrik ölçümlere etkisinin değerlendirilmesi Çolak GA, Sağlam D Acıbadem Üniversitesi Sağlık Bilimleri Derg 2021","Çolak GA, Sağlam D. Laparoskopik sleeve gastrektomi operasyonunun kısa dönemde besin alımı, biyokimyasal kan parametreleri ve antropometrik ölçümlere etkisinin değerlendirilmesi. Acıbadem Üniversitesi Sağlık Bilimleri Derg. 2021; 12(2): 291-5."
197,1198158,17880329,16,Zımni volatilite endeksinden gelişmekte olan piyasalara yönelik volatilite yayılma etkisi,BDDK Bankacılık ve Finansal Piyasalar Dergisi,2009,"Korkmaz, T., & Çevik, E",apa,"Zımni volatilite endeksinden gelişmekte olan piyasalara yönelik volatilite yayılma etkisi Korkmaz, T., & Çevik, E BDDK Bankacılık ve Finansal Piyasalar Dergisi 2009","Korkmaz, T., & Çevik, E. İ. (2009). Zımni volatilite endeksinden gelişmekte olan piyasalara yönelik volatilite yayılma etkisi. BDDK Bankacılık ve Finansal Piyasalar Dergisi, 3(2), 87-105."
201,1189906,17315952,24,,,2006,,unparsed,,"Ocak, Gürbüz & Gündüz, M.(2006). Eğitim fakültesini yeni kazanan öğretmen adaylarının öğretmenlik mesleğine giriş dersini almadan önce ve aldıktan sonra öğretmenlik mesleği hakkındaki metaforlarının karşılaştırılması, Afyon Kocatepe Üniversitesi Sosyal Bilimler Dergisi, 8(2), 293-311."
219,1276601,21392458,9,,,2002,,unparsed,,"Koçak, Ö. (2004b). “Afyon-Bolvadin Yüzey Araştırmaları 2002 (Neolitik Çağdan İlk Tunç Çağına Kadar)”, Araştırma Sonuçları Toplantısı-21, cilt.1, 173-184."
270,1326191,23640898,70,"Contributions of floristic and general vegetation characteristics of the Mavga Castle (Mut/Mersin, Türkiye)",Biharean Biologist,2023,"Tel, A",apa,"Contributions of floristic and general vegetation characteristics of the Mavga Castle (Mut/Mersin, Türkiye) Tel, A Biharean Biologist 2023","Tel, A. Z., Ortaç, İ., Özuslu, E., & İlçim, A. (2023). Contributions of floristic and general vegetation characteristics of the Mavga Castle (Mut/Mersin, Türkiye). Biharean Biologist, 18(1): 1 – 11."
306,1348061,24529876,37,On local polynomial regression estimators in finite populations. Int. J. Stats. Appl,Math,2020,"Kikechi, C",apa,"On local polynomial regression estimators in finite populations. Int. J. Stats. Appl Kikechi, C Math 2020","[37] Kikechi, C. B. (2020). On local polynomial regression estimators in finite populations. Int. J. Stats. Appl. Math, 5, 58-63."
335,1238800,19626547,2,İyonlaştırıcı radyasyon ve korunma yöntemleri [Ionizing radiation and protection methods],Selçuk Üniversitesi Fen Fakültesi Fen Derg,2017,"Çimen B, Erdoğan M, Oğul R",vancouver,"İyonlaştırıcı radyasyon ve korunma yöntemleri [Ionizing radiation and protection methods] Çimen B, Erdoğan M, Oğul R Selçuk Üniversitesi Fen Fakültesi Fen Derg 2017","2. Çimen B, Erdoğan M, Oğul R. İyonlaştırıcı radyasyon ve korunma yöntemleri [Ionizing radiation and protection methods]. Selçuk Üniversitesi Fen Fakültesi Fen Derg. 2017;43(2):139-47. [Link]"
345,1275240,21181337,53,Döviz kuru ve dış ticaret ilişkisi: Türkiye örneği,Fırat Üniversitesi Sosyal Bilimler Dergisi,2005,"Karagöz, M., & Doğan, Ç",apa,"Döviz kuru ve dış ticaret ilişkisi: Türkiye örneği Karagöz, M., & Doğan, Ç Fırat Üniversitesi Sosyal Bilimler Dergisi 2005","Karagöz, M., & Doğan, Ç. (2005). Döviz kuru ve dış ticaret ilişkisi: Türkiye örneği. Fırat Üniversitesi Sosyal Bilimler Dergisi, 15(2), 219-228."
355,1315322,23103410,32,The impact of innovation and smart government on happiness: Proposing conceptual framework,International Journal of Management and Human Scienc,2018,"Shamsi, R",apa,"The impact of innovation and smart government on happiness: Proposing conceptual framework Shamsi, R International Journal of Management and Human Scienc 2018","Shamsi, R. S. H. A., Ameen, A. A., Isaac, O., Al-Shibami, A. H., & Khalifa, G. S. (2018). The impact of innovation and smart government on happiness: Proposing conceptual framework. International Journal of Management and Human Scienc, 2(2), 10-26."
394,1310137,22764796,17,The effect of salinity stress and foliar application of nano-fertilizers on quantitative and qualitative characteristics of quinoa forage,Journal of Crops Improvement,2023,"Heidari, F., Jalilian, J., & Gholinezhad, E",apa,"The effect of salinity stress and foliar application of nano-fertilizers on quantitative and qualitative characteristics of quinoa forage Heidari, F., Jalilian, J., & Gholinezhad, E Journal of Crops Improvement 2023","Heidari, F., Jalilian, J., & Gholinezhad, E. (2023). The effect of salinity stress and foliar application of nano-fertilizers on quantitative and qualitative characteristics of quinoa forage. Journal of Crops Improvement, 25(3), 769-785."
420,1278349,21317526,48,[Effect of Ginkgo biloba Pingchan Recipe on neuronal nitric oxide synthase mRNa expression in the brain of mouse models of Parkinson disease],Nan Fang Yi Ke Da Xue Xue Bao,2009,"Zhang J, Sun HM, Bai LM, Xu H, Wu HX, Cui L",vancouver,"[Effect of Ginkgo biloba Pingchan Recipe on neuronal nitric oxide synthase mRNa expression in the brain of mouse models of Parkinson disease] Zhang J, Sun HM, Bai LM, Xu H, Wu HX, Cui L Nan Fang Yi Ke Da Xue Xue Bao 2009","47. Zhang J, Sun HM, Bai LM, Xu H, Wu HX, Cui L. [Effect of Ginkgo biloba Pingchan Recipe on neuronal nitric oxide synthase mRNa expression in the brain of mouse models of Parkinson disease]. Nan Fang Yi Ke Da Xue Xue Bao. 2009;29(8):1735-40. [PubMed]"
423,1372430,25519113,25,,,2016,,unparsed,,"Usman M, Ahmed S, Mehmood T, Hak NU (2016) Determinants Of Financial Sustainability Of Microfinance Institutions In Pakistan. Journal of Contemporary Issues in Business Research 5: 92-99."
426,1237032,19599047,27,,,2008,,unparsed,,"Yaylı, H., & Pustu, Y. (2008). Yerel demokrasinin ilkeleri. Karadeniz Araştırmaları Dergisi, 16(16), 133-153."
449,1223777,19325030,49,African leafy vegetables pre-harvest and post-harvest constrains and technologies for losses reduction along the field to consumer chain,African Journal of Horticultural Science,2017,"Kirigia, D., Kasili, R",apa,"African leafy vegetables pre-harvest and post-harvest constrains and technologies for losses reduction along the field to consumer chain Kirigia, D., Kasili, R African Journal of Horticultural Science 2017","Kirigia, D., Kasili, R. and Mibus, H. (2017). African leafy vegetables pre-harvest and post-harvest constrains and technologies for losses reduction along the field to consumer chain. African Journal of Horticultural Science, 12: 51-60."
467,1310431,22776297,16,Karma yöntem araştırmalarına genel bir bakış,Elektronik Sosyal Bilimler Dergisi,2012,"Baki, A",apa,"Karma yöntem araştırmalarına genel bir bakış Baki, A Elektronik Sosyal Bilimler Dergisi 2012","Baki, A. & Gökçek, T. (2012). Karma yöntem araştırmalarına genel bir bakış. Elektronik Sosyal Bilimler Dergisi, 11(42): 1-21."
481,1264523,20689052,83,Anne psikopatolojisi ve aile işlevselliğinin ergenlerin intihar niyeti ve davranışı üzerine etkisi [in Turkish],Çocuk Sağlığı Hastalıkları Derg,2018,"Dinç GŞ, Şahin M, Bilgili D",vancouver,"Anne psikopatolojisi ve aile işlevselliğinin ergenlerin intihar niyeti ve davranışı üzerine etkisi [in Turkish] Dinç GŞ, Şahin M, Bilgili D Çocuk Sağlığı Hastalıkları Derg 2018","83. Dinç GŞ, Şahin M, Bilgili D, et al. Anne psikopatolojisi ve aile işlevselliğinin ergenlerin intihar niyeti ve davranışı üzerine etkisi [in Turkish]. Çocuk Sağlığı Hastalıkları Derg. 2018;61(1):11-18."
498,1230858,20182070,17,Ön lisans muhasebe öğrencilerinin kariyer planlamasini etkileyen unsurlar: Ege bölgesinde bir araştırma,Muhasebe Bilim Dünyası Dergisi,2010,"Özdemir, S",apa,"Ön lisans muhasebe öğrencilerinin kariyer planlamasini etkileyen unsurlar: Ege bölgesinde bir araştırma Özdemir, S Muhasebe Bilim Dünyası Dergisi 2010","Özdemir, S. (2010). Ön lisans muhasebe öğrencilerinin kariyer planlamasini etkileyen unsurlar: Ege bölgesinde bir araştırma. Muhasebe Bilim Dünyası Dergisi, 12(2), 103–121."
509,1212126,20058648,26,‘Târîhu tetavvüri,l-ʿakâid ve’l-fıkh ʿinde’z-Zeydiyye,2011,"Mahatvarî, Murtaza b",quoted,"‘Târîhu tetavvüri Mahatvarî, Murtaza b l-ʿakâid ve’l-fıkh ʿinde’z-Zeydiyye 2011","Mahatvarî, Murtaza b. Zeyd. ‘‘Târîhu tetavvüri’l-ʿakâid ve’l-fıkh ʿinde’z-Zeydiyye”. İslâmî İlimler Dergisi (Zeydiyye sayısı) VI/1 (2011), 9-40."
553,1163053,16155944,24,"Antibacterial activities of fruticose lichens collected from selected sites in Luzon Island, Philippines",Philipp Sci Lett,2010,"Santiago KKA, Borricano JNC, Canal JN, Marcelo DMA, Perez MCP, Dela Cruz TEE",vancouver,"Antibacterial activities of fruticose lichens collected from selected sites in Luzon Island, Philippines Santiago KKA, Borricano JNC, Canal JN, Marcelo DMA, Perez MCP, Dela Cruz TEE Philipp Sci Lett 2010","Santiago KKA, Borricano JNC, Canal JN, Marcelo DMA, Perez MCP, Dela Cruz TEE. Antibacterial activities of fruticose lichens collected from selected sites in Luzon Island, Philippines. Philipp Sci Lett 2010; 3: 18-29."
598,1357591,24914429,22,Çimento ve Tekstil Sektörlerinde Etkinlik Çalışması ve Veri Zarflama Analizi,Dokuz Eylül Üniversitesi Sosyal Bilimler Enstitüsü Dergisi,2004,"Kayalıdere, K",apa,"Çimento ve Tekstil Sektörlerinde Etkinlik Çalışması ve Veri Zarflama Analizi Kayalıdere, K Dokuz Eylül Üniversitesi Sosyal Bilimler Enstitüsü Dergisi 2004","Kayalıdere, K. & Kargın, S. (2004). Çimento ve Tekstil Sektörlerinde Etkinlik Çalışması ve Veri Zarflama Analizi. Dokuz Eylül Üniversitesi Sosyal Bilimler Enstitüsü Dergisi, 6(1), 196-219."
623,1278168,21436106,29,The effect of sustainability reporting on financial performance: An empirical study using listed companies,Journal of Asia Entrepreneurship and Sustainability,2010,"Reddy, K & Gordon, L.W",apa,"The effect of sustainability reporting on financial performance: An empirical study using listed companies Reddy, K & Gordon, L.W Journal of Asia Entrepreneurship and Sustainability 2010","[30]Reddy, K & Gordon, L.W. (2010). The effect of sustainability reporting on financial performance: An empirical study using listed companies. Journal of Asia Entrepreneurship and Sustainability, 6(2), 19-42."
624,1209108,19667911,21,,,1996,,unparsed,,"Britz, Johannes, Jacobus. (1996). “Technology as a Threat To Privacy: Ethical Challen- ges to the Information Profession”, Microcomputers for Information Management, 13, 3-4, ss.175-93."
627,1232718,19396517,26,Dijital Pazarlama Süreçlerine Kurum Çalışanlarının Katılımı: Trendyol Tech Podcast Serisi Üzerine Bir Değerlendirme,Uluslararası Halkla İlişkiler ve Reklam Çalışmaları Dergisi,2023,"Ergül, E",apa,"Dijital Pazarlama Süreçlerine Kurum Çalışanlarının Katılımı: Trendyol Tech Podcast Serisi Üzerine Bir Değerlendirme Ergül, E Uluslararası Halkla İlişkiler ve Reklam Çalışmaları Dergisi 2023","Ergül, E. (2023). Dijital Pazarlama Süreçlerine Kurum Çalışanlarının Katılımı: Trendyol Tech Podcast Serisi Üzerine Bir Değerlendirme. Uluslararası Halkla İlişkiler ve Reklam Çalışmaları Dergisi, 6(2), 75-98."
628,1232718,19396528,37,Private talk in the public sphere: Podcasting as broadcast talk,"Communication, Politics & Culture",2009,"Jarret, K",apa,"Private talk in the public sphere: Podcasting as broadcast talk Jarret, K Communication, Politics & Culture 2009","Jarret, K. (2009). Private talk in the public sphere: Podcasting as broadcast talk. Communication, Politics & Culture, 42(2), 116-135."
633,1214153,18883924,49,Determination of the level of efficiency of training and research hospital in Turkey with pabon lasso and data envelopment analysis,Hacettepe Sağlık İdaresi Dergisi,2020,"Taşkaya, S",apa,"Determination of the level of efficiency of training and research hospital in Turkey with pabon lasso and data envelopment analysis Taşkaya, S Hacettepe Sağlık İdaresi Dergisi 2020","Taşkaya, S. (2020). Determination of the level of efficiency of training and research hospital in Turkey with pabon lasso and data envelopment analysis. Hacettepe Sağlık İdaresi Dergisi, 23(1), 247-260."
648,1241426,19729665,36,,,2014,,unparsed,,"Yalçın Balçık, P., Taşkaya, S., & Şahin, B. (2014). Sağlık okur-yazarlığı, 13(4):321-326."
665,1226160,19038052,33,Evidence and implications of extensive groundwater overdraft-induced land subsidence in Greece,European Water,2013,"Paleologos, E., & Mertikas, S",apa,"Evidence and implications of extensive groundwater overdraft-induced land subsidence in Greece Paleologos, E., & Mertikas, S European Water 2013","Paleologos, E., & Mertikas, S. (2013). Evidence and implications of extensive groundwater overdraft-induced land subsidence in Greece. European Water, 43, 3–11."
670,1284386,21664998,3,Hemşirelik uygulamalarında araştırma sonuçlarının kullanımında engeller,Florence Nightingale Journal of Nursing,2010,"Ayık, S., Öztürk, A., Kaya, N., Uygur, E",apa,"Hemşirelik uygulamalarında araştırma sonuçlarının kullanımında engeller Ayık, S., Öztürk, A., Kaya, N., Uygur, E Florence Nightingale Journal of Nursing 2010","Ayık, S., Öztürk, A., Kaya, N., Uygur, E. & Cengiz, A. (2010). Hemşirelik uygulamalarında araştırma sonuçlarının kullanımında engeller. Florence Nightingale Journal of Nursing, 18(3), 144-155."
676,1199489,17914564,11,Language models are few-shot learners,Advances in neural information processing systems,2020,"Brown, T., Mann, B., Ryder, N., Subbiah, M., Kaplan, J",apa,"Language models are few-shot learners Brown, T., Mann, B., Ryder, N., Subbiah, M., Kaplan, J Advances in neural information processing systems 2020","[11] Brown, T., Mann, B., Ryder, N., Subbiah, M., Kaplan, J. D., Dhariwal, P., ... & Amodei, D. (2020). Language models are few-shot learners. Advances in neural information processing systems, 33, 1877-1901."
684,1171277,16498284,52,Effect of refrigerated storage on fillet lipid quality of rainbow trout (Oncorhynchus mykiss W.) fed a diet containing different levels of DL α-tocophrol acetate,Turkish J Vet Anim Sci,2006,"Yıldız M, Şener E, Gün H",loose_year,"Effect of refrigerated storage on fillet lipid quality of rainbow trout (Oncorhynchus mykiss W.) fed a diet containing different levels of DL α-tocophrol acetate Yıldız M, Şener E, Gün H Turkish J Vet Anim Sci 2006","Yıldız M, Şener E, Gün H. 2006. Effect of refrigerated storage on fillet lipid quality of rainbow trout (Oncorhynchus mykiss W.) fed a diet containing different levels of DL α-tocophrol acetate. Turkish J Vet Anim Sci, 30: 143-150."
707,1224320,19337182,13,Z kuşağının dijital teknolojiye yönelik tutumları,Gümüshane Üniversitesi Sosyal Bilimler Enstitüsü Elektronik Dergisi,2019,"Erten, P",apa,"Z kuşağının dijital teknolojiye yönelik tutumları Erten, P Gümüshane Üniversitesi Sosyal Bilimler Enstitüsü Elektronik Dergisi 2019","Erten, P. (2019). Z kuşağının dijital teknolojiye yönelik tutumları. Gümüshane Üniversitesi Sosyal Bilimler Enstitüsü Elektronik Dergisi, 10(1), 190–202."
722,1354587,24787496,9,Hastane işletmelerinde içsel pazarlama yaklaşımının iş tatmini ve örgütsel bağlılık üzerine etkisi: Isparta ili örneği,*Hacettepe Sağlık İdaresi Dergisi*,2010,"(9) Büyüker İşler, D., & Özdemir, Ş",apa,"Hastane işletmelerinde içsel pazarlama yaklaşımının iş tatmini ve örgütsel bağlılık üzerine etkisi: Isparta ili örneği (9) Büyüker İşler, D., & Özdemir, Ş *Hacettepe Sağlık İdaresi Dergisi* 2010","(9) Büyüker İşler, D., & Özdemir, Ş. (2010). Hastane işletmelerinde içsel pazarlama yaklaşımının iş tatmini ve örgütsel bağlılık üzerine etkisi: Isparta ili örneği. *Hacettepe Sağlık İdaresi Dergisi*, 13(2), 115-142."
725,1374156,25582116,31,Kültürel Sinerji: Uluslararası İşletmelere Yönelik Kavramsal Bir İrdeleme. Akdeniz Üniversitesi İ.İ.B.F,Dergisi,2003,"Ehtiyar, R",apa,"Kültürel Sinerji: Uluslararası İşletmelere Yönelik Kavramsal Bir İrdeleme. Akdeniz Üniversitesi İ.İ.B.F Ehtiyar, R Dergisi 2003","Ehtiyar, R. (2003). Kültürel Sinerji: Uluslararası İşletmelere Yönelik Kavramsal Bir İrdeleme. Akdeniz Üniversitesi İ.İ.B.F. Dergisi, 3(5), 66-78."
729,1374156,25582164,79,,,2008,,unparsed,,"Sürgevil, O. (2008). Farklılık Kavramına ve Farklılıkların Yönetimine Temel Oluşturan Sosyo-psikolojik Kuramlar ve Yaklaşımlar, Balıkesir Üniversitesi Sosyal Bilimler Enstitüsü Dergisi, 11(20), 111-124."
730,1374156,25582168,83,"(2018), Göç, Sosyal Değişme ve Din",Diyanet Dergisi,2018,"Taştan, A",volume_pages,"(2018), Göç, Sosyal Değişme ve Din Taştan, A Diyanet Dergisi 2018","Taştan, A. (2018), Göç, Sosyal Değişme ve Din. Diyanet Dergisi, 328, 10-13."
732,1374156,25582182,97,21. Yüzyılın Küresel Örgütleri İçin Kültürel Zekâ. Ç.Ü,Sosyal Bilimler Enstitüsü Dergisi,2010,"Yeşil, S",apa,"21. Yüzyılın Küresel Örgütleri İçin Kültürel Zekâ. Ç.Ü Yeşil, S Sosyal Bilimler Enstitüsü Dergisi 2010","Yeşil, S. (2010). 21. Yüzyılın Küresel Örgütleri İçin Kültürel Zekâ. Ç.Ü. Sosyal Bilimler Enstitüsü Dergisi, 19(2), 147 – 168."
757,1194699,17600528,9,Are of osteomeatal complex variations related to nasolacrimal canal morphometry,Iran J Otorhinolaryngol,2022,"Khojastepour L, Dokohaki S, Paknahad M",vancouver,"Are of osteomeatal complex variations related to nasolacrimal canal morphometry Khojastepour L, Dokohaki S, Paknahad M Iran J Otorhinolaryngol 2022","9. Khojastepour L, Dokohaki S, Paknahad M. Are of osteomeatal complex variations related to nasolacrimal canal morphometry. Iran J Otorhinolaryngol. 2022;34:17–26."
791,1279484,21381409,65,Measurement and evaluation of satisfaction process in retail setting,Journal of Retailing,1981,"Oliver, R",apa,"Measurement and evaluation of satisfaction process in retail setting Oliver, R Journal of Retailing 1981","Oliver, R. L. (1981). Measurement and evaluation of satisfaction process in retail setting. Journal of Retailing, 57(3), 25-48."
827,1238691,19622921,72,Sanayi Alanları Düzenleme Stratejileri-İstanbul Örneği,"İTÜ Dergisi/a: Mimarlık, Planlama, Tasarım",2003,"Yüzer, A",apa,"Sanayi Alanları Düzenleme Stratejileri-İstanbul Örneği Yüzer, A İTÜ Dergisi/a: Mimarlık, Planlama, Tasarım 2003","Yüzer, A. Ş., ve Giritlioğlu, C. (2003). Sanayi Alanları Düzenleme Stratejileri-İstanbul Örneği. İTÜ Dergisi/a: Mimarlık, Planlama, Tasarım, 2(1), 119-127."
841,1264798,20700255,8,Reliability and validity of the standardized mini mental state examination in the diagnosis of mild dementia in Turkish population,Turk Psikiyatri Derg,2002,"Gungen C, Ertan T, Eker E, Yasar R, Engin F",vancouver,"Reliability and validity of the standardized mini mental state examination in the diagnosis of mild dementia in Turkish population Gungen C, Ertan T, Eker E, Yasar R, Engin F Turk Psikiyatri Derg 2002","8. Gungen C, Ertan T, Eker E, Yasar R, Engin F. Reliability and validity of the standardized mini mental state examination in the diagnosis of mild dementia in Turkish population. Turk Psikiyatri Derg 2002; 13:273-281. [Turkish]"
845,1284850,21688021,42,İstanbul’da Yaşlılık ve Yaşlılığın Yapısal Değişim,Yıldız Sosyal Bilimler Enstitüsü Dergisi,2018,"Müftüler, H",apa,"İstanbul’da Yaşlılık ve Yaşlılığın Yapısal Değişim Müftüler, H Yıldız Sosyal Bilimler Enstitüsü Dergisi 2018","Müftüler, H. (2018). İstanbul’da Yaşlılık ve Yaşlılığın Yapısal Değişim. Yıldız Sosyal Bilimler Enstitüsü Dergisi, 2(1), 58-80."
862,1298874,23246682,38,Mobbing ve çalışan performansı arasındaki ilişkiyi belirlemeye yönelik bir araştırma,Journal of Academıc Approaches,2016,Duman Ç,vancouver,Mobbing ve çalışan performansı arasındaki ilişkiyi belirlemeye yönelik bir araştırma Duman Ç Journal of Academıc Approaches 2016,"Duman Ç. M., Akdemir B. Mobbing ve çalışan performansı arasındaki ilişkiyi belirlemeye yönelik bir araştırma. Journal of Academıc Approaches. 2016;7:29–52."
886,1285611,21734771,19,Investigating the effectiveness of virtual labs in engineering education: A case study of chemical engineering courses,Journal of Chemical Engineering Education,2022,"Wang, Y., & Jiang, F",apa,"Investigating the effectiveness of virtual labs in engineering education: A case study of chemical engineering courses Wang, Y., & Jiang, F Journal of Chemical Engineering Education 2022","Wang, Y., & Jiang, F. (2022). Investigating the effectiveness of virtual labs in engineering education: A case study of chemical engineering courses. Journal of Chemical Engineering Education, 56(3), 267-281."
897,1343427,24349111,51,Rough Set Model for Discovering Hybrid Association Rules,International Journal of Computer Science and Network Security (IJCSNS,2009,"Pandey, A",apa,"Rough Set Model for Discovering Hybrid Association Rules Pandey, A International Journal of Computer Science and Network Security (IJCSNS 2009","Pandey, A. & Pardasani, K.R. (2009). Rough Set Model for Discovering Hybrid Association Rules. International Journal of Computer Science and Network Security (IJCSNS), 9(6), 159-164."
907,1232495,19545887,22,Hastaların hemşirelik bakımını algılayış düzeylerinin belirlenmesi,Göller Bölgesi Aylık Hakemli Ekonomi ve Kültür Dergisi,2018,"Yılmaz F, Şentürk S, Yalçın P, Başoğlu S",vancouver,"Hastaların hemşirelik bakımını algılayış düzeylerinin belirlenmesi Yılmaz F, Şentürk S, Yalçın P, Başoğlu S Göller Bölgesi Aylık Hakemli Ekonomi ve Kültür Dergisi 2018","22. Yılmaz F, Şentürk S, Yalçın P, Başoğlu S. Hastaların hemşirelik bakımını algılayış düzeylerinin belirlen- mesi. Göller Bölgesi Aylık Hakemli Ekonomi ve Kültür Dergisi. 2018;5(59):61-66."
910,1193991,17572838,4,Wavelet transform based classification of invasive brain computer interface data,Radioengineering,2011,"Aydemir, O., & Kayikcioglu, T",apa,"Wavelet transform based classification of invasive brain computer interface data Aydemir, O., & Kayikcioglu, T Radioengineering 2011","Aydemir, O., & Kayikcioglu, T. (2011). Wavelet transform based classification of invasive brain computer interface data. Radioengineering, 20, 31-38."
930,1279858,21406487,25,Sosyal Sermayenin Hizmet İnovasyonu Üzerine Etkisinde Bilgi Paylaşımının Aracılık Rolü: Otel İşletmeleri Üzerine Bir Araştırma,Turizm Akademik Dergisi,2019,"Çöp, S",apa,"Sosyal Sermayenin Hizmet İnovasyonu Üzerine Etkisinde Bilgi Paylaşımının Aracılık Rolü: Otel İşletmeleri Üzerine Bir Araştırma Çöp, S Turizm Akademik Dergisi 2019","Çöp, S. ve Topcu, M. (2019). Sosyal Sermayenin Hizmet İnovasyonu Üzerine Etkisinde Bilgi Paylaşımının Aracılık Rolü: Otel İşletmeleri Üzerine Bir Araştırma. Turizm Akademik Dergisi, 6(1), 31-48."
931,1279858,21406539,77,Örgütsel Bağlılık ile Örgütsel Sapma Davranışı Arasındaki İlişki: Banka Çalışanlarına Yönelik Bir Araştırma,Economics Business and Organization Research,2019,"Uğur, S",apa,"Örgütsel Bağlılık ile Örgütsel Sapma Davranışı Arasındaki İlişki: Banka Çalışanlarına Yönelik Bir Araştırma Uğur, S Economics Business and Organization Research 2019","Uğur, S. S. (2019). Örgütsel Bağlılık ile Örgütsel Sapma Davranışı Arasındaki İlişki: Banka Çalışanlarına Yönelik Bir Araştırma. Economics Business and Organization Research, 1(1), 85-96."
945,1207223,18308748,2,,,2010,,unparsed,,"AACC, (2010). Approved Methods of Analysis, 11th Ed. Methods 10-52, 10-54, and 56-11. Available online only. AACC International: St. Paul, MN."
963,1325200,23602967,4,,,2010,,unparsed,,"Avcı, Raşit - Güçray Sonay, Songül. “Şiddet Davranışı Gösteren ve Göstermeyen Ergenlerin Ailelerinin Aile İşlevleri, Öfke ve Öfke İfade Tarzları Açısından İncelenmesi”. Kuram ve Uygulamada Eğitim Bilimleri 10/1 (2010), 45-76."
968,1371071,25469837,52,Eğitim alanında eylem araştırmaları,Kocaeli Üniversitesi Sosyal Bilimler Dergisi,2016,"Tezcan, Ö., Ada, S",apa,"Eğitim alanında eylem araştırmaları Tezcan, Ö., Ada, S Kocaeli Üniversitesi Sosyal Bilimler Dergisi 2016","Tezcan, Ö., Ada, S. ve Baysal, Z. N. (2016). Eğitim alanında eylem araştırmaları. Kocaeli Üniversitesi Sosyal Bilimler Dergisi, 32, 133–148."
983,1200617,17899190,14,Theorien und Konzepte zu Agilität in Organisationen,In: Dresdner Beiträge zur Wirtschaftsinfor-matik,2014,"Förster K, Wendler R",vancouver,"Theorien und Konzepte zu Agilität in Organisationen Förster K, Wendler R In: Dresdner Beiträge zur Wirtschaftsinfor-matik 2014","[14] Förster K, Wendler R. Theorien und Konzepte zu Agilität in Organisationen. In: Dresdner Beiträge zur Wirtschaftsinfor-matik. 2014; 12: 2-20."
989,1378079,25706245,3,"Neurological Disorders Collaborator Group. Global, regional, and national burden of neurological disorders during 1990-2015: a systematic analysis for the Global Burden of Disease Study 2015. Lancet Neurol",2017 Nov,2015,GBD,loose_year,"Neurological Disorders Collaborator Group. Global, regional, and national burden of neurological disorders during 1990-2015: a systematic analysis for the Global Burden of Disease Study 2015. Lancet Neurol GBD 2017 Nov 2015","3.GBD 2015 Neurological Disorders Collaborator Group. Global, regional, and national burden of neurological disorders during 1990-2015: a systematic analysis for the Global Burden of Disease Study 2015. Lancet Neurol. 2017 Nov;16(11):877-897. [Crossref]"
1008,1189909,17316108,40,,,2005,,unparsed,,"İnalcık, H. ve Arı, B. (2005). “Türk-İslam-Osmanlı Şehirciliği ve Halil İnalcık'ın Çalışmaları”, Türkiye Araştırmaları Literatür Dergisi, 3(6), 27-56."
1021,1270447,20948084,19,Evaluation of the effects of self-care capacity on healthy life style behaviors in risky pregnant,Perinatal Journal,2007,"Karaca Saydam, B., Bozkurt, O",apa,"Evaluation of the effects of self-care capacity on healthy life style behaviors in risky pregnant Karaca Saydam, B., Bozkurt, O Perinatal Journal 2007","Karaca Saydam, B., Bozkurt, O. D., Hadımlı, A. P., Can, H. O., & Soğukpınar, N. (2007). Evaluation of the effects of self-care capacity on healthy life style behaviors in risky pregnant. Perinatal Journal, 15(3), 131-139."
1023,1160014,16027351,8,Modernleşme dönemi Türk romanında evden kaçan ve eve sığınan kadınlar,Electronic Turkish Studies,2013,"Karaca, Ş",apa,"Modernleşme dönemi Türk romanında evden kaçan ve eve sığınan kadınlar Karaca, Ş Electronic Turkish Studies 2013","Karaca, Ş. (2013). Modernleşme dönemi Türk romanında evden kaçan ve eve sığınan kadınlar. Electronic Turkish Studies, 8(1), 1817-1827."
1060,1191520,17428527,14,Yeni nesil web paradigması: Web 4.0,Bilgisayar Bilimleri ve Teknolojileri Dergisi,2020,"Ersöz, B",apa,"Yeni nesil web paradigması: Web 4.0 Ersöz, B Bilgisayar Bilimleri ve Teknolojileri Dergisi 2020","Ersöz, B. (2020). Yeni nesil web paradigması: Web 4.0. Bilgisayar Bilimleri ve Teknolojileri Dergisi, 1(2), 58-65."
1070,1328609,23748898,35,,,2011,,unparsed,,"Karadeniz, E. & Ö. İskenderoğlu (2011), “İstanbul menkul kıymetler borsası’nda işlem gören turizm işletmelerinin aktif karlılığını etkileyen değişkenlerin analizi”, Anatolia: Turizm Araştırmaları Dergisi, 22(1), 65-75."
1080,1368301,25371578,43,,,2021,,unparsed,,"Sayar, S., Şeyihoğlu, A., Şimşek, P., Saraç, H., & Gündüz, A. (2021). Türkiye’de 1900-2021 yılları arasında görülen doğal afetler. İ. Güneş ve A.G. Çelik (Edt.), 4, 113-119."
1081,1368301,25371583,48,Afet yönetimi eğitimi niçin gerekli?,Erciyes Üniversitesi Sosyal Bilimler Enstitüsü Dergisi,2019,"Şengün, H., & Küçükşen, M",apa,"Afet yönetimi eğitimi niçin gerekli? Şengün, H., & Küçükşen, M Erciyes Üniversitesi Sosyal Bilimler Enstitüsü Dergisi 2019","Şengün, H., & Küçükşen, M. (2019). Afet yönetimi eğitimi niçin gerekli?. Erciyes Üniversitesi Sosyal Bilimler Enstitüsü Dergisi, 33(46), 193-211."
1100,1281361,21490062,53,Büyümenin izlenmesi ve büyüme duraklaması,Turk Çocuk Hastalıkları Derg,2011,"İnce OT, Kondolot M, Yalçın SS",vancouver,"Büyümenin izlenmesi ve büyüme duraklaması İnce OT, Kondolot M, Yalçın SS Turk Çocuk Hastalıkları Derg 2011","54. İnce OT, Kondolot M, Yalçın SS. Büyümenin izlenmesi ve büyüme duraklaması. Turk Çocuk Hastalıkları Derg. 2011;5(3):181-192."
1139,1328845,23757725,14,Okul yöneticileri nasıl konuşuyor? Öğretmenlerin gözünden bir değerlendirme,Uluslararası Yönetim ve Sosyal Araştırmalar Dergisi,2022,"Boyacıoğlu, B., & Güneyli, A",apa,"Okul yöneticileri nasıl konuşuyor? Öğretmenlerin gözünden bir değerlendirme Boyacıoğlu, B., & Güneyli, A Uluslararası Yönetim ve Sosyal Araştırmalar Dergisi 2022","Boyacıoğlu, B., & Güneyli, A. (2022). Okul yöneticileri nasıl konuşuyor? Öğretmenlerin gözünden bir değerlendirme. Uluslararası Yönetim ve Sosyal Araştırmalar Dergisi, 9(18), 27-50."
1140,1328845,23757728,17,Okul yöneticilerinin okul içi tutum ve davranışlarının öğretmenlerin sınıf yönetimi başarısına etkisi,Eğitim ve Öğretim Araştırmaları Dergisi,2023,"Can, E., & Çınar, C",apa,"Okul yöneticilerinin okul içi tutum ve davranışlarının öğretmenlerin sınıf yönetimi başarısına etkisi Can, E., & Çınar, C Eğitim ve Öğretim Araştırmaları Dergisi 2023","Can, E., & Çınar, C. (2023). Okul yöneticilerinin okul içi tutum ve davranışlarının öğretmenlerin sınıf yönetimi başarısına etkisi. Eğitim ve Öğretim Araştırmaları Dergisi, 12(2), 53-67."
1152,1339083,24959316,27,Plasma melatonin levels in psoriasis,Acta Derm Venereol,1988,"Mozzanica N, Tadini G, Radaelli A, Negri M, Pigatto P, Morelli M, Frigerio U, Finzi A, Esposti G, Rossi D",vancouver,"Plasma melatonin levels in psoriasis Mozzanica N, Tadini G, Radaelli A, Negri M, Pigatto P, Morelli M, Frigerio U, Finzi A, Esposti G, Rossi D Acta Derm Venereol 1988","[27] Mozzanica N, Tadini G, Radaelli A, Negri M, Pigatto P, Morelli M, Frigerio U, Finzi A, Esposti G, Rossi D. Plasma melatonin levels in psoriasis. Acta Derm Venereol. 1988;68(4):312-316."
1157,1388951,26065102,24,Engelli çocuğu olan annelerin sürekli kaygı düzeyleri ile sosyal destek algıları arasındaki ilişki,Ahi Evran Üniversitesi Kırşehir Eğitim Fakültesi Dergisi,2009,"Coşkun Y, Akkaş G",vancouver,"Engelli çocuğu olan annelerin sürekli kaygı düzeyleri ile sosyal destek algıları arasındaki ilişki Coşkun Y, Akkaş G Ahi Evran Üniversitesi Kırşehir Eğitim Fakültesi Dergisi 2009","24. Coşkun Y, Akkaş G. Engelli çocuğu olan annelerin sürekli kaygı düzeyleri ile sosyal destek algıları arasındaki ilişki. Ahi Evran Üniversitesi Kırşehir Eğitim Fakültesi Dergisi. 2009;10(1):213-227."
1161,1327175,23677869,15,,,2013,,unparsed,,"Stuck, A. E., Iliffe, S., and Harari, D. (2013) “Comprehensive Geriatric Assessment: Towards Understanding Its Effectiveness”, Age and Ageing, 42(4), 488-493."
1169,1333707,23972195,11,"Medication errors with the use of allopurinol and colchicine: a retrospective study of a national, anonymous Internetaccessible error reporting system",The Journal of Rheumatology,2006,"Mikuls TR, Curtis JR, Allison JJ, Hicks RW, Saag KG",vancouver,"Medication errors with the use of allopurinol and colchicine: a retrospective study of a national, anonymous Internetaccessible error reporting system Mikuls TR, Curtis JR, Allison JJ, Hicks RW, Saag KG The Journal of Rheumatology 2006","11. Mikuls TR, Curtis JR, Allison JJ, Hicks RW, Saag KG. Medication errors with the use of allopurinol and colchicine: a retrospective study of a national, anonymous Internet- accessible error reporting system. The Journal of Rheumatology 2006; 33: 562-566."
1194,1264144,20670037,17,,,2007,,unparsed,,"Efendioğlu, A. & Sezgin, E. (2007). E-Devlet uygulamalarında bilgi ve paylaşım güvenliği, Journal of Çukurova University Institute of Social Sciences, 16 (2), 219-236."
1197,1292790,22048751,48,,,2019,,unparsed,,"Qureshia, M. H. ve Abbas, K. (2019). Performance Analysis of Islamic and Traditional Banks of Pakistan. International Journal of Economics Management and Accounting. 27(1): 83-104."
1207,1247089,22942537,32,Tarım ilaçları kullanımı ve riskleri,Erciyes Üniversitesi Fen Bilimleri Enstitüsü Fen Bilimleri Dergisi,2010,"Tiryaki, O., Canhilal, R., & Horuz, S",apa,"Tarım ilaçları kullanımı ve riskleri Tiryaki, O., Canhilal, R., & Horuz, S Erciyes Üniversitesi Fen Bilimleri Enstitüsü Fen Bilimleri Dergisi 2010","Tiryaki, O., Canhilal, R., & Horuz, S. (2010). Tarım ilaçları kullanımı ve riskleri. Erciyes Üniversitesi Fen Bilimleri Enstitüsü Fen Bilimleri Dergisi, 26(2), 154-169."
1208,1322965,23513021,59,Dijital kültür alanındaki araştırmaların bilimsel haritalama tekniği ile bibliyometrik analizi [Scientific mapping and bibliometric analysis of the research in the field of digital culture],Journal of Emerging Economies and Policy,2023,"Sancar, E",apa,"Dijital kültür alanındaki araştırmaların bilimsel haritalama tekniği ile bibliyometrik analizi [Scientific mapping and bibliometric analysis of the research in the field of digital culture] Sancar, E Journal of Emerging Economies and Policy 2023","Sancar, E. (2023a). Dijital kültür alanındaki araştırmaların bilimsel haritalama tekniği ile bibliyometrik analizi [Scientific mapping and bibliometric analysis of the research in the field of digital culture]. Journal of Emerging Economies and Policy, 8(2), 247–260."
1233,1300777,22402226,34,,,2013,,unparsed,,"Saeed, M.M., Gull, A.A., & Rasheed, M.Y. (2013). “Impact of capital structure on bank performance: A case study of Pakistan”, Interdisciplinary Journal of Contemporary Research in Business, 4(10), 393-403."
1234,1300777,22402229,37,,,2001,,unparsed,,"Svitek, I.M. (2001). “Functions of bank capital”, Nẩrodnẩ Banka Slovenska, 9(5), 37-40."
1242,1331702,23886868,26,Perancangan Sistem Pendukung Keputusan Pemilihan Kepala Sekolah Terbaik Tingkat Kabupaten Labuahan Batu Utara Menggunakan Metode Analytic Hierarchy Process (Ahp)(Studi Kasus Dinas Pendidikan Aek Natas),Informasi dan Teknologi Ilmiah (INTI,2019,"Romadona, D",apa,"Perancangan Sistem Pendukung Keputusan Pemilihan Kepala Sekolah Terbaik Tingkat Kabupaten Labuahan Batu Utara Menggunakan Metode Analytic Hierarchy Process (Ahp)(Studi Kasus Dinas Pendidikan Aek Natas) Romadona, D Informasi dan Teknologi Ilmiah (INTI 2019","Romadona, D. (2019). Perancangan Sistem Pendukung Keputusan Pemilihan Kepala Sekolah Terbaik Tingkat Kabupaten Labuahan Batu Utara Menggunakan Metode Analytic Hierarchy Process (Ahp)(Studi Kasus Dinas Pendidikan Aek Natas). Informasi dan Teknologi Ilmiah (INTI), 7(1), 29-31."
1257,1233417,19420851,3,Examining the academic and professional future concerns of students attending secondary education institutions,"İstanbul Sabahattin Zaim Üniversitesi, Sosyal Bilimler Enstitüsü",2013,"Aydın, O., & Çiftel, N",apa,"Examining the academic and professional future concerns of students attending secondary education institutions Aydın, O., & Çiftel, N İstanbul Sabahattin Zaim Üniversitesi, Sosyal Bilimler Enstitüsü 2013","Aydın, O., & Çiftel, N. (2013). Examining the academic and professional future concerns of students attending secondary education institutions. İstanbul Sabahattin Zaim Üniversitesi, Sosyal Bilimler Enstitüsü, 2(3), 129-166."
1264,1210907,18424181,17,,,2019,,unparsed,,"İlyasoğlu, H., Yılmaz, F. (2019). Preliminary investigation of yoghurt enriched with hazelnut milk. International Food Research Journal. 26(2): 631- 637."
1266,1280834,21466627,50,Kentsel Dönüşüm Projelerinde Deprem Etkisi,Harita Teknolojileri Elektronik Dergisi,2014,"Uslu, G., Uzun, B",apa,"Kentsel Dönüşüm Projelerinde Deprem Etkisi Uslu, G., Uzun, B Harita Teknolojileri Elektronik Dergisi 2014","Uslu, G., Uzun, B. (2014). Kentsel Dönüşüm Projelerinde Deprem Etkisi. Harita Teknolojileri Elektronik Dergisi, 6(2), 1-11."
1277,1302065,22460373,3,,,2009,,unparsed,,"Adalıoğlu, H. H. (2009). Siyasetnâme. TDV İslâm Ansiklopedisi, 37, 304-306."
1278,1302065,22460409,39,,,2006,,unparsed,,"İpşirli, M. (2006). Naîmâ. TDV İslâm Ansiklopedisi, 32, 316-318."
1291,1229305,19204783,17,COVID-19 pandemisi döneminde uzaktan eğitim veren öğretmenlerin çalışma koşulları ve algıladıkları stres ile psikolojik iyi oluşları arasındaki ilişki,MSGSÜ Sosyal Bilimler Dergisi,2020,"Karadeniz, G., & Zabcı, N",apa,"COVID-19 pandemisi döneminde uzaktan eğitim veren öğretmenlerin çalışma koşulları ve algıladıkları stres ile psikolojik iyi oluşları arasındaki ilişki Karadeniz, G., & Zabcı, N MSGSÜ Sosyal Bilimler Dergisi 2020","Karadeniz, G., & Zabcı, N. (2020). COVID-19 pandemisi döneminde uzaktan eğitim veren öğretmenlerin çalışma koşulları ve algıladıkları stres ile psikolojik iyi oluşları arasındaki ilişki. MSGSÜ Sosyal Bilimler Dergisi, 2(22), 301-314."
1299,1266556,20808851,16,"Türkiye üniversitelerinde coğrafya eğitimi, amaç, yeni hedefler, sorunlar ve öneriler",Ege Coğrafya Dergisi,2000,"Kayan, İ",apa,"Türkiye üniversitelerinde coğrafya eğitimi, amaç, yeni hedefler, sorunlar ve öneriler Kayan, İ Ege Coğrafya Dergisi 2000","Kayan, İ. (2000). Türkiye üniversitelerinde coğrafya eğitimi, amaç, yeni hedefler, sorunlar ve öneriler. Ege Coğrafya Dergisi, 11, 7-22."
1307,1278587,21462912,27,Determination of the agronomic performances of some oilseed sunflower (Helianthus annuus L.) hybrids grown under Erzurum ecological conditions,The Turkish Journal of Agriculture and Forestry,2003,"Özer H, Öztürk E, Polat T",apa,"Determination of the agronomic performances of some oilseed sunflower (Helianthus annuus L.) hybrids grown under Erzurum ecological conditions Özer H, Öztürk E, Polat T The Turkish Journal of Agriculture and Forestry 2003","Özer H, Öztürk E, Polat T (2003). Determination of the agronomic performances of some oilseed sunflower (Helianthus annuus L.) hybrids grown under Erzurum ecological conditions. The Turkish Journal of Agriculture and Forestry, 27:199-205."
1328,1354571,24786705,33,Banka Çalışanlarının İşten Ayrılma Niyetleri Üzerinde Etkili Olan Faktörlere Yönelik Bir Araştırma: Muğla İli Örneği,Mehmet Akif Ersoy Üniversitesi Vizyoner Dergisi,2015,"(33) Taslak, S",apa,"Banka Çalışanlarının İşten Ayrılma Niyetleri Üzerinde Etkili Olan Faktörlere Yönelik Bir Araştırma: Muğla İli Örneği (33) Taslak, S Mehmet Akif Ersoy Üniversitesi Vizyoner Dergisi 2015","(33) Taslak, S. (2015). Banka Çalışanlarının İşten Ayrılma Niyetleri Üzerinde Etkili Olan Faktörlere Yönelik Bir Araştırma: Muğla İli Örneği. Mehmet Akif Ersoy Üniversitesi Vizyoner Dergisi, 7(12), 145-160."
1334,1192697,17744943,15,İnsan Kaynakları Yönetiminde Eğitim ve Geliştirmenin Önemi,Journal of Azerbaijani,2007,"Muradova, T",apa,"İnsan Kaynakları Yönetiminde Eğitim ve Geliştirmenin Önemi Muradova, T Journal of Azerbaijani 2007","Muradova, T. (2007). İnsan Kaynakları Yönetiminde Eğitim ve Geliştirmenin Önemi. Journal of Azerbaijani, 10 (3-4), 75-84."
1353,1373836,25570409,20,,,2024,,unparsed,,"Koldaş, Yavuz. “Kur’ân’a Göre Üstünlük ve Ortak Yönler Bağlamında Ülü’l-Azm Peygamberler”. Avrasya Sosyal ve Ekonomi Araştırmaları Dergisi 11/4 (2024): 41-61."
1360,1246340,19923597,9,"E-fatura, e-defter ve e-arşiv uygulamalarına geçiş sürecinde yaşanan sorunlar: serbest muhasebeci mali müşavirler üzerine bir araştırma",Mali Çözüm Dergisi,2018,"Elçin, R., Gerekan, B., & Usta, M",apa,"E-fatura, e-defter ve e-arşiv uygulamalarına geçiş sürecinde yaşanan sorunlar: serbest muhasebeci mali müşavirler üzerine bir araştırma Elçin, R., Gerekan, B., & Usta, M Mali Çözüm Dergisi 2018","Elçin, R., Gerekan, B., & Usta, M. (2018). E-fatura, e-defter ve e-arşiv uygulamalarına geçiş sürecinde yaşanan sorunlar: serbest muhasebeci mali müşavirler üzerine bir araştırma. Mali Çözüm Dergisi, 28(146), 13-42."
1399,1198100,17795998,21,"Productivity Growth, Technical Progress, and Efficiency Change in Industrialized Countries. The American Economic Review, Vol. 84, No",1,1994,"Färe, R., Grosskopf, S., Norris, M",apa,"Productivity Growth, Technical Progress, and Efficiency Change in Industrialized Countries. The American Economic Review, Vol. 84, No Färe, R., Grosskopf, S., Norris, M 1 1994","Färe, R., Grosskopf, S., Norris, M. ve Zhang, Z. (1994). Productivity Growth, Technical Progress, and Efficiency Change in Industrialized Countries. The American Economic Review, Vol. 84, No. 1, 66–83."
1422,1338248,24146673,51,A new approach to Q-matrix construction for cognitive diagnostic models: Combining expert knowledge with statistical methods,Psychometrika,2023,"Wang, L., Li, Y., & Zhang, J",apa,"A new approach to Q-matrix construction for cognitive diagnostic models: Combining expert knowledge with statistical methods Wang, L., Li, Y., & Zhang, J Psychometrika 2023","Wang, L., Li, Y., & Zhang, J. (2023). A new approach to Q-matrix construction for cognitive diagnostic models: Combining expert knowledge with statistical methods. Psychometrika, 88(1), 123–145."
1423,1369000,25394101,3,Kent halkının kentsel yaşam memnuniyeti üzerinde etkili sosyo-demografik özelliklerinin belirlenmesi üzerine bir araştırma: Kemaliye örneği”,İnönü Üniversitesi Sanat ve Tasarım Dergisi,2014,"Atik, A., Taçoral E., & Altunkasa, M",apa,"Kent halkının kentsel yaşam memnuniyeti üzerinde etkili sosyo-demografik özelliklerinin belirlenmesi üzerine bir araştırma: Kemaliye örneği” Atik, A., Taçoral E., & Altunkasa, M İnönü Üniversitesi Sanat ve Tasarım Dergisi 2014","Atik, A., Taçoral E., & Altunkasa, M. F. (2014). Kent halkının kentsel yaşam memnuniyeti üzerinde etkili sosyo-demografik özelliklerinin belirlenmesi üzerine bir araştırma: Kemaliye örneği”. İnönü Üniversitesi Sanat ve Tasarım Dergisi, 4(9), 21–33."
1428,1245397,20833858,36,Factors Affecting Agricultural Growth in Turkey (A Regression Analysis),KMU Journal of Social and Economic Research,2023,"Merdan, K",apa,"Factors Affecting Agricultural Growth in Turkey (A Regression Analysis) Merdan, K KMU Journal of Social and Economic Research 2023","Merdan, K. (2023). Factors Affecting Agricultural Growth in Turkey (A Regression Analysis). KMU Journal of Social and Economic Research, 25(45), 1125-1142."
1433,1256191,20686078,6,Öğrencilerin matematik korkusunun incelenmesi,Turkish Journal of Educational Studies,2020,"Başar, M",apa,"Öğrencilerin matematik korkusunun incelenmesi Başar, M Turkish Journal of Educational Studies 2020","Başar, M. & Doğan, M. C. (2020). Öğrencilerin matematik korkusunun incelenmesi. Turkish Journal of Educational Studies, 7(3), 1-26. Bekdemir, M. (2009). Meslek yüksekokulu öğrencilerinin matematik kaygı düzeylerinin ve başarılarının değerlendirilmesi. Erzincan Üniversitesi Fen Bilimleri Enstitüsü Dergisi, 2(2), 169-189."
1450,1170798,16853626,20,,,2019,,unparsed,,"20. Doğan D, Arslan Y. Hafif Ve Orta Derece Koah Alevlenmelerinde Eozinofilinin Rolü İzmir Göğüs Hastanesi Dergisi 2019;33(3):169-75."
1461,1239956,19672918,12,Murat Özdoğan’ın Türk eczacılık tarihi koleksiyonu,Osmanlı Bilimi Araştırmaları,2010,Arıkan A,vancouver,Murat Özdoğan’ın Türk eczacılık tarihi koleksiyonu Arıkan A Osmanlı Bilimi Araştırmaları 2010,12. Arıkan A. Tolga eczanesi: Ecz. Murat Özdoğan’ın Türk eczacılık tarihi koleksiyonu. Osmanlı Bilimi Araştırmaları 2010;12(1):75-103.
1462,1239956,19672922,16,İstanbul’da zehirler ve zehirlenme vakaları (1846-1917),Osmanlı Bilimi Araştırmaları,2014,"Kocacık E, Mat A",vancouver,"İstanbul’da zehirler ve zehirlenme vakaları (1846-1917) Kocacık E, Mat A Osmanlı Bilimi Araştırmaları 2014","16. Kocacık E, Mat A. İstanbul’da zehirler ve zehirlenme vakaları (1846-1917). Osmanlı Bilimi Araştırmaları 2014;15(2):21-38."
1464,1256201,20686811,19,"An investigation on the relationship between perfectionism beliefs, self-efficacy, and test anxiety with self-handicapping behaviors",International Journal of Behavioral Sciences,2016,"Firoozi, M., Zadebagheri, G., Kazemi, A., & Karami, M",apa,"An investigation on the relationship between perfectionism beliefs, self-efficacy, and test anxiety with self-handicapping behaviors Firoozi, M., Zadebagheri, G., Kazemi, A., & Karami, M International Journal of Behavioral Sciences 2016","Firoozi, M., Zadebagheri, G., Kazemi, A., & Karami, M. (2016). An investigation on the relationship between perfectionism beliefs, self-efficacy, and test anxiety with self-handicapping behaviors. International Journal of Behavioral Sciences, 10(2), 45-49."
1527,1367147,25326803,30,İzmir ilinde emlak fiyatlarına etki eden faktörler-hedonik yaklaşım,Dokuz Eylül Üniversitesi İktisadi İdari Bilimler Fakültesi Dergisi,2001,Üçdoğruk Ş,vancouver,İzmir ilinde emlak fiyatlarına etki eden faktörler-hedonik yaklaşım Üçdoğruk Ş Dokuz Eylül Üniversitesi İktisadi İdari Bilimler Fakültesi Dergisi 2001,Üçdoğruk Ş. İzmir ilinde emlak fiyatlarına etki eden faktörler-hedonik yaklaşım. Dokuz Eylül Üniversitesi İktisadi İdari Bilimler Fakültesi Dergisi 2001; 16(2): 149-161.
1555,1328405,23735902,77,Sosyal bilimlerde nitel araştırma yöntemleri,Eğitimde Kuram ve Uygulama,2006,"Zehir Topkaya, E",apa,"Sosyal bilimlerde nitel araştırma yöntemleri Zehir Topkaya, E Eğitimde Kuram ve Uygulama 2006","Zehir Topkaya, E. (2006). Sosyal bilimlerde nitel araştırma yöntemleri. Eğitimde Kuram ve Uygulama, 2(2), 113- 118."
1557,1353269,24737673,52,,,2008,,unparsed,,"Semerciöz, F., Dönmez, D. ve Dursun, M. (2008). Relationships Between Destination Management Organizations and Destination Stakeholders a Research in Regions of Marmara, Aegean and Mediterranean in Turkey, Ticaret ve Turizm Egitim Fakültesi Dergisi, 1: 87-101."
1597,1318327,24019730,8,Investigation of traffic accidents in geriatric age group,Turk J Geriatr,2013,"Eser M, Keten A, İçme F",vancouver,"Investigation of traffic accidents in geriatric age group Eser M, Keten A, İçme F Turk J Geriatr 2013","8. Eser M, Keten A, İçme F, et al. Investigation of traffic accidents in geriatric age group. Turk J Geriatr. 2013;16(3):277-80."
1609,1211463,19124675,11,The relationship between codependency and divorce,Social Welfare Quarterly,2016,"Danaeifar M, Azadchehr MJ, Moghani-Bashi Mansourieh A",vancouver,"The relationship between codependency and divorce Danaeifar M, Azadchehr MJ, Moghani-Bashi Mansourieh A Social Welfare Quarterly 2016","Danaeifar M, Azadchehr MJ, Moghani-Bashi Mansourieh A. The relationship between codependency and divorce. Social Welfare Quarterly 2016; 16(61): 87–105."
1633,1336609,24085890,73,"A review of Acceptance and Commitment Therapy (ACT) empirical evidence: Correlational, experimental psychopathology, component, and outcome studies",Int J Psychol Psychol Ther,2010,"Ruiz, F",apa,"A review of Acceptance and Commitment Therapy (ACT) empirical evidence: Correlational, experimental psychopathology, component, and outcome studies Ruiz, F Int J Psychol Psychol Ther 2010","Ruiz, F. J. (2010). A review of Acceptance and Commitment Therapy (ACT) empirical evidence: Correlational, experimental psychopathology, component, and outcome studies. Int J Psychol Psychol Ther, 10(1), 125–162."
1653,1388570,26053166,28,,,2008,,unparsed,,"Ros R.M.J. Muñoz O. Werner S. Rams. 2008. New typifications and synonyms in Tortula sect. Pottia (Ehrh. ex Rchb.) Kindb. (Pottiaceae, Musci). Taxon. 57: 279-288."
1656,1246189,20038166,27,,,2013,,unparsed,,"Sherko E, Sotiri E, Lika E. Therapeutic communication. JAHR-European Journal of Bioethics. 2013;4(7):457–66."
1658,1246572,20297786,13,Hypoxia and inflammation are risk factors for acute myocardial injury in patients with coronavirus disease 2019,Beijing Da Xue Xue Bao Yi Xue Ban,2020,"Yang LC, Zhang RT, Guo LJ, Xiao H, Zu LY, Zhang YY",vancouver,"Hypoxia and inflammation are risk factors for acute myocardial injury in patients with coronavirus disease 2019 Yang LC, Zhang RT, Guo LJ, Xiao H, Zu LY, Zhang YY Beijing Da Xue Xue Bao Yi Xue Ban 2020","13. Yang LC, Zhang RT, Guo LJ, Xiao H, Zu LY, Zhang YY, et al. Hypoxia and inflammation are risk factors for acute myocardial injury in patients with coronavirus disease 2019. Beijing Da Xue Xue Bao Yi Xue Ban. 2020;53(1):159-66. Chinese."
1660,1212011,18477939,19,"Vorläufiger Bericht über die archäozoologischen Untersuchungen am Göbekli Tepe und am Gürcütepe bei Urfa, Türkei",Istanbuler Mitteilungen,1999,"Driesch, A., & Peters, J",apa,"Vorläufiger Bericht über die archäozoologischen Untersuchungen am Göbekli Tepe und am Gürcütepe bei Urfa, Türkei Driesch, A., & Peters, J Istanbuler Mitteilungen 1999","[19] Driesch, A., & Peters, J. (1999). Vorläufiger Bericht über die archäozoologischen Untersuchungen am Göbekli Tepe und am Gürcütepe bei Urfa, Türkei. Istanbuler Mitteilungen, 49, 23-39."
1672,1279129,21361960,1,"Assessment of genetic variability for three coriander (Coriandrum sativum L.) cultivars grown in Egypt, using morphological characters, essential oil composition and ISSR markers. World Appl. Sci. J",25,2013,"Abou El-Nasr THS, Ibrahim MM, Aboud KA, El-Enany MA",apa,"Assessment of genetic variability for three coriander (Coriandrum sativum L.) cultivars grown in Egypt, using morphological characters, essential oil composition and ISSR markers. World Appl. Sci. J Abou El-Nasr THS, Ibrahim MM, Aboud KA, El-Enany MA 25 2013","Abou El-Nasr THS, Ibrahim MM, Aboud KA, El-Enany MA (2013) Assessment of genetic variability for three coriander (Coriandrum sativum L.) cultivars grown in Egypt, using morphological characters, essential oil composition and ISSR markers. World Appl. Sci. J. 25, 839–849."
1689,1335543,24043850,18,Milli Mücadelenin Sözcülerinden: Anadolu'da Yenigün,Ankara Üniversitesi SBF Dergisi,1981,"Kocabaşoğlu, U",apa,"Milli Mücadelenin Sözcülerinden: Anadolu'da Yenigün Kocabaşoğlu, U Ankara Üniversitesi SBF Dergisi 1981","Kocabaşoğlu, U. (1981). Milli Mücadelenin Sözcülerinden: Anadolu'da Yenigün. Ankara Üniversitesi SBF Dergisi, 36(1), 179-202."
1692,1229838,19227459,23,,,2007,,unparsed,,"Kılıç, Rüyâ. “Nakşibendi Geleneğinde İbnül-Arabi: Destek mi Muhalefet mi?”. Hacettepe Üniversitesi Türkiyat Araştırmaları 6 (Bahar 2007), 43-60."
1698,1356024,24855403,26,Sorumlu tüketim anlayışının tüketim karşıtı yaşam tarzları üzerindeki etkileri,Tüketici ve Tüketim Araştırmaları Dergisi,2024,"Terzi, O",apa,"Sorumlu tüketim anlayışının tüketim karşıtı yaşam tarzları üzerindeki etkileri Terzi, O Tüketici ve Tüketim Araştırmaları Dergisi 2024","Terzi, O. (2024). Sorumlu tüketim anlayışının tüketim karşıtı yaşam tarzları üzerindeki etkileri. Tüketici ve Tüketim Araştırmaları Dergisi, 16(1), 1-39."
1705,1283810,21631899,35,İlköğretimde işlenen ekoloji konusunun 10. sınıf öğrencilerin ekosistem ekolojisi konusundaki hazırbulunuşluk düzeyleri üzerindeki etkisinin saptanmasında kelime ilişkilendirmenin kullanılması,Eğitim ve öğretim araştırmaları dergisi,2013,"Güneş, H., & Gözüm, A",apa,"İlköğretimde işlenen ekoloji konusunun 10. sınıf öğrencilerin ekosistem ekolojisi konusundaki hazırbulunuşluk düzeyleri üzerindeki etkisinin saptanmasında kelime ilişkilendirmenin kullanılması Güneş, H., & Gözüm, A Eğitim ve öğretim araştırmaları dergisi 2013","Güneş, H., & Gözüm, A. İ. C. (2013). İlköğretimde işlenen ekoloji konusunun 10. sınıf öğrencilerin ekosistem ekolojisi konusundaki hazırbulunuşluk düzeyleri üzerindeki etkisinin saptanmasında kelime ilişkilendirmenin kullanılması. Eğitim ve öğretim araştırmaları dergisi, 2(3), 252-264."
1709,1281540,21500503,34,Türkiye’de kırsal turizm destinasyonlarının rekabetçi gücünün geliştirilmesi için stratejik öneriler,Balkan Sosyal Bilimler Dergisi,2016,"Karamehmet, B., Aydın, G",apa,"Türkiye’de kırsal turizm destinasyonlarının rekabetçi gücünün geliştirilmesi için stratejik öneriler Karamehmet, B., Aydın, G Balkan Sosyal Bilimler Dergisi 2016","Karamehmet, B., Aydın, G. ve Özgöker, C. U. (2016). Türkiye’de kırsal turizm destinasyonlarının rekabetçi gücünün geliştirilmesi için stratejik öneriler. Balkan Sosyal Bilimler Dergisi, 5(10), 106-116."
1715,1329571,23790717,2,,,2015,,unparsed,,"Ay, Mahmut. “Kelam’da Adalet, Kudret ve Hikmet Bağlamında Tanrı Tasavvurları”. Anadolu İlahiyat Akademisi Araştırmaları Dergisi 31 (2015), 25-50."
1756,1232828,19542398,35,Capital structure and its impact on profit ability: A study of listed manufacturing companies in SRI Lanka,"Ekonomika, Journal for Economic Theory and Practice and Social Issues",2010,"Namalathasan, B",apa,"Capital structure and its impact on profit ability: A study of listed manufacturing companies in SRI Lanka Namalathasan, B Ekonomika, Journal for Economic Theory and Practice and Social Issues 2010","Namalathasan, B. (2010). Capital structure and its impact on profit ability: A study of listed manufacturing companies in SRI Lanka. Ekonomika, Journal for Economic Theory and Practice and Social Issues, 56(4), 83-92."
1775,1270798,21075237,11,Mind maps as a means of visualization of educational tasks,Revista Inclusiones,2021,"Blakh, V., Yurina, Y., Sagan, O., & Liba, O",apa,"Mind maps as a means of visualization of educational tasks Blakh, V., Yurina, Y., Sagan, O., & Liba, O Revista Inclusiones 2021","Blakh, V., Yurina, Y., Sagan, O., & Liba, O. (2021). Mind maps as a means of visualization of educational tasks. Revista Inclusiones, 8(1), 106-114."
1777,1270798,21075293,67,The effect of teaching method based on multiple intelligence theory on the success of physical education lesson of 6th class students,Journal of Physical Education and Sport Science,2009,"Sivrikaya, A",apa,"The effect of teaching method based on multiple intelligence theory on the success of physical education lesson of 6th class students Sivrikaya, A Journal of Physical Education and Sport Science 2009","Sivrikaya, A. H., & Kaya, M. (2009). The effect of teaching method based on multiple intelligence theory on the success of physical education lesson of 6th class students. Journal of Physical Education and Sport Science, 11(2), 21-34."
1783,1327696,23703633,54,,,2008,,unparsed,,"Osman, Demir. ""Cüveynî’de Ahval Teorisi"". İslâm Araştırmaları Dergisi. 20 (2008), 60-78."
1793,1378128,25707656,46,,,2013,,unparsed,,"Şahin, İ. (2013). Öğretmenlerin iş doyumu düzeyleri. Van Yüzüncü Yıl Üniversitesi Eğitim Fakültesi Dergisi, 10(1), 142-167."
1800,1228966,21593838,6,Teknolojinin istihdam üzerine etkisi: VAR analizi,Süleyman Demirel Üniversitesi İktisadi ve İdari Bilimler Fakültesi Dergisi,2021,"Bayar, H",apa,"Teknolojinin istihdam üzerine etkisi: VAR analizi Bayar, H Süleyman Demirel Üniversitesi İktisadi ve İdari Bilimler Fakültesi Dergisi 2021","Bayar, H. T., & Öztürk, M. (2021). Teknolojinin istihdam üzerine etkisi: VAR analizi. Süleyman Demirel Üniversitesi İktisadi ve İdari Bilimler Fakültesi Dergisi, 26(2), 119-127."
1801,1243634,19814858,3,Yabancılara Türkçe öğretimi alanında yayınlanan makaleler üzerine bir analiz çalışması,Pamukkale Üniversitesi Sosyal Bilimler Enstitüsü Dergisi,2017,"Biçer, N",apa,"Yabancılara Türkçe öğretimi alanında yayınlanan makaleler üzerine bir analiz çalışması Biçer, N Pamukkale Üniversitesi Sosyal Bilimler Enstitüsü Dergisi 2017","Biçer, N. (2017). Yabancılara Türkçe öğretimi alanında yayınlanan makaleler üzerine bir analiz çalışması. Pamukkale Üniversitesi Sosyal Bilimler Enstitüsü Dergisi, 27, 237- 245."
1812,1208585,18329660,26,,,2005,,unparsed,,"Duman, T., & Öztürk, A. B. (2005). “Yerli Turistlerin Mersin Kızkalesi Destinasyonu ve Tekrar Ziyaret Niyetleri ile İlgili Algılamaları Üzerine Bir Araştırma”, Anatolia: Turizm Araştırmaları Dergisi, 16/1, 9-23."
1818,1198173,17782821,27,,,2013,,unparsed,,"Lovato, C. (2013). On the impact of economic policy uncertainty shocks on macroeconomic expectations in The United States. Anno Accademico, 2012/13. No: 1010635, 1-67."
1827,1198301,17789020,1,Seviye Belirleme Sınavı (SBS-2009): 6. Sınıf İngilizce Alt Testinin Geçerlik ve Güvenirlik Çalışması,Mehmet Akif Ersoy Üniversitesi Eğitim Fakültesi Dergisi,2013,"Baş, G",apa,"Seviye Belirleme Sınavı (SBS-2009): 6. Sınıf İngilizce Alt Testinin Geçerlik ve Güvenirlik Çalışması Baş, G Mehmet Akif Ersoy Üniversitesi Eğitim Fakültesi Dergisi 2013","Baş, G. (2013). Seviye Belirleme Sınavı (SBS-2009): 6. Sınıf İngilizce Alt Testinin Geçerlik ve Güvenirlik Çalışması. Mehmet Akif Ersoy Üniversitesi Eğitim Fakültesi Dergisi, 1(26), 44-62."
1835,1229003,21599774,72,Davranışsal İktisat Deneylerinde Toplumsal Cinsiyet Temelli Farklar,Mülkiye Dergisi,2019,"Öneş, U",apa,"Davranışsal İktisat Deneylerinde Toplumsal Cinsiyet Temelli Farklar Öneş, U Mülkiye Dergisi 2019","Öneş, U. (2019). Davranışsal İktisat Deneylerinde Toplumsal Cinsiyet Temelli Farklar. Mülkiye Dergisi, 43 (2), 411-434."
1848,1331202,23862737,18,Statistics corner: A guide to appropriate use of correlation coefficient in medical research,Malawi Med J,2012,Mukaka MM,vancouver,Statistics corner: A guide to appropriate use of correlation coefficient in medical research Mukaka MM Malawi Med J 2012,18. Mukaka MM. Statistics corner: A guide to appropriate use of correlation coefficient in medical research. Malawi Med J. 2012;24(3):69-71.
1857,1285841,21766711,34,Kültürel Mirasın Korunması ve Ülke Kalkınmasındaki Önemi,Türk Kültürü,2005,"Palaz Erdemir, Hatice ve Erdemir, Halil",quoted,"Kültürel Mirasın Korunması ve Ülke Kalkınmasındaki Önemi Palaz Erdemir, Hatice ve Erdemir, Halil Türk Kültürü 2005","Palaz Erdemir, Hatice ve Erdemir, Halil, “Kültürel Mirasın Korunması ve Ülke Kalkınmasındaki Önemi”, Türk Kültürü, XLIII/505-506 (2005): 129-144."
1859,1246707,19938499,1,Generative rootstock potential of some hybrid chestnut genotypes,Anadolu Tarım Bilimleri Dergisi,2020,"Akyüz, B., Serdar, Ü",loose_year,"Generative rootstock potential of some hybrid chestnut genotypes Akyüz, B., Serdar, Ü Anadolu Tarım Bilimleri Dergisi 2020","Akyüz, B., Serdar, Ü., 2020. Generative rootstock potential of some hybrid chestnut genotypes. Anadolu Tarım Bilimleri Dergisi, 35: 185-191."
1861,1246707,19938533,35,,,2002,,unparsed,,"Sumana, D.A., Bagyaraj, D.J., 2002. Interaction between VAM fungus and nitrogen fixing bacteria and t heir influence on growth and nutrition of neem (Azadirachta indica A. Juss). Indian J. Microbiol., 42(4): 295-298."
1864,1215162,19055454,18,Öğretmen yetiştirme ve mesleki gelişimde eylem araştırması,Uluslararası Sosyal Bilimler Dergisi,2009,"Kuzu, A",apa,"Öğretmen yetiştirme ve mesleki gelişimde eylem araştırması Kuzu, A Uluslararası Sosyal Bilimler Dergisi 2009","Kuzu, A. (2009). Öğretmen yetiştirme ve mesleki gelişimde eylem araştırması. Uluslararası Sosyal Bilimler Dergisi, 2(6), 425-433."
1869,1217029,18657115,40,Çukurova’dan Isparta’ya -güney yurt halk şairleri,Ün Isparta Halkevi Mecmuası,1940,"Yalgın (Yalman), Rıza",apa,"Çukurova’dan Isparta’ya -güney yurt halk şairleri Yalgın (Yalman), Rıza Ün Isparta Halkevi Mecmuası 1940","Yalgın (Yalman), Rıza (1940). Çukurova’dan Isparta’ya -güney yurt halk şairleri. Ün Isparta Halkevi Mecmuası, 7 (78-79), 1079-1081."
1892,1214477,18901189,12,Energy Consumption and Financial Development: Evidence from MENA Countries with Panel Hidden Cointegration,Journal of Emerging Economies and Policy,2022,"Bozkurt, E., Toktaş, Y., & Altiner, A",apa,"Energy Consumption and Financial Development: Evidence from MENA Countries with Panel Hidden Cointegration Bozkurt, E., Toktaş, Y., & Altiner, A Journal of Emerging Economies and Policy 2022","Bozkurt, E., Toktaş, Y., & Altiner, A. (2022). Energy Consumption and Financial Development: Evidence from MENA Countries with Panel Hidden Cointegration. Journal of Emerging Economies and Policy, 7(1), 253–264."
1898,1346537,24467083,17,Evaluation of the sperm acrosome integrity in cryopreserved buffalo semen using two staining methods: Sperm-blue [R] and eosin-nigrosin,Revista CES Medicina Veterinaria y Zootecnia,2016,"Melendez, C",apa,"Evaluation of the sperm acrosome integrity in cryopreserved buffalo semen using two staining methods: Sperm-blue [R] and eosin-nigrosin Melendez, C Revista CES Medicina Veterinaria y Zootecnia 2016","Melendez, C. O., Quintero-Moreno, A., Nava-Trujillo, H., Guillen, J. R., & Añez, J. C. G. (2016). Evaluation of the sperm acrosome integrity in cryopreserved buffalo semen using two staining methods: Sperm-blue [R] and eosin-nigrosin. Revista CES Medicina Veterinaria y Zootecnia, 11(3), 192-193."
1946,1257509,20424509,20,Dünya gıda krizi: nedenleri ve etkileri,Uludağ Üniv Ziraat Fak Derg,2008,"Gürlük S, Turan Ö",loose_year,"Dünya gıda krizi: nedenleri ve etkileri Gürlük S, Turan Ö Uludağ Üniv Ziraat Fak Derg 2008","Gürlük S, Turan Ö. 2008. Dünya gıda krizi: nedenleri ve etkileri. Uludağ Üniv Ziraat Fak Derg, 22(1): 63-74."
2017,1187826,17314637,26,Açımlayıcı faktör analiz sürecini etkileyen unsurların değerlendirilmesi,Karaelmas Eğitim Bilimleri Dergisi,2014,"Çolakoğlu, Ö",apa,"Açımlayıcı faktör analiz sürecini etkileyen unsurların değerlendirilmesi Çolakoğlu, Ö Karaelmas Eğitim Bilimleri Dergisi 2014","Çolakoğlu, Ö. M. ve Büyükekşi, C. (2014). Açımlayıcı faktör analiz sürecini etkileyen unsurların değerlendirilmesi. Karaelmas Eğitim Bilimleri Dergisi, 2(1), 56-64."
2033,1326405,23650609,26,Yapısal eşitlik modellemesi ile yaşam memnuniyeti modelinin geliştirilmesi,Bartın Üniversitesi İktisadi İdari Bilimler Dergisi,2016,"Karagöz, Y., & Ağbektaş, A",apa,"Yapısal eşitlik modellemesi ile yaşam memnuniyeti modelinin geliştirilmesi Karagöz, Y., & Ağbektaş, A Bartın Üniversitesi İktisadi İdari Bilimler Dergisi 2016","Karagöz, Y., & Ağbektaş, A. (2016). Yapısal eşitlik modellemesi ile yaşam memnuniyeti modelinin geliştirilmesi. Bartın Üniversitesi İktisadi İdari Bilimler Dergisi, 7(13), 274-290."
2047,1218566,19096843,39,,,1953,,unparsed,,"İnalcık, Halil, (1953-1954), “15. Asır Türkiye İktisadi ve İçtimaı Tarihi Kaynakları”, İstanbul Üniv. İkt. Fak. Mecmuası, C. 15, S. 1-4: 51-75."
2065,1286425,21770114,49,Westside sınav kaygısı ölçeğinin Türkçe formunun geçerlik ve güvenirlik çalışması [The validity and reliability study of the Turkish version of Westside Test Anxiety Scale],Mehmet Akif Ersoy Üniversitesi Eğitim Fakültesi Dergisi,2009,"Totan, T., & Yavuz, Y",apa,"Westside sınav kaygısı ölçeğinin Türkçe formunun geçerlik ve güvenirlik çalışması [The validity and reliability study of the Turkish version of Westside Test Anxiety Scale] Totan, T., & Yavuz, Y Mehmet Akif Ersoy Üniversitesi Eğitim Fakültesi Dergisi 2009","Totan, T., & Yavuz, Y. (2009). Westside sınav kaygısı ölçeğinin Türkçe formunun geçerlik ve güvenirlik çalışması [The validity and reliability study of the Turkish version of Westside Test Anxiety Scale]. Mehmet Akif Ersoy Üniversitesi Eğitim Fakültesi Dergisi, 9(17), 95-109."
2078,1275244,21181495,14,Beşeri sermaye ve ekonomik büyüme ilişkisi: Türkiye için nedensellik analizi,Balkan Sosyal Bilimler Dergisi,2019,"Çeştepe, H",apa,"Beşeri sermaye ve ekonomik büyüme ilişkisi: Türkiye için nedensellik analizi Çeştepe, H Balkan Sosyal Bilimler Dergisi 2019","Çeştepe, H. ve Gençel, H. (2019). Beşeri sermaye ve ekonomik büyüme ilişkisi: Türkiye için nedensellik analizi. Balkan Sosyal Bilimler Dergisi, 8(16), 139-146."
2094,1233131,19411769,46,Orta düzeyde zihinsel yetersizliği olan öğrencilere örüntü oluşturma becerisinin öğretiminde doğrudan öğretim yönteminin etkililiği. Abant İzzet Baysal Üniversitesi Sosyal Bilimler Enstitüsü Dergisi,14(3,2014,"Pınar, E",apa,"Orta düzeyde zihinsel yetersizliği olan öğrencilere örüntü oluşturma becerisinin öğretiminde doğrudan öğretim yönteminin etkililiği. Abant İzzet Baysal Üniversitesi Sosyal Bilimler Enstitüsü Dergisi Pınar, E 14(3 2014","Pınar, E. S., & Kocabıyık, D. (2014). Orta düzeyde zihinsel yetersizliği olan öğrencilere örüntü oluşturma becerisinin öğretiminde doğrudan öğretim yönteminin etkililiği. Abant İzzet Baysal Üniversitesi Sosyal Bilimler Enstitüsü Dergisi. 14(3), 281- 300."
2126,1291283,21990681,12,Dahili ve Cerrahi Kliniklerindeki Hastaların Öğrenim Gereksinimlerinin Belirlenmesi,Dokuz Eylül Üniversitesi Hemşirelik Fakültesi Elektronik Dergisi,2017,"Çetinkaya F, Aşiret GD",vancouver,"Dahili ve Cerrahi Kliniklerindeki Hastaların Öğrenim Gereksinimlerinin Belirlenmesi Çetinkaya F, Aşiret GD Dokuz Eylül Üniversitesi Hemşirelik Fakültesi Elektronik Dergisi 2017","Çetinkaya F, Aşiret GD. Dahili ve Cerrahi Kliniklerindeki Hastaların Öğrenim Gereksinimlerinin Belirlenmesi. Dokuz Eylül Üniversitesi Hemşirelik Fakültesi Elektronik Dergisi. 2017; 10(2): 93-99."
2127,1184923,17108635,60,Anadolu Türkçesinde Yabancı Ögeler,Türk Dili Araştırmaları Yıllığı – Belleten 51/2,2003,"Eren, Hasan",quoted,"Anadolu Türkçesinde Yabancı Ögeler Eren, Hasan Türk Dili Araştırmaları Yıllığı – Belleten 51/2 2003","Eren, Hasan. “Anadolu Türkçesinde Yabancı Ögeler”, Türk Dili Araştırmaları Yıllığı – Belleten 51/2 (2003), 156-169."
2129,1250480,20103882,8,Solitary rectal ulcer syndrome,Güncel Gastroenteroloji,2010,"Aygün C, Bahçecioğlu İ.H",vancouver,"Solitary rectal ulcer syndrome Aygün C, Bahçecioğlu İ.H Güncel Gastroenteroloji 2010","8. Aygün C, Bahçecioğlu İ.H. Solitary rectal ulcer syndrome. [Güncel Gastroenteroloji] 2010;14(1): 35-8."
2138,1384875,26636470,24,,,1988,,unparsed,,"Thayer, H. S. (1988). The Myth of Er. History of Philosophy Quarterly, 5(4), 369-384."
2180,1258308,20440384,14,Rally or repeat the mistakes: The impact of new starting point thinking and brand crisis types on consumer forgiveness. Nankai Manag,Rev,2020,"Chen, S",apa,"Rally or repeat the mistakes: The impact of new starting point thinking and brand crisis types on consumer forgiveness. Nankai Manag Chen, S Rev 2020","Chen, S. Y., Wei, H. Y., Ran, Y. X., & Meng, L. (2020). Rally or repeat the mistakes: The impact of new starting point thinking and brand crisis types on consumer forgiveness. Nankai Manag. Rev, 23(4), 49- 58."
2186,1244514,19847565,67,Pseudomonas stutzeri RP1: a versatile plant growth promoting endorhizospheric bacteria inhabiting sunflower (Helianthus annuus),Journal of Biotechnology,2013,"Pandey, R., Chavan, P",apa,"Pseudomonas stutzeri RP1: a versatile plant growth promoting endorhizospheric bacteria inhabiting sunflower (Helianthus annuus) Pandey, R., Chavan, P Journal of Biotechnology 2013","Pandey, R., Chavan, P. N., Walokar, N. M., Sharma, N., Tripathi, V., Khetmalas, M.B. (2013). Pseudomonas stutzeri RP1: a versatile plant growth promoting endorhizospheric bacteria inhabiting sunflower (Helianthus annuus). Journal of Biotechnology, 8(7), 48-55."
2192,1298588,22304638,25,Religion from the Past to the Future and the Understanding of Religion of the Turks,Turkish Culture And Hacı Bektas Veli Research Quarterly Spring,2022,"Çapcıoğlu İ, Alpay AH",vancouver,"Religion from the Past to the Future and the Understanding of Religion of the Turks Çapcıoğlu İ, Alpay AH Turkish Culture And Hacı Bektas Veli Research Quarterly Spring 2022","Çapcıoğlu İ, Alpay AH. Religion from the Past to the Future and the Understanding of Religion of the Turks. Turkish Culture And Hacı Bektas Veli Research Quarterly Spring. 2022;101:457-78."
2203,1271868,21017295,4,Effects of organic chromium on performance in poultry,Turkish Food Manufacturers’ Association [Journal,2021,"Aydın, T., & Şehu, A",apa,"Effects of organic chromium on performance in poultry Aydın, T., & Şehu, A Turkish Food Manufacturers’ Association [Journal 2021","Aydın, T., & Şehu, A. (2021). Effects of organic chromium on performance in poultry. Turkish Food Manufacturers’ Association [Journal], 90, 49–56."
2221,1232129,19366070,11,Otel Mutfak Çalışanları Mesleki Eğitim Seviyeleri Ve Kariyer Hedeflerinin Ölçülmesi: Kış Koridoru Analizi,Yorum Yönetim Yöntem Uluslararası Yönetim Ekonomi ve Felsefe Dergisi,2017,"Denk, E",apa,"Otel Mutfak Çalışanları Mesleki Eğitim Seviyeleri Ve Kariyer Hedeflerinin Ölçülmesi: Kış Koridoru Analizi Denk, E Yorum Yönetim Yöntem Uluslararası Yönetim Ekonomi ve Felsefe Dergisi 2017","Denk, E. ve Koşan, A. (2017). Otel Mutfak Çalışanları Mesleki Eğitim Seviyeleri Ve Kariyer Hedeflerinin Ölçülmesi: Kış Koridoru Analizi. Yorum Yönetim Yöntem Uluslararası Yönetim Ekonomi ve Felsefe Dergisi, 5(1), 55-83."
2239,1275030,21174818,40,Improvement of student competency in physics using Predict-Observe-Explain-Write (POEW) learning model at senior high school,Jurnal Penelitian Inovasi Pembelajaran Fisika,2012,"Sani, R",apa,"Improvement of student competency in physics using Predict-Observe-Explain-Write (POEW) learning model at senior high school Sani, R Jurnal Penelitian Inovasi Pembelajaran Fisika 2012","Sani, R. A., & Anggryani-Sinaga, L. F. (2012). Improvement of student competency in physics using Predict-Observe-Explain-Write (POEW) learning model at senior high school. Jurnal Penelitian Inovasi Pembelajaran Fisika, 4(2), 1-7."
2241,1320826,23417636,36,,,2019,,unparsed,,"Gökdemir, Ahmet. “Osmanlı’nın Kayıp İki Tariki: Kabâkıbî ve Mâhir Tarikleri”. Usul İslam Araştırmaları 32/32 (Ekim 2019), 165-182."
2252,1223704,18907201,6,The effect of source-sink restriction and plant density changes on the role of assimilate remobilization in corn grain yield,International Journal of Agriculture and Crop Sciences,2013,"Falihzade, F., Mojadam, M",apa,"The effect of source-sink restriction and plant density changes on the role of assimilate remobilization in corn grain yield Falihzade, F., Mojadam, M International Journal of Agriculture and Crop Sciences 2013","Falihzade, F., Mojadam, M. and Lack, S. (2013). The effect of source-sink restriction and plant density changes on the role of assimilate remobilization in corn grain yield. International Journal of Agriculture and Crop Sciences, 5(20): 2459-2465."
2255,1325831,23625594,49,,,1977,,unparsed,,"ULUCAN Devrim, Greve Katılan İşçilerin Salt Çoğunluğunun Greve Hayır Demesi İle Grevin Uygulanmaması, İHU., TSGLK.22, No.3, 1977, 1-3."
2266,1209154,18317110,38,Entansif ve yarı entansif koşullarda (özel olarak tesis edilmiş hindi meralarında) yetiştirilen bronz hindilerin besi performansları ve karkas özellikleri yönünden karşılaştırılması,"Turk J Vet Anim Sci, 23",1999,"Şengül T, Yurtseven S, Polat T",volume_pages,"Entansif ve yarı entansif koşullarda (özel olarak tesis edilmiş hindi meralarında) yetiştirilen bronz hindilerin besi performansları ve karkas özellikleri yönünden karşılaştırılması Şengül T, Yurtseven S, Polat T Turk J Vet Anim Sci, 23 1999","Şengül T, Yurtseven S, Polat T, 1999. Entansif ve yarı entansif koşullarda (özel olarak tesis edilmiş hindi meralarında) yetiştirilen bronz hindilerin besi performansları ve karkas özellikleri yönünden karşılaştırılması. Turk J Vet Anim Sci, 23, 9, 489-93."
2292,1205630,18117541,14,Relationship among silage micro flora and their effects on silage fermentation and quality,KSU J Nat Sci,2016,"Kizilsimsek M, Erol A, Ertekin I, Donmez R, Katranci B",loose_year,"Relationship among silage micro flora and their effects on silage fermentation and quality Kizilsimsek M, Erol A, Ertekin I, Donmez R, Katranci B KSU J Nat Sci 2016","Kizilsimsek M, Erol A, Ertekin I, Donmez R, Katranci B 2016. Relationship among silage micro flora and their effects on silage fermentation and quality. KSU J Nat Sci, 19(2): 136-140."
2330,1269165,20883590,5,Kentsel tasarım kavramında kentsel tasarım rehberlerinin yeri ve önemi,Kent Akademisi,2018,"Arısu, S",volume_pages,"Kentsel tasarım kavramında kentsel tasarım rehberlerinin yeri ve önemi Arısu, S Kent Akademisi 2018","Arısu, S., 2018. Kentsel tasarım kavramında kentsel tasarım rehberlerinin yeri ve önemi. Kent Akademisi, 11(2), 243-255."
2331,1269165,20883592,7,Akıllı Şehir Kavramı ve Dönüşen Anlamı Bağlamında Eleştiriler,Megaron,2019,"Ateş, M., Önder, D.E",volume_pages,"Akıllı Şehir Kavramı ve Dönüşen Anlamı Bağlamında Eleştiriler Ateş, M., Önder, D.E Megaron 2019","Ateş, M., Önder, D.E., 2019. Akıllı Şehir Kavramı ve Dönüşen Anlamı Bağlamında Eleştiriler. Megaron, 14(1), 41-50."
2349,1307176,24131866,31,,,2006,,unparsed,,"31.Özmen, Ö., Koç, Ş. 2006. Kaman (Kırşehir, Türkiye) florit cevherleşme alanlarında Thymus siphyleus Boiss subsp. Rosulans (Borbas) ve Bromus sterilis L. poaceace (Gramineae) türlerinde florür ve iz element birikimi. Gazi Üniversitesi Mühendislik Mimarlık Fakültesi Dergisi 21(4):729-735."
2350,1276318,21227674,12,Evaluation the dentists' awareness of inherited bleeding disorders and anticoagulants in Shiraz,Iran J Ped Hematol Oncol,2013,"Robati R, Farokhi M",vancouver,"Evaluation the dentists' awareness of inherited bleeding disorders and anticoagulants in Shiraz Robati R, Farokhi M Iran J Ped Hematol Oncol 2013","12. Robati R, Farokhi M. Evaluation the dentists' awareness of inherited bleeding disorders and anticoagulants in Shiraz. Iran J Ped Hematol Oncol 2013; 3(4):159–63."
2352,1161691,16095270,18,Fen bilgisi öğretmen adaylarının öğretmenlik mesleğine yönelik tutumları,Türk Eğitim Bilimleri Dergisi,2011,"Pektaş, M",apa,"Fen bilgisi öğretmen adaylarının öğretmenlik mesleğine yönelik tutumları Pektaş, M Türk Eğitim Bilimleri Dergisi 2011","Pektaş, M. & Kamer, S. T. (2011). Fen bilgisi öğretmen adaylarının öğretmenlik mesleğine yönelik tutumları. Türk Eğitim Bilimleri Dergisi, 9(4), 829-850."
2357,1372580,25525233,21,The Influence of supply chain performance and motivation on employee performance,International Journal of Supply Chain Management,2020,"Sutia, S., Riadi, R., & Fahlevi, M",apa,"The Influence of supply chain performance and motivation on employee performance Sutia, S., Riadi, R., & Fahlevi, M International Journal of Supply Chain Management 2020","Sutia, S., Riadi, R., & Fahlevi, M. (2020). The Influence of supply chain performance and motivation on employee performance. International Journal of Supply Chain Management, 9(2), 86-92."
2358,1247430,19964320,44,Vegan kimliğin oluşumu: Vegan olmak ve vegan kalmak,Akademik Hassasiyetler,2019,"Tekten Aksürmeli, Z.S",apa,"Vegan kimliğin oluşumu: Vegan olmak ve vegan kalmak Tekten Aksürmeli, Z.S Akademik Hassasiyetler 2019","Tekten Aksürmeli, Z.S. & Beşirli, H. (2019). Vegan kimliğin oluşumu: Vegan olmak ve vegan kalmak. Akademik Hassasiyetler, 6(12), 223-249."
2384,1345574,24437737,19,Yapısal ve işlevsel bakımdan geleneksel bayramlar bağlamında Nevruz ve Hıdrellez,Türkbilig / Türkoloji Araştırmaları Dergisi,2000,"Çobanoğlu, Ö",apa,"Yapısal ve işlevsel bakımdan geleneksel bayramlar bağlamında Nevruz ve Hıdrellez Çobanoğlu, Ö Türkbilig / Türkoloji Araştırmaları Dergisi 2000","Çobanoğlu, Ö. (2000). Yapısal ve işlevsel bakımdan geleneksel bayramlar bağlamında Nevruz ve Hıdrellez. Türkbilig / Türkoloji Araştırmaları Dergisi, 1(1), 51-59."
2396,1334347,23995566,2,Il Carro Del Dio Del Sole Nei Testi Cuneiformi Dell,età Del Bronzo,2012,"Alaura, Silvia ve Bonechi, Marco",quoted,"Il Carro Del Dio Del Sole Nei Testi Cuneiformi Dell Alaura, Silvia ve Bonechi, Marco età Del Bronzo 2012","Alaura, Silvia ve Bonechi, Marco. “Il Carro Del Dio Del Sole Nei Testi Cuneiformi Dell’età Del Bronzo”, Studi micenei ed egeo-anatolici 54 (2012): 5-115."
2428,1238160,19595330,2,“Restoran İşletmelerinde Müşteri Şikâyetleri ve Şikâyete İlişkin Davranışlar,"Paradoks Ekonomi, Sosyoloji ve Politika Dergisi",2013,"Albayrak, A",volume_pages,"“Restoran İşletmelerinde Müşteri Şikâyetleri ve Şikâyete İlişkin Davranışlar Albayrak, A Paradoks Ekonomi, Sosyoloji ve Politika Dergisi 2013","Albayrak, A. (2013). “Restoran İşletmelerinde Müşteri Şikâyetleri ve Şikâyete İlişkin Davranışlar.” Paradoks Ekonomi, Sosyoloji ve Politika Dergisi, 2(9), 24-51."
2432,1335040,24020210,102,"Water Lettuce (Pistia stratiotes, Linn) potency as one of ecofriendly phytoextraction absorbers of zinc heavy metal to solve industrial waste problem in indonesia",International Conerence on Environmental Biomedical and Biotechnology,2012,Nurhayati P,apa,"Water Lettuce (Pistia stratiotes, Linn) potency as one of ecofriendly phytoextraction absorbers of zinc heavy metal to solve industrial waste problem in indonesia Nurhayati P International Conerence on Environmental Biomedical and Biotechnology 2012","Nurhayati P. (2012). Water Lettuce (Pistia stratiotes, Linn) potency as one of eco- friendly phytoextraction absorbers of zinc heavy metal to solve industrial waste problem in indonesia. International Conerence on Environmental Biomedical and Biotechnology, 41, 151-156,"
2433,1335040,24020047,142,,,2014,,unparsed,,"AiniSyuhaida, A.W., Sharifah Norkhadijah, S.I., Emilia, Z.A. & Sarva Mangala, P. (2014). Neptuniaoleracea (water mimosa) as phytoremediation plant and the risk to human health: A review. Adv. Environ. Biol., 8(15), 187-194."
2447,1305300,22582007,8,The Economic Impact of the FIFA World Cup 2006 in Germany,Journal of Sports Economics,2018,"Maennig, W",apa,"The Economic Impact of the FIFA World Cup 2006 in Germany Maennig, W Journal of Sports Economics 2018","Maennig, W. ve Zimmermann, P. (2018). The Economic Impact of the FIFA World Cup 2006 in Germany. Journal of Sports Economics, 19(2), 183-212."
2501,1197698,17759827,1,,,2021,,unparsed,,"Alemdar, E. (2021). Sakat, Özürlü ve Engelli Kavramları: Tarifleri ve Farkları, Zemin, Sayı 2, 28-49."
2564,1373738,25567147,21,AB Uyum Yasalarının Türkiye,deki İnsan Haklarının Gelişimine Katkıları,2012,EFE Haydar/HAN Seyfi,quoted,AB Uyum Yasalarının Türkiye EFE Haydar/HAN Seyfi deki İnsan Haklarının Gelişimine Katkıları 2012,"EFE Haydar/HAN Seyfi, “AB Uyum Yasalarının Türkiye’deki İnsan Haklarının Gelişimine Katkıları”, KAÜ İİBF Dergisi, C. 3, S. 4, 2012, 149-188."
2569,1349860,24607124,29,Effective feedback to improve students’ writing skills,"English Education, Linguistics, and Literature Journal",2022,"Wulandari, Y",apa,"Effective feedback to improve students’ writing skills Wulandari, Y English Education, Linguistics, and Literature Journal 2022","Wulandari, Y. (2022). Effective feedback to improve students’ writing skills. English Education, Linguistics, and Literature Journal, 1(1), 10-17."
2582,1279127,21361926,25,,,2018,,unparsed,,"Sözen Ö, Karadavut U, Akçura M (2018). A Study on the determination of the performance of some yield components in dry bean genotypes in different environments. Fresenius Environmental Bulletin 27 (12): 8677-8686."
2583,1283979,21642278,16,,,2022,,unparsed,,"ÖZKARA, Rabia Derya (2022). “Fuzûlî’nin Leyla ve Mecnun’unda ‘Gam’”. 21. Yüzyılda Eğitim ve Toplum, 11/33: 641-661."
2613,1234348,19456943,38,Turkey and the Post-Soviet states: a new way forward,Insight Turkey,2005,"Walker, J",apa,"Turkey and the Post-Soviet states: a new way forward Walker, J Insight Turkey 2005","Walker, J. W. (2005). Turkey and the Post-Soviet states: a new way forward. Insight Turkey, 7(4), 13–19."
2626,1354648,25248568,38,Researching global citizenship education: Towards a critical approach,Journal of Social Science Education,2020,"Schippling, A",apa,"Researching global citizenship education: Towards a critical approach Schippling, A Journal of Social Science Education 2020","Schippling, A. (2020). Researching global citizenship education: Towards a critical approach. Journal of Social Science Education, 19(4), 98-113."
2654,1174005,16612144,10,,,2004,,unparsed,,"Erbaş M, Certel M, Uslu MK. 2004.Yaş ve Kuru Tarhananın Şeker İçeriğine Fermentasyonun ve Depolamanın Etkisi, Gıda, 29(4): 299-305."
2663,1185704,17660560,50,Örgütsel özdeşleşmenin sinizm ve işten ayrılma niyeti ile ilişkisi üzerine bir araştırma,Savunma Bilimleri Dergisi,2010,"Polat, M",apa,"Örgütsel özdeşleşmenin sinizm ve işten ayrılma niyeti ile ilişkisi üzerine bir araştırma Polat, M Savunma Bilimleri Dergisi 2010","Polat, M. & Meydan, C. H. (2010). Örgütsel özdeşleşmenin sinizm ve işten ayrılma niyeti ile ilişkisi üzerine bir araştırma. Savunma Bilimleri Dergisi, 9(1), 145-172."
2683,1206271,18176569,33,"Ergin D, Şen N, Erbay Dündar P",TSK Koruyucu Hekimlik Bülteni,2007,"33 Özmen D, Çetinkaya A.Ç",vancouver,"Ergin D, Şen N, Erbay Dündar P 33 Özmen D, Çetinkaya A.Ç TSK Koruyucu Hekimlik Bülteni 2007","33 Özmen D, Çetinkaya A.Ç. Ergin D, Şen N, Erbay Dündar P. Lise öğrencilerinin yeme alışkanlıkları ve beden ağırlığını denetleme davranışları. TSK Koruyucu Hekimlik Bülteni 2007;6(2):98-105."
2691,1245727,19901746,36,Okul merkezli yönetim uygulamaları,Kuram ve Uygulamada Eğitim Yönetimi,2003,"Şahin, S",apa,"Okul merkezli yönetim uygulamaları Şahin, S Kuram ve Uygulamada Eğitim Yönetimi 2003","Şahin, S. (2003). Okul merkezli yönetim uygulamaları. Kuram ve Uygulamada Eğitim Yönetimi, 36(36), 582-605."
2729,1369382,25407777,69,Türkçe öğretmenlerinin sınıf içi öğrenme becerilerini ölçme ve değerlendirme yeterlikleri,Eğitim ve İnsani Bilimler Dergisi: Teori ve Uygulama,2022,"Türkben, T",apa,"Türkçe öğretmenlerinin sınıf içi öğrenme becerilerini ölçme ve değerlendirme yeterlikleri Türkben, T Eğitim ve İnsani Bilimler Dergisi: Teori ve Uygulama 2022","Türkben, T. (2022). Türkçe öğretmenlerinin sınıf içi öğrenme becerilerini ölçme ve değerlendirme yeterlikleri. Eğitim ve İnsani Bilimler Dergisi: Teori ve Uygulama, 13(25), 45-72."
2738,1235150,19495118,17,A multicenter clinical study with myo-inositol and alpha-lactalbumin in Mexican and Italian PCOS patients,Eur Rev Med Pharmacol Sci,2021,"Hernandez MI, Picconi O, Laganà AS, Costabile L, Unfer V",vancouver,"A multicenter clinical study with myo-inositol and alpha-lactalbumin in Mexican and Italian PCOS patients Hernandez MI, Picconi O, Laganà AS, Costabile L, Unfer V Eur Rev Med Pharmacol Sci 2021","17. Hernandez MI, Picconi O, Laganà AS, Costabile L, Unfer V. A multicenter clinical study with myo-inositol and alpha-lactalbumin in Mexican and Italian PCOS patients. Eur Rev Med Pharmacol Sci. 2021;25(8):3316-24."
2775,1225795,19014137,21,"Risk factors for, and causes of, perinatal calf mortality and implications for calf welfare",MJAVL,2019,"John M, Şen İ, Kizi AA, Uulu NA, Taş A",vancouver,"Risk factors for, and causes of, perinatal calf mortality and implications for calf welfare John M, Şen İ, Kizi AA, Uulu NA, Taş A MJAVL 2019","John M, Şen İ, Kizi AA, Uulu NA, Taş A. Risk factors for, and causes of, perinatal calf mortality and implications for calf welfare. MJAVL 2019; 9(1): 35-41."
2823,1368401,25376567,18,Hemodiyaliz hastalarının psikolojik dayanıklılık durumları ve etkileyen faktörlerin değerlendirilmesi,Nefroloji Hemşireliği Dergisi,2016,"Dane, E., & Olgun, N",apa,"Hemodiyaliz hastalarının psikolojik dayanıklılık durumları ve etkileyen faktörlerin değerlendirilmesi Dane, E., & Olgun, N Nefroloji Hemşireliği Dergisi 2016","Dane, E., & Olgun, N. (2016). Hemodiyaliz hastalarının psikolojik dayanıklılık durumları ve etkileyen faktörlerin değerlendirilmesi. Nefroloji Hemşireliği Dergisi, 11(1), 43-54."
2840,1359754,25273541,15,Effects of platelet-rich plasma on cartilage grafts in rabbits as an animal model,World J Plast Surg,2012,"Manafi A, Kaviani Far K, Moradi M, Manafi A, Manafi F",vancouver,"Effects of platelet-rich plasma on cartilage grafts in rabbits as an animal model Manafi A, Kaviani Far K, Moradi M, Manafi A, Manafi F World J Plast Surg 2012","15. Manafi A, Kaviani Far K, Moradi M, Manafi A, Manafi F. Effects of platelet-rich plasma on cartilage grafts in rabbits as an animal model. World J Plast Surg. 2012;1(2):91-8."
2877,1227928,19131895,40,Teorik bir çerçevede Whistleblowingetik ilişkisi,Eskişehir Osmangazi Üniversitesi Sosyal Bilimler Dergisi,2010,"Ergun Özler, D.E., Dil Şahin, M",apa,"Teorik bir çerçevede Whistleblowingetik ilişkisi Ergun Özler, D.E., Dil Şahin, M Eskişehir Osmangazi Üniversitesi Sosyal Bilimler Dergisi 2010","Ergun Özler, D.E., Dil Şahin, M. & Atalay Giderler, C. (2010). Teorik bir çerçevede Whistleblowing- etik ilişkisi. Eskişehir Osmangazi Üniversitesi Sosyal Bilimler Dergisi, 11 (2), 1302-9703."
2880,1178793,16810556,3,Temporomandibuler eklem bozukluklarında konservatif tedavi yaklaşımları: Okluzal splintler,ADO Klin Bil Derg,2010,"Aydın M, Ozan O, Ramoğlu S",vancouver,"Temporomandibuler eklem bozukluklarında konservatif tedavi yaklaşımları: Okluzal splintler Aydın M, Ozan O, Ramoğlu S ADO Klin Bil Derg 2010","3. Aydın M, Ozan O, Ramoğlu S. Temporomandibuler eklem bozukluklarında konservatif tedavi yaklaşımları: Okluzal splintler. ADO Klin Bil Derg. 2010;5:913-923."
2897,1356183,24860665,18,Determinants of customer satisfaction and bank selection in Pakistan,Interdisciplinary Journal of Contemporary Research in Business,2010,"Bhatti, G",apa,"Determinants of customer satisfaction and bank selection in Pakistan Bhatti, G Interdisciplinary Journal of Contemporary Research in Business 2010","Bhatti, G. A., Hussain, H., & Akbar, Z. A. (2010). Determinants of customer satisfaction and bank selection in Pakistan. Interdisciplinary Journal of Contemporary Research in Business, 2(6), 536-554."
2898,1356183,24860681,34,Bankalarda teknoloji yoğun finansal ürünlerin kullanılmasında müşteri özelliklerinin rolü,Active Bankacılık ve Finans Dergisi,2004,"Karakaya, A., & Karamustafa, O",apa,"Bankalarda teknoloji yoğun finansal ürünlerin kullanılmasında müşteri özelliklerinin rolü Karakaya, A., & Karamustafa, O Active Bankacılık ve Finans Dergisi 2004","Karakaya, A., & Karamustafa, O. (2004). Bankalarda teknoloji yoğun finansal ürünlerin kullanılmasında müşteri özelliklerinin rolü. Active Bankacılık ve Finans Dergisi, 38, 1-6."
2909,1284975,21711825,15,Mesenteric panniculitis: review of the leterature and presentation of cases,Surgery,1977,"Durst AL, Freund H, Rosenmann E, Birnbaum D",vancouver,"Mesenteric panniculitis: review of the leterature and presentation of cases Durst AL, Freund H, Rosenmann E, Birnbaum D Surgery 1977","15. Durst AL, Freund H, Rosenmann E, Birnbaum D. Mesenteric panniculitis: review of the leterature and presentation of cases. Surgery. 1977;81(2):203-11."
2910,1249939,20078382,8,Grup karar verme yöntemlerini kullanarak yeşil tedarikçi seçimi: Gıda endüstrisinden bir örnek olay çalışması,Ekon Sos Araş Derg,2021,Çalık A,loose_year,Grup karar verme yöntemlerini kullanarak yeşil tedarikçi seçimi: Gıda endüstrisinden bir örnek olay çalışması Çalık A Ekon Sos Araş Derg 2021,"Çalık A. 2021. Grup karar verme yöntemlerini kullanarak yeşil tedarikçi seçimi: Gıda endüstrisinden bir örnek olay çalışması. Ekon Sos Araş Derg, 17(1): 1-16."
2923,1319356,23341354,64,Newtonian time and psychological explanation,Journal of Mind and Behavior,1995,Slife BD,apa,Newtonian time and psychological explanation Slife BD Journal of Mind and Behavior 1995,"Slife BD (1995) Newtonian time and psychological explanation. Journal of Mind and Behavior, 16:45-62."
2944,1323707,23544845,9,,,2022,,unparsed,,"Aydın, A. & Türker, Y. Ö. (2022). Orman alanlarının turizme tahsisinde hukuki süreç. TBB Dergisi 160: 125-150."
2945,1323707,23544890,54,Historical political ecology: An introduction,Historical Geography,2004,"Offen, K",apa,"Historical political ecology: An introduction Offen, K Historical Geography 2004","Offen, K. H. (2004). Historical political ecology: An introduction. Historical Geography, 32: 19-42."
2955,1331423,23874781,14,Coğrafya eğitiminde materyaller ve 2005 coğrafya dersi öğretim programı,Kastamonu Eğitim Dergisi,2007,"Demiralp, N",apa,"Coğrafya eğitiminde materyaller ve 2005 coğrafya dersi öğretim programı Demiralp, N Kastamonu Eğitim Dergisi 2007","Demiralp, N. (2007). Coğrafya eğitiminde materyaller ve 2005 coğrafya dersi öğretim programı. Kastamonu Eğitim Dergisi, 15(1), 373-384."
2956,1331423,23874797,30,Biyoloji öğretmenlerinin araç-gereç kullanımına yönelik tutumları,Hacettepe Üniversitesi Eğitim Fakültesi Dergisi,2006,"Köseoğlu, P",apa,"Biyoloji öğretmenlerinin araç-gereç kullanımına yönelik tutumları Köseoğlu, P Hacettepe Üniversitesi Eğitim Fakültesi Dergisi 2006","Köseoğlu, P. ve Soran, H. (2006). Biyoloji öğretmenlerinin araç-gereç kullanımına yönelik tutumları. Hacettepe Üniversitesi Eğitim Fakültesi Dergisi, 30, 159-165."
2966,1288533,22538549,39,Okullarda saldırganlık/şiddet: okul ve öğretmenle ilgili risk faktörleri ve önleme stratejileri,Milli Eğitim Dergisi,2011,"Yavuzer, Y",apa,"Okullarda saldırganlık/şiddet: okul ve öğretmenle ilgili risk faktörleri ve önleme stratejileri Yavuzer, Y Milli Eğitim Dergisi 2011","Yavuzer, Y. (2011). Okullarda saldırganlık/şiddet: okul ve öğretmenle ilgili risk faktörleri ve önleme stratejileri. Milli Eğitim Dergisi, 41(192), 43-61."
2984,1256049,20340190,22,,,2017,,unparsed,,"Karadeniz, M. H. (2017). Geleneksel Çocuk Oyunlarının Matematiğe Uyarlanması ve Uygulanması Sürecindeki Kazanım ve Problemlere Genel Bir Bakış, Kastamonu Education Journal, 25(6), 2245-2262."
2996,1190463,17369262,40,Mevduat ve Katılım Bankalarının Karşılaştırmalı Performans Analizi,Cumhuriyet Üniversitesi İktisadi ve İdari Bilimler Dergisi,2015,"Toraman, C., Ata, H",apa,"Mevduat ve Katılım Bankalarının Karşılaştırmalı Performans Analizi Toraman, C., Ata, H Cumhuriyet Üniversitesi İktisadi ve İdari Bilimler Dergisi 2015","Toraman, C., Ata, H. A., & Buğan, M. Fatih. (2015). Mevduat ve Katılım Bankalarının Karşılaştırmalı Performans Analizi. Cumhuriyet Üniversitesi İktisadi ve İdari Bilimler Dergisi, 16(2), 301-310."
3005,1340907,24232410,83,,,2013,,unparsed,,"Jovev M, McKenzie T, Whittle S ve ark. (2013) Temperament and maltreatment in the emergence of borderline and antisocial personality pathology during early adolescence. J Can Acad Child Adolesc Psychiatry 22:220–9."
3030,1229738,19486442,5,Temel radyolojik inceleme yöntemlerini tanıma,İnönü Üni Sağlık Hizmetleri MYO Dergisi,2017,"Aydoğdu A, Aydoğdu Y, Yakıncı ZD",vancouver,"Temel radyolojik inceleme yöntemlerini tanıma Aydoğdu A, Aydoğdu Y, Yakıncı ZD İnönü Üni Sağlık Hizmetleri MYO Dergisi 2017","5. Aydoğdu A, Aydoğdu Y, Yakıncı ZD. Temel radyolojik inceleme yöntemlerini tanıma. İnönü Üni Sağlık Hizmetleri MYO Dergisi 2017;5(2):44-53."
3041,1283770,21629037,24,Determining education faculty students internet usage purposes,Batman Univ J Life Sci [Article in Turkish,2012,"Tüysüz C, Balaban F, Atalar T",vancouver,"Determining education faculty students internet usage purposes Tüysüz C, Balaban F, Atalar T Batman Univ J Life Sci [Article in Turkish 2012","24. Tüysüz C, Balaban F, Atalar T. Determining education faculty students internet usage purposes. Batman Univ J Life Sci [Article in Turkish] 2012;1:251–60."
3042,1283770,21629059,46,"An investigation of the problematic internet use of teacher candidates based on personality types, shyness and demographic factors",Educ Sci: Theory Pract [Article in Turkish,2011,"Öztürk E, Özmen-Kaymak S",vancouver,"An investigation of the problematic internet use of teacher candidates based on personality types, shyness and demographic factors Öztürk E, Özmen-Kaymak S Educ Sci: Theory Pract [Article in Turkish 2011","47. Öztürk E, Özmen-Kaymak S. An investigation of the problematic internet use of teacher candidates based on personality types, shyness and demographic factors. Educ Sci: Theory Pract [Article in Turkish] 2011;11:1785–808."
3044,1288337,21868818,40,Eğitimbilim araştırmalarında etkin olarak kullanılabilecek nitel bir araştırma tekniği: Görüşme,Kuram ve Uygulamada Eğitim Yönetimi,2000,"Türnüklü, A",apa,"Eğitimbilim araştırmalarında etkin olarak kullanılabilecek nitel bir araştırma tekniği: Görüşme Türnüklü, A Kuram ve Uygulamada Eğitim Yönetimi 2000","Türnüklü, A. (2000). Eğitimbilim araştırmalarında etkin olarak kullanılabilecek nitel bir araştırma tekniği: Görüşme. Kuram ve Uygulamada Eğitim Yönetimi, 24(24), 543-559."
3055,1247897,19981824,47,Styles and quality of learning: a case of language learners,Journal of Elementary Education,2014,"Farooq, M",apa,"Styles and quality of learning: a case of language learners Farooq, M Journal of Elementary Education 2014","Farooq, M. S. (2014). Styles and quality of learning: a case of language learners. Journal of Elementary Education, 25(1), 19-37."
3057,1247897,19981900,123,Language learning strategies among EFL/ESL learners: a review of literature,International Journal of Humanities and Social Science,2012,"Zare, P",apa,"Language learning strategies among EFL/ESL learners: a review of literature Zare, P International Journal of Humanities and Social Science 2012","Zare, P. (2012). Language learning strategies among EFL/ESL learners: a review of literature. International Journal of Humanities and Social Science, 2(5), 162-176."
3058,1321783,23460676,13,Siyasal reklam aracı olarak afişler: 7 Haziran 2015 Genel Seçimleri döneminde Milliyetçi Hareket Partisi reklam afişlerinin analizi,Siirt Üniversitesi Sosyal Bilimler Enstitüsü Dergisi,2018,"Eraslan, M",apa,"Siyasal reklam aracı olarak afişler: 7 Haziran 2015 Genel Seçimleri döneminde Milliyetçi Hareket Partisi reklam afişlerinin analizi Eraslan, M Siirt Üniversitesi Sosyal Bilimler Enstitüsü Dergisi 2018","Eraslan, M. C. (2018). Siyasal reklam aracı olarak afişler: 7 Haziran 2015 Genel Seçimleri döneminde Milliyetçi Hareket Partisi reklam afişlerinin analizi. Siirt Üniversitesi Sosyal Bilimler Enstitüsü Dergisi, 6(12), 379-390."
3065,1287827,22429576,31,Çalışma yaşamı ile yaşam doyumu ilişkisine teorik bakış,İstanbul Üniversitesi İktisat Fakültesi Mecmuası,2005,"Keser, A",apa,"Çalışma yaşamı ile yaşam doyumu ilişkisine teorik bakış Keser, A İstanbul Üniversitesi İktisat Fakültesi Mecmuası 2005","Keser, A. (2005). Çalışma yaşamı ile yaşam doyumu ilişkisine teorik bakış. İstanbul Üniversitesi İktisat Fakültesi Mecmuası, 55(1), 897-913."
3078,1238082,19593505,27,Erzincan üniversitesi öğrencilerinin beslenme alışkanlıkları ve antropometrik özelliklerinin değerlendirilmesi,Erzincan Üniversitesi Sosyal Bilimler Enstitüsü Dergisi,2016,"Özütürker, S",apa,"Erzincan üniversitesi öğrencilerinin beslenme alışkanlıkları ve antropometrik özelliklerinin değerlendirilmesi Özütürker, S Erzincan Üniversitesi Sosyal Bilimler Enstitüsü Dergisi 2016","Özütürker, S. ve Özer, B. K. (2016). Erzincan üniversitesi öğrencilerinin beslenme alışkanlıkları ve antropometrik özelliklerinin değerlendirilmesi. Erzincan Üniversitesi Sosyal Bilimler Enstitüsü Dergisi, 9(2):63-74."
3087,1183551,17048585,3,Effect of spraying thiamin and salicylic acid on growth and flowering of Zinnia elegans L,Advances in Agriculture & Botanics,2015,"Al-Abbasi, A",apa,"Effect of spraying thiamin and salicylic acid on growth and flowering of Zinnia elegans L Al-Abbasi, A Advances in Agriculture & Botanics 2015","Al-Abbasi, A. M., Abbas, J. A. and Al-Zurfi, M. T. (2015). Effect of spraying thiamin and salicylic acid on growth and flowering of Zinnia elegans L. Advances in Agriculture & Botanics, 7(1): 44-50."
3100,1269049,20878445,29,Deprem ve dini başa çıkma,Hitit Üniversitesi İlahiyat Fakültesi Dergisi,2002,"Kula, N",apa,"Deprem ve dini başa çıkma Kula, N Hitit Üniversitesi İlahiyat Fakültesi Dergisi 2002","Kula, N. (2002). Deprem ve dini başa çıkma. Hitit Üniversitesi İlahiyat Fakültesi Dergisi, 1(1), 234-255."
3138,1249244,20082494,48,"Lojistik performans ve ekonomik büyüme arasındaki ilişki: Orta-Doğu, Avrupa ülkeleri ve Türkiye örneği","Journal of International Management, Educational and Economics Perspectives",2019,"Şimşek, T",apa,"Lojistik performans ve ekonomik büyüme arasındaki ilişki: Orta-Doğu, Avrupa ülkeleri ve Türkiye örneği Şimşek, T Journal of International Management, Educational and Economics Perspectives 2019","Şimşek, T. & Yiğit, E. (2019). Lojistik performans ve ekonomik büyüme arasındaki ilişki: Orta-Doğu, Avrupa ülkeleri ve Türkiye örneği. Journal of International Management, Educational and Economics Perspectives, 7(2), 169-177."
3194,1244146,19833839,20,"Politik İstikrarsızlık, Belirsizlik ve Makroekonomi: Türkiye Örneği (1970-2006)",Marmara Üniversitesi İktisadi ve İdari Bilimler Dergisi,2011,"Demirgil, H",apa,"Politik İstikrarsızlık, Belirsizlik ve Makroekonomi: Türkiye Örneği (1970-2006) Demirgil, H Marmara Üniversitesi İktisadi ve İdari Bilimler Dergisi 2011","Demirgil, H. (2011). Politik İstikrarsızlık, Belirsizlik ve Makroekonomi: Türkiye Örneği (1970-2006). Marmara Üniversitesi İktisadi ve İdari Bilimler Dergisi, 31(2), 123-144."
3196,1342537,24311005,2,Üniversitelerde kampus yerleşme biçimleri,Yapı Derg,2002,Begeç H,loose_year,Üniversitelerde kampus yerleşme biçimleri Begeç H Yapı Derg 2002,"Begeç H. 2002. Üniversitelerde kampus yerleşme biçimleri. Yapı Derg, 252: 57-63."
3210,1272002,21026266,35,Serdülők okostelefon-használata [Smartphone usage among adolescents],Psychiatria Hungarica: A Magyar Pszichiatriai Tarsasag Tudomanyos Folyoirata,2015,"Körmendi, A",apa,"Serdülők okostelefon-használata [Smartphone usage among adolescents] Körmendi, A Psychiatria Hungarica: A Magyar Pszichiatriai Tarsasag Tudomanyos Folyoirata 2015","Körmendi, A. (2015). Serdülők okostelefon-használata [Smartphone usage among adolescents]. Psychiatria Hungarica: A Magyar Pszichiatriai Tarsasag Tudomanyos Folyoirata, 30(3), 297–302."
3233,1313130,22933441,5,Digit ratio (2D:4D) and relative age effect (RAE) in physical fitness testing performance on male and female adolescents,Malaysian Journal of Sport Science and Recreation,2024,"Azam, Z., Sanuddin, N",apa,"Digit ratio (2D:4D) and relative age effect (RAE) in physical fitness testing performance on male and female adolescents Azam, Z., Sanuddin, N Malaysian Journal of Sport Science and Recreation 2024","Azam, Z., Sanuddin, N. D., Isa, K. A., Kassim, N. A. M., Kosni, N. A., Yazid, U. M., … et al. (2024). Digit ratio (2D:4D) and relative age effect (RAE) in physical fitness testing performance on male and female adolescents. Malaysian Journal of Sport Science and Recreation, 20(2), 1-13."
3252,1324463,23574502,6,Altın Fiyatlarının İMKB 100 Endeksi’ne Etkisi Ve Bu Etkinin Ölçümlenmesi,Atatürk Üniversitesi İktisadi Ve İdari Bilimler Dergisi,2011,"Balı, S., & Cinel, M",apa,"Altın Fiyatlarının İMKB 100 Endeksi’ne Etkisi Ve Bu Etkinin Ölçümlenmesi Balı, S., & Cinel, M Atatürk Üniversitesi İktisadi Ve İdari Bilimler Dergisi 2011","Balı, S., & Cinel, M. (2011). Altın Fiyatlarının İMKB 100 Endeksi’ne Etkisi Ve Bu Etkinin Ölçümlenmesi. Atatürk Üniversitesi İktisadi Ve İdari Bilimler Dergisi, 25(3-4), 45-63."
3256,1342066,24289522,19,Revisiting Vygotsky's Sociocultural Theory: Implications for Teacher Education,International Journal of Research in Education and Science,2019,"Khadijeh, M., & Yaghoubi, J",apa,"Revisiting Vygotsky's Sociocultural Theory: Implications for Teacher Education Khadijeh, M., & Yaghoubi, J International Journal of Research in Education and Science 2019","Khadijeh, M., & Yaghoubi, J. (2019). Revisiting Vygotsky's Sociocultural Theory: Implications for Teacher Education. International Journal of Research in Education and Science, 5(2), 365-373."
3263,1219704,19137326,38,Relationship between functional movement screening and performance tests in elite university female netball players,"South African Journal for Research in Sport, Physical Education and Recreation",2017,"Venter, R",apa,"Relationship between functional movement screening and performance tests in elite university female netball players Venter, R South African Journal for Research in Sport, Physical Education and Recreation 2017","Venter, R. E., Masterson, C., Tidbury, G. B., & Krkeljas, Z. (2017). Relationship between functional movement screening and performance tests in elite university female netball players. South African Journal for Research in Sport, Physical Education and Recreation, 39(1), 189-198."
3309,1212866,18778013,28,,,,,unparsed,,"Demir, K. (1988b). Tartışılmayacak Mı? Efendisiz Dergisi, 1, 4-5."
3342,1347318,24500129,17,Comparison of energy use efficiency of different tillage methods and notillage on the secondary crop sunflower production,Journal of Tekirdag Agricultural Faculty,2016,"Bayhan, Y",apa,"Comparison of energy use efficiency of different tillage methods and notillage on the secondary crop sunflower production Bayhan, Y Journal of Tekirdag Agricultural Faculty 2016","Bayhan, Y. (2016). Comparison of energy use efficiency of different tillage methods and notillage on the secondary crop sunflower production. Journal of Tekirdag Agricultural Faculty, 13(2): 102-109 (In Turkish)"
3344,1232199,19556520,16,Managing business attributes and performance for commercial banks,The Journal of American Academy of Business,2006,"Chang, C.P",apa,"Managing business attributes and performance for commercial banks Chang, C.P The Journal of American Academy of Business 2006","Chang, C.P. (2006). Managing business attributes and performance for commercial banks. The Journal of American Academy of Business, 9 (1), 104-109."
3345,1232199,19556526,22,Structure and stability of the Kazakhstan banking system,Karamanoğlu Mehmetbey Üniversitesi Sosyal ve Ekonomik Araştırmalar Dergisi,2022,"Delice, G., & Karadaş, H",apa,"Structure and stability of the Kazakhstan banking system Delice, G., & Karadaş, H Karamanoğlu Mehmetbey Üniversitesi Sosyal ve Ekonomik Araştırmalar Dergisi 2022","Delice, G., & Karadaş, H. A. (2022). Structure and stability of the Kazakhstan banking system. Karamanoğlu Mehmetbey Üniversitesi Sosyal ve Ekonomik Araştırmalar Dergisi, 24(42), 387-414."
3376,1228335,19155404,28,Anasınıfı öğretmenlerinin akran zorbalığı ile ilgili algıları,Sakarya Üniversitesi Eğitim Fakültesi Dergisi,2009,"Şahin, M., Demirağ, S",apa,"Anasınıfı öğretmenlerinin akran zorbalığı ile ilgili algıları Şahin, M., Demirağ, S Sakarya Üniversitesi Eğitim Fakültesi Dergisi 2009","Şahin, M., Demirağ, S. & Aykaç, F., (2009). Anasınıfı öğretmenlerinin akran zorbalığı ile ilgili algıları. Sakarya Üniversitesi Eğitim Fakültesi Dergisi, 1(17), 1-16."
3438,1348895,24566399,2,Academic self-efficacy in reading as a predictor of metacomprehension among Arabic non-native speakers,International Journal of Applied Psychology,2014,"Al Ghraibeh, A",apa,"Academic self-efficacy in reading as a predictor of metacomprehension among Arabic non-native speakers Al Ghraibeh, A International Journal of Applied Psychology 2014","[2] Al Ghraibeh, A. M. A. (2014). Academic self-efficacy in reading as a predictor of metacomprehension among Arabic non-native speakers. International Journal of Applied Psychology, 4(1), 1-12."
3440,1348895,24566466,69,Anxiety and foreign language listening,English Teaching,2002,"Kim, J",apa,"Anxiety and foreign language listening Kim, J English Teaching 2002","[69] Kim, J. (2002). Anxiety and foreign language listening. English Teaching, 57, 3–34."
3448,1351824,24679006,27,“Deri lezyonlarının evrişimsel yapay sinir ağları ile sınıflandırılması”,Pamukkale Üniversitesi Mühendislik Bilimleri Dergisi,2022,"Bilginer O, Tunga B, Demirer RM",volume_pages,"“Deri lezyonlarının evrişimsel yapay sinir ağları ile sınıflandırılması” Bilginer O, Tunga B, Demirer RM Pamukkale Üniversitesi Mühendislik Bilimleri Dergisi 2022","[28] Bilginer O, Tunga B, Demirer RM. “Deri lezyonlarının evrişimsel yapay sinir ağları ile sınıflandırılması”. Pamukkale Üniversitesi Mühendislik Bilimleri Dergisi, 28(2), 208-214, 2022."
3452,1222866,19308971,3,,,2007,,unparsed,,"Bleve-Zacheo, T., Melillo, M. T., Castagnone-Sereno, P. (2007) The contribution of biotechnology to root-knot nematode control in tomato plants. Pest Tech 1(1):1–16."
3456,1325453,23613399,33,Ortaokul Türkiye Cumhuriyeti inkılâp tarihi ve Atatürkçülük dersi ders ve çalışma kitaplarında Türk-Ermeni ilişkileri,Uluslararası Toplum Araştırmaları Dergisi (OPUS,2016,"Güven, C",apa,"Ortaokul Türkiye Cumhuriyeti inkılâp tarihi ve Atatürkçülük dersi ders ve çalışma kitaplarında Türk-Ermeni ilişkileri Güven, C Uluslararası Toplum Araştırmaları Dergisi (OPUS 2016","Güven, C. (2016). Ortaokul Türkiye Cumhuriyeti inkılâp tarihi ve Atatürkçülük dersi ders ve çalışma kitaplarında Türk-Ermeni ilişkileri. Uluslararası Toplum Araştırmaları Dergisi (OPUS), 6(11), 563-582."
3458,1325453,23613423,57,Diaspora Ararat’ı ararken: Ermeni kimliği ve soykırım iddiaları,Ermeni Araştırmaları,2004,"Özdemir, H",apa,"Diaspora Ararat’ı ararken: Ermeni kimliği ve soykırım iddiaları Özdemir, H Ermeni Araştırmaları 2004","Özdemir, H. (2004). Diaspora Ararat’ı ararken: Ermeni kimliği ve soykırım iddiaları. Ermeni Araştırmaları, 4 (14-15), 75-97."
3469,1186343,17541093,53,,,2001,,unparsed,,"Tiryaki, Ş., ve Toros (Kazak), Z. (2001, 11-12 Ekim). Spor için liderlik ölçeği’nin koçun davranışlarını algılaması versiyonunun geçerlik ve güvenirlik çalışması: Ön bulgular. II. Uluslararası Spor Psikolojisi Sempozyumu, Ege Üniversitesi, İzmir."
3478,1239554,19658056,8,COVID-19 sürecinde değişen beslenme alışkanlıkları: Covid-19 hastalığını geçiren aileler örnekleminde nitel durum araştırması,Avrasya Turizm Araştırmaları Dergisi,2021,"Güler, O., Günaylı, H",loose_year,"COVID-19 sürecinde değişen beslenme alışkanlıkları: Covid-19 hastalığını geçiren aileler örnekleminde nitel durum araştırması Güler, O., Günaylı, H Avrasya Turizm Araştırmaları Dergisi 2021","Güler, O., Günaylı, H., 2021. COVID-19 sürecinde değişen beslenme alışkanlıkları: Covid-19 hastalığını geçiren aileler örnekleminde nitel durum araştırması. Avrasya Turizm Araştırmaları Dergisi, 2(2): 67-81."
3482,1186825,17694419,38,,,2007,,unparsed,,"Pak, Zekeriya. “Meâllerde Parantez Kullanımının Gerekçeleri ve Anlam ve Dil Estetiği Açısından Yol Açtığı Problemler”. DİB Kur’ân Meâlleri Sempozyumu. 2 Cilt. Ankara: Diyanet İşleri Başkanlığı Ya-yınları, 2007, 439-456."
3519,1325970,23631882,9,,,2007,,unparsed,,"Beksaç, E. (2007). Doğu Trakya'da Traklar. Aktüel Arkeoloji, 3, 25-41."
3521,1299545,23300906,74,,,,,unparsed,,"Röpke, W. (1953b), “Zamanımızda Sermaye Tedariki ve Sermayenin Kullanılması II”, (Çev. S. Keskinoğlu), Mensucat Meslek Dergisi, 6(1), 1-4."
3527,1211625,18521233,48,A Comprehensive Analysis of Managers Working in the Turkish Tourism Sector,Elektronik Sosyal Bilimler Dergisi,2010,"Kızıl, A., Güler, F., Ceylan, C., Kızıl, C., Keskin, A",apa,"A Comprehensive Analysis of Managers Working in the Turkish Tourism Sector Kızıl, A., Güler, F., Ceylan, C., Kızıl, C., Keskin, A Elektronik Sosyal Bilimler Dergisi 2010","Kızıl, A., Güler, F., Ceylan, C., Kızıl, C., Keskin, A. İ., & Buget, P. (2010). A Comprehensive Analysis of Managers Working in the Turkish Tourism Sector. Elektronik Sosyal Bilimler Dergisi, 9(34), 205-222."
3528,1211625,18521267,82,Regional Acupuncture for Izmir Peninsula: Creating Capital Web for Creative Eco-Tourism. J. Environ. Prot,Ecol,2016,"Velibeyoglu, K",apa,"Regional Acupuncture for Izmir Peninsula: Creating Capital Web for Creative Eco-Tourism. J. Environ. Prot Velibeyoglu, K Ecol 2016","Velibeyoglu, K. (2016). Regional Acupuncture for Izmir Peninsula: Creating Capital Web for Creative Eco-Tourism. J. Environ. Prot. Ecol, 17, 666-674."
3541,1265909,20738925,50,Gebelerin Doğum Şekline Karar Verme Durumlarının İncelenmesi,Dokuz Eylül Üniversitesi Hemşirelik Fakültesi Elektronik Dergisi,2013,"Vatansever Z, Okumuş H",vancouver,"Gebelerin Doğum Şekline Karar Verme Durumlarının İncelenmesi Vatansever Z, Okumuş H Dokuz Eylül Üniversitesi Hemşirelik Fakültesi Elektronik Dergisi 2013","50. Vatansever Z, Okumuş H. Gebelerin Doğum Şekline Karar Verme Durumlarının İncelenmesi. Dokuz Eylül Üniversitesi Hemşirelik Fakültesi Elektronik Dergisi. 2013;6(2):81-87."
3549,1305700,23597236,3,Konya’da Sırçalı Medresenin Rölöve ve Mimarisi,Türk Arkeoloji Dergisi,1970,"Akok, M",apa,"Konya’da Sırçalı Medresenin Rölöve ve Mimarisi Akok, M Türk Arkeoloji Dergisi 1970","Akok, M. (1970). Konya’da Sırçalı Medresenin Rölöve ve Mimarisi. Türk Arkeoloji Dergisi, 18(1), 5-35."
3569,1307915,23669509,18,,,2005,,unparsed,,"18. Falsetto A, Della Corte M, De Pascale V, Surfaro G, and Cennamo A. Iatrogenic splenic injuries. Annali Italiani di chirurgia. 2005;76(2):175-81."
3573,1182187,16990886,60,Effects of the 2005 Muzaffarabad (Kashmir) earthquake on built environment,Current Science,2006,"Rai, D",apa,"Effects of the 2005 Muzaffarabad (Kashmir) earthquake on built environment Rai, D Current Science 2006","Rai, D. C., & Murty, C. (2006). Effects of the 2005 Muzaffarabad (Kashmir) earthquake on built environment. Current Science, 90(8), 1066-1070."
3581,1321584,23451143,7,Namusun Göstergebilimsel Analizi: “Camdaki Kız” Örneği,International Journal of Social And Humanities Sciences,2022,"Basmacı, P",apa,"Namusun Göstergebilimsel Analizi: “Camdaki Kız” Örneği Basmacı, P International Journal of Social And Humanities Sciences 2022","Basmacı, P. (2022). Namusun Göstergebilimsel Analizi: “Camdaki Kız” Örneği. International Journal of Social And Humanities Sciences, 6(2), 23-48."
3590,1270945,21076117,5,,,2004,,unparsed,,"Bardakcı, A. (2004), “Küresel Pazarda Fiyatlandırma Bileşeni Üzerindeki İnternet Baskısı”, Pi Pazarlama ve İletişim Kültürü Dergisi, 3(8), 53-59."
3594,1375142,26090205,36,Coping with anxiety and pain by adolescents with juvenile idiopathic arthritis,Clinical Experimental Medicine Letters,2010,"Banasiak B, Smolewska E, Zygmunt A, Lipińska J, BiernackaZielińska M, Stańczyk J",vancouver,"Coping with anxiety and pain by adolescents with juvenile idiopathic arthritis Banasiak B, Smolewska E, Zygmunt A, Lipińska J, BiernackaZielińska M, Stańczyk J Clinical Experimental Medicine Letters 2010","[36] Banasiak B, Smolewska E, Zygmunt A, Lipińska J, Biernacka- Zielińska M, Stańczyk J. Coping with anxiety and pain by adolescents with juvenile idiopathic arthritis. Clinical Experimental Medicine Letters. 2010;51(1):1–5."
3596,1381005,26284666,39,A psychometric-based approach to credit scoring: A study on Malaysian small and medium enterprises,"Journal of Asian Finance, Economics and Business",2019,"Ng, W",apa,"A psychometric-based approach to credit scoring: A study on Malaysian small and medium enterprises Ng, W Journal of Asian Finance, Economics and Business 2019","Ng, W. L., & Cheong, C. S. (2019). A psychometric-based approach to credit scoring: A study on Malaysian small and medium enterprises. Journal of Asian Finance, Economics and Business, 6(3), 111-118."
3658,1235991,19528271,4,Jinekoloji polikliniğine başvuran kadınların genital hijyen davranışları,Atatürk Üniversitesi Hemşirelik Yüksekokulu Dergisi,2009,"Beydağ, K",apa,"Jinekoloji polikliniğine başvuran kadınların genital hijyen davranışları Beydağ, K Atatürk Üniversitesi Hemşirelik Yüksekokulu Dergisi 2009","Beydağ, K. D. (2009). Jinekoloji polikliniğine başvuran kadınların genital hijyen davranışları. Atatürk Üniversitesi Hemşirelik Yüksekokulu Dergisi, 12(2), 105- 107."
3671,1272701,21057223,22,"Performance, carcass quality, blood parameters and immune system of broilers fed diets supplemented with oregano oil (Origanum sp.)",Ann Biol Res,2011,Mansoub N,vancouver,"Performance, carcass quality, blood parameters and immune system of broilers fed diets supplemented with oregano oil (Origanum sp.) Mansoub N Ann Biol Res 2011","22. Mansoub N. Performance, carcass quality, blood parameters and immune system of broilers fed diets supplemented with oregano oil (Origanum sp.). Ann Biol Res. 2011;2(6):652-656."
3686,1312159,22868887,20,English pronunciation instruction: A literature review,International Journal of Research in English Education,2016,"Gilakjani, A",apa,"English pronunciation instruction: A literature review Gilakjani, A International Journal of Research in English Education 2016","Gilakjani, A. P. (2016). English pronunciation instruction: A literature review. International Journal of Research in English Education, 1(1), 1-6."
3687,1312159,22868908,41,Does pronunciation instruction make any sense? EFL learners and teachers' beliefs,International Journal of Curriculum and Instruction,2018,"Üstünbas, Ü",apa,"Does pronunciation instruction make any sense? EFL learners and teachers' beliefs Üstünbas, Ü International Journal of Curriculum and Instruction 2018","Üstünbas, Ü. (2018). Does pronunciation instruction make any sense? EFL learners and teachers' beliefs. International Journal of Curriculum and Instruction, 10(1), 71-84."
3689,1354167,24769441,36,,,2002,,unparsed,,"Özdoğan 2002: M. Özdoğan, “Redefining the Neolithic of Anatolia”, R. Cappers, S. Bottema (ed), The dawn of farming in the Near East, Studies in Early Near Eastern Production, Subsistence, and Environment 6, Ex oriente, Berlin 2002, 153-158."
3727,1192083,17449585,25,Tickborne Diseases: Diagnosis and Management,May 1,2020,"Pace EJ, O'Reilly M",vancouver,"Tickborne Diseases: Diagnosis and Management Pace EJ, O'Reilly M May 1 2020","25. Pace EJ, O'Reilly M. Tickborne Diseases: Diagnosis and Management. Am Fam Physician. May 1 2020;101(9):530-540."
3730,1281180,21481746,20,,,2021,,unparsed,,"Tanyılmaz, K., Karahan, M., Kalkınma ve İnşaat Sektörü: Türkiye Örneği, Ardahan Üniversitesi İktisadi ve İdari Bilimler Fakültesi Dergisi, 3(1), 62-68, 2021."
3759,1354570,24786591,40,"Sürdürülebilirlik kapsamında ekoturizmin çevresel, ekonomik ve sosyo-kültürel etkileri",Kastamonu University Journal of Forestry Faculty,2009,"(40) Kuter, N., & Ünal, H",apa,"Sürdürülebilirlik kapsamında ekoturizmin çevresel, ekonomik ve sosyo-kültürel etkileri (40) Kuter, N., & Ünal, H Kastamonu University Journal of Forestry Faculty 2009","(40) Kuter, N., & Ünal, H. E. (2009). Sürdürülebilirlik kapsamında ekoturizmin çevresel, ekonomik ve sosyo-kültürel etkileri. Kastamonu University Journal of Forestry Faculty, 9(2), 146-156."
3769,1174652,16644186,5,,,,,unparsed,,"Acar İ, Uzun Y, Demirel K, Keleş A (20159. Macrofungal diversity of Hani (Diyarbakır/Turkey) district. Biological Diversity and Conservation 8(1): 28-34."
3770,1174652,16644243,62,,,1994,,unparsed,,Demirel K (1994). Ardanuç (Artvin) Yöresi Makrofungusları-II. Yüzüncü Yıl Üniversitesi Fen Edebiyat Fakültesi Fen Bilimleri Dergisi 5(5): 139-146.
3771,1174652,16644249,68,,,2003,,unparsed,,"Demirel K, Kaya A, Uzun Y (2003). Macrofungi of Erzurum Province. Turkish Journal of Botany 27(1): 29-36."
3772,1174652,16644266,85,,,2006,,unparsed,,"Doğan HH, Öztürk C (2006). Macrofungi and their distribution in Karaman Province, Turkey. Turkish Journal of Botany 30(3): 193-207."
3773,1174652,16644267,86,,,2002,,unparsed,,"Doğan HH, Öztürk C, Kaşık G (2002). Two new Peziza records from Mut environ. The Herb Journal of Systematic Botany 9(2): 117-122."
3800,1198293,17788657,26,Design and development e-learning system by learning management system (lms) in vocational education,Online Submission,2020,"Rabiman, R., M",apa,"Design and development e-learning system by learning management system (lms) in vocational education Rabiman, R., M Online Submission 2020","Rabiman, R., M. Nurtanto, and N. Kholifah. (2020). Design and development e-learning system by learning management system (lms) in vocational education. Online Submission, 9 (1): 1059-1063."
3812,1284085,21649579,77,"Sigara bırakma polikliniğine başvuran kişilerde d tipi kişilik, dürtüsellik, çocukluk çağı travmaları, anksiyete ve depresyon düzeyleri",Ankara Medical Journal,2019,"Yağcı, İ., Perincek, G",apa,"Sigara bırakma polikliniğine başvuran kişilerde d tipi kişilik, dürtüsellik, çocukluk çağı travmaları, anksiyete ve depresyon düzeyleri Yağcı, İ., Perincek, G Ankara Medical Journal 2019","Yağcı, İ., Perincek, G. ve Kıvrak, Y. (2019). Sigara bırakma polikliniğine başvuran kişilerde d tipi kişilik, dürtüsellik, çocukluk çağı travmaları, anksiyete ve depresyon düzeyleri. Ankara Medical Journal, 19(3), 582-590."
3814,1367483,25339435,18,,,2018,,unparsed,,"Eren, E. (2018). Bilim(ler) ve İktisat. Yıldız Social Science Review, 4(2), 93-110."
3821,1351344,24661599,81,Contextual factors that enhance and impair directed motivational currents in instructed L2 classroom settings,Novitas-ROYAL,2019,"(81) Sak, M",apa,"Contextual factors that enhance and impair directed motivational currents in instructed L2 classroom settings (81) Sak, M Novitas-ROYAL 2019","(81) Sak, M. (2019). Contextual factors that enhance and impair directed motivational currents in instructed L2 classroom settings. Novitas-ROYAL, 13, 155–174."
3842,1370916,25464586,22,,,2011,,unparsed,,"ÖZDÖL, S. (2011). “Çanak Çömleksiz Neolitik Çağda Güneydoğu Anadolu’da Din ve Sosyal Yapı”. Tarih İncelemeleri Dergisi C.26, S.1, 173-99."
3876,1175174,16910127,32,,,2012,,unparsed,,"Tanman, M. B. (2012). Üsküdar Mevlevîhânesi. TDV İslam An- siklopedisi. (42: 372-374) İstanbul: Türkiye Diyanet Vakfı Yayını."
3902,1382105,26529072,4,Romatizmal mitral darlığı olan hastalarda sessiz beyin infarktı sıklığı,Türk Kardiyol Dern Arş,2000,"Akdemir İ, Dağdelen S, Çelik Ş",vancouver,"Romatizmal mitral darlığı olan hastalarda sessiz beyin infarktı sıklığı Akdemir İ, Dağdelen S, Çelik Ş Türk Kardiyol Dern Arş 2000","4. Akdemir İ, Dağdelen S, Çelik Ş, et al. Romatizmal mitral darlığı olan hastalarda sessiz beyin infarktı sıklığı. Türk Kardiyol Dern Arş. 2000; 28: 673-77."
3911,1250164,21045725,30,Efficiency Ratios and Community Bank Performance,Journal of Finance and Accountancy,2008,"Hays, H., De Lurgio, A",apa,"Efficiency Ratios and Community Bank Performance Hays, H., De Lurgio, A Journal of Finance and Accountancy 2008","Hays, H., De Lurgio, A. &A. Gilbert (2008). Efficiency Ratios and Community Bank Performance. Journal of Finance and Accountancy, 1, 1-15."
3914,1293140,23041467,55,Is listening comprehension influenced by the background knowledge of the learners? A case study of Iranian EFL learners,The Linguistics Journal,2002,"Sadighi, F., & Zare, S",apa,"Is listening comprehension influenced by the background knowledge of the learners? A case study of Iranian EFL learners Sadighi, F., & Zare, S The Linguistics Journal 2002","Sadighi, F., & Zare, S. (2002). Is listening comprehension influenced by the background knowledge of the learners? A case study of Iranian EFL learners. The Linguistics Journal, 1(3), 110–126."
3918,1196693,17709243,31,Motivation in action: A process model of l2 motivation,Working Papers in Applied Linguistics,1998,"Dörnyei, Z., ve Otto, I",apa,"Motivation in action: A process model of l2 motivation Dörnyei, Z., ve Otto, I Working Papers in Applied Linguistics 1998","Dörnyei, Z., ve Otto, I. (1998). Motivation in action: A process model of l2 motivation. Working Papers in Applied Linguistics, 4, 43-69."
3935,1221730,19627579,13,Keçiboynuzu Meyvesi Ceratonia siliqua L,Akademik Gıda,2016,"Pazır F, Alper Y",vancouver,"Keçiboynuzu Meyvesi Ceratonia siliqua L Pazır F, Alper Y Akademik Gıda 2016","13. Pazır F, Alper Y. Keçiboynuzu Meyvesi Ceratonia siliqua L. ve Sağlık. Akademik Gıda. 2016;14(3):302–6."
3937,1353921,24761291,27,The effect of TRX suspension training on physical capacity of young sedentaries,The Journal of Eurasia Sport Sciences and Medicine,2021,"Pancar S, Topçu H, Arabacı R, Vardar T",vancouver,"The effect of TRX suspension training on physical capacity of young sedentaries Pancar S, Topçu H, Arabacı R, Vardar T The Journal of Eurasia Sport Sciences and Medicine 2021","Pancar S, Topçu H, Arabacı R, Vardar T. The effect of TRX suspension training on physical capacity of young sedentaries. The Journal of Eurasia Sport Sciences and Medicine. 2021;3(1):24-32. [Link]"
3948,1179752,16876458,11,,,2016,,unparsed,,"Hüseyni, İ., Çakmak E., (2016). Türkiye'de ihracat ve ekonomik büyüme ilişkisi: eş-bütünleşme ve nedensellik analizi. Atatürk Üniversitesi İktisadi ve İdari Bilimler Dergisi 30(4): 831- 844."
3965,1332079,23906588,19,Bireysel iki dillilik ve toplumsal iki dillilik. [Individual bilingualism and social bilingualism],Türk Dili Dil ve Edebiyat Dergisi,2011,"Karaağaç, G",apa,"Bireysel iki dillilik ve toplumsal iki dillilik. [Individual bilingualism and social bilingualism] Karaağaç, G Türk Dili Dil ve Edebiyat Dergisi 2011","Karaağaç, G. (2011). Bireysel iki dillilik ve toplumsal iki dillilik. [Individual bilingualism and social bilingualism]. Türk Dili Dil ve Edebiyat Dergisi, 717, 222-228."
3967,1267428,20801558,67,Web Tabanlı Uzaktan Eğitim Yönteminin Öğrencilerin Matematik Başarılarına Etkileri,Kastamonu Eğitim Dergisi,2015,"Yorgancı, S",apa,"Web Tabanlı Uzaktan Eğitim Yönteminin Öğrencilerin Matematik Başarılarına Etkileri Yorgancı, S Kastamonu Eğitim Dergisi 2015","Yorgancı, S. (2015). Web Tabanlı Uzaktan Eğitim Yönteminin Öğrencilerin Matematik Başarılarına Etkileri. Kastamonu Eğitim Dergisi, 23(3), 1401-1420."
3977,1337447,24116351,25,Current techniques in bankruptcy prediction,Journal of Accounting Literature,1987,"Jones, F",apa,"Current techniques in bankruptcy prediction Jones, F Journal of Accounting Literature 1987","Jones, F. L. (1987). Current techniques in bankruptcy prediction. Journal of Accounting Literature, 6, 131-164."
3978,1337447,24116356,30,Detecting financial failure with the assistance of financial statements: an implementation in BIST,Avrasya Sosyal ve Ekonomi Araştırmaları Dergisi,2022,"Karasioğlu, F",apa,"Detecting financial failure with the assistance of financial statements: an implementation in BIST Karasioğlu, F Avrasya Sosyal ve Ekonomi Araştırmaları Dergisi 2022","Karasioğlu, F. & Kınalı, F. (2022). Detecting financial failure with the assistance of financial statements: an implementation in BIST. Avrasya Sosyal ve Ekonomi Araştırmaları Dergisi, 9(3), 197-221."
3985,1223928,18919376,24,,,1990,,unparsed,,"Wisser, Richard. (1990). Friedrich Nietzsche: Üstün İnsan Görünürde mi? Felsefe Arkivi Dergisi, 27, 75-97."
3999,1304202,22542288,19,,,2009,,unparsed,,"Dağdeviren, Alican. “Kur’ân’ın Fonetik İ‘câzı”. Sakarya Üniversitesi İlahiyat Fakültesi Dergisi 20 (2009), 49-63."
4004,1182384,16998270,1,Encouraging research in maritime education & training,Journal of Maritime transport and engineering,2012,"Albayrak, T., and Ziarati, R",apa,"Encouraging research in maritime education & training Albayrak, T., and Ziarati, R Journal of Maritime transport and engineering 2012","Albayrak, T., and Ziarati, R. (2012). Encouraging research in maritime education & training. Journal of Maritime transport and engineering, 1(1), 4-10."
4005,1182384,16998276,7,Effectiveness of basic safety training among cruise line students,Asia Pacific Journal of Multidisciplinary Research,2014,"Buted, D",apa,"Effectiveness of basic safety training among cruise line students Buted, D Asia Pacific Journal of Multidisciplinary Research 2014","Buted, D. R., Felicen, M. S. S., Macatangay, J. E. G., Andal, N. J. F., Pangpang, K. N. R., Suayan, M. C. V., and De Leon, J. D. (2014). Effectiveness of basic safety training among cruise line students. Asia Pacific Journal of Multidisciplinary Research, 2(3), 161-169"
4037,1249602,20702555,46,,,1865,,unparsed,,"Birinci, Ali. ""Mehmed Şerif Paşa (1865-1951) "". İstanbul: DİA. C. 39, 2010: 1-2."
4046,1300984,23046625,66,Öğretmen adaylarının sosyo-bilimsel konulardaki inançları: Nükleer enerji,Eskişehir Osmangazi Üniversitesi Türk Dünyası Uygulama ve Araştırma Merkezi Eğitim Dergisi,2020,"Sevim, S., & Ayvacı, H",apa,"Öğretmen adaylarının sosyo-bilimsel konulardaki inançları: Nükleer enerji Sevim, S., & Ayvacı, H Eskişehir Osmangazi Üniversitesi Türk Dünyası Uygulama ve Araştırma Merkezi Eğitim Dergisi 2020","Sevim, S., & Ayvacı, H. Ş. (2020). Öğretmen adaylarının sosyo-bilimsel konulardaki inançları: Nükleer enerji. Eskişehir Osmangazi Üniversitesi Türk Dünyası Uygulama ve Araştırma Merkezi Eğitim Dergisi, 5(1), 25- 39."
4055,1206412,18151769,3,Marshall Yardımları: Türkiye’nin Dışa Bağımlılık Sürecine Etkileri,Biga İktisadi ve İdari Bilimler Fakültesi Dergisi,2021,"Ay, İ",apa,"Marshall Yardımları: Türkiye’nin Dışa Bağımlılık Sürecine Etkileri Ay, İ Biga İktisadi ve İdari Bilimler Fakültesi Dergisi 2021","Ay, İ. C. (2021). Marshall Yardımları: Türkiye’nin Dışa Bağımlılık Sürecine Etkileri. Biga İktisadi ve İdari Bilimler Fakültesi Dergisi, 2 (1), 53-64."
4134,1270122,20934474,13,İş değerlendirme sürecinde analitik hiyerarşi prosesi ve uygulaması,Gazi Üniversitesi Mühendislik Mimarlık Fakültesi Dergisi,2004,"Dağdeviren, M., Akay, D., Kurt, M",loose_year,"İş değerlendirme sürecinde analitik hiyerarşi prosesi ve uygulaması Dağdeviren, M., Akay, D., Kurt, M Gazi Üniversitesi Mühendislik Mimarlık Fakültesi Dergisi 2004","Dağdeviren, M., Akay, D., Kurt, M., 2004. İş değerlendirme sürecinde analitik hiyerarşi prosesi ve uygulaması. Gazi Üniversitesi Mühendislik Mimarlık Fakültesi Dergisi, 19(2): 131-138."
4157,1307739,22666444,52,Dış borçlanma ve ekonomik büyüme ilişkisi: Türkiye örneği (1965-2007),Atatürk Üniversitesi İktisadi ve İdari Bilimler Dergisi,2009,"Uysal, D., Özer, H., & Mucuk, M",apa,"Dış borçlanma ve ekonomik büyüme ilişkisi: Türkiye örneği (1965-2007) Uysal, D., Özer, H., & Mucuk, M Atatürk Üniversitesi İktisadi ve İdari Bilimler Dergisi 2009","Uysal, D., Özer, H., & Mucuk, M. (2009). Dış borçlanma ve ekonomik büyüme ilişkisi: Türkiye örneği (1965-2007). Atatürk Üniversitesi İktisadi ve İdari Bilimler Dergisi, 23(4), 161-178."
4192,1363735,25179909,26,Klinik örneklerden izole edilen karbapenem dirençli Klebsiella pneumoniae ve Escherichia coli suşlarında antibiyotik duyarlılıklarının araştırılması: Kapsamlı bir sağlık kuruluşunda dört yıllık analiz,Van Tıp Derg,2023,"Mermutluoğlu Ç, Çiftçi EZ, Özcan N",vancouver,"Klinik örneklerden izole edilen karbapenem dirençli Klebsiella pneumoniae ve Escherichia coli suşlarında antibiyotik duyarlılıklarının araştırılması: Kapsamlı bir sağlık kuruluşunda dört yıllık analiz Mermutluoğlu Ç, Çiftçi EZ, Özcan N Van Tıp Derg 2023","26. Mermutluoğlu Ç, Çiftçi EZ, Özcan N, et al. Klinik örneklerden izole edilen karbapenem dirençli Klebsiella pneumoniae ve Escherichia coli suşlarında antibiyotik duyarlılıklarının araştırılması: Kapsamlı bir sağlık kuruluşunda dört yıllık analiz. Van Tıp Derg. 2023;30(4):374-81."
4194,1296099,22181900,8,,,2020,,unparsed,,"Çelik, Türkan. “Sosyal Bilgiler Öğretmenliği ve İlahiyat Fakültesi Öğrencilerinin Kopya Çekme Eğilimlerinin İncelenmesi”. Muallim Rıfat Eğitim Fakültesi Dergisi (MREFD) 2/2 (2020), 97-120."
4201,1274170,21134465,51,1990’lı yıllarda Türkiye’de yönetim alanı: Disiplinin yapısı ve yaklaşımlar,Yönetim Araştırmaları Dergisi,2002,"Üsdiken, B., & Erden, Z",apa,"1990’lı yıllarda Türkiye’de yönetim alanı: Disiplinin yapısı ve yaklaşımlar Üsdiken, B., & Erden, Z Yönetim Araştırmaları Dergisi 2002","Üsdiken, B., & Erden, Z. (2002). 1990’lı yıllarda Türkiye’de yönetim alanı: Disiplinin yapısı ve yaklaşımlar. Yönetim Araştırmaları Dergisi, 2(1), 91-113."
4204,1339490,24904540,42,ANN Analysis and ODE Model of Selected Factors Affecting Mental Health Problems of Children in Turkey,European Journal of Science and Technology,2024,"Hızlısoy, S., Arslan, R",volume_pages,"ANN Analysis and ODE Model of Selected Factors Affecting Mental Health Problems of Children in Turkey Hızlısoy, S., Arslan, R European Journal of Science and Technology 2024","[42] Hızlısoy, S., Arslan, R. S., Çökük, G. Ö., Daşbaşı, B. 2024. ANN Analysis and ODE Model of Selected Factors Affecting Mental Health Problems of Children in Turkey. European Journal of Science and Technology, 54, 32-45."
4210,1299966,23298556,71,,,2002,,unparsed,,"Onay, A. (2002). Dini yönelim ölçeği. İslamiyat Dergisi, 5(4), 181-192."
4220,1375950,25646798,17,Evlilik doyumunu yordayan ilişkisel ve kişisel değişkenler,Turkish Psychological Counseling and Guidance Journal,2013,"Çağ, P",apa,"Evlilik doyumunu yordayan ilişkisel ve kişisel değişkenler Çağ, P Turkish Psychological Counseling and Guidance Journal 2013","Çağ, P. & Yıldırım, İ. (2013). Evlilik doyumunu yordayan ilişkisel ve kişisel değişkenler. Turkish Psychological Counseling and Guidance Journal, 4(39), 13-23."
4221,1274615,21392708,67,Resilienceandempathy as predictors of psychological well being among adolescents,International Journal of Health Science sand Research,2018,"Vinayak, S., & Judge, J",apa,"Resilienceandempathy as predictors of psychological well being among adolescents Vinayak, S., & Judge, J International Journal of Health Science sand Research 2018","Vinayak, S., & Judge, J. (2018). Resilienceandempathy as predictors of psychological well being among adolescents. International Journal of Health Science sand Research, 8(4), 192-200."
4231,1269544,20902359,22,Debris-covered glaciers and rock glaciers,Nature Sciences,2010,"Gürgen, G., Çalışkan, O., Yılmaz, E., & Yeşilyurt, S",apa,"Debris-covered glaciers and rock glaciers Gürgen, G., Çalışkan, O., Yılmaz, E., & Yeşilyurt, S Nature Sciences 2010","Gürgen, G., Çalışkan, O., Yılmaz, E., & Yeşilyurt, S. (2010). Debris-covered glaciers and rock glaciers. Nature Sciences, 5(1), 32–45"
4251,1329152,24589512,3,,,2001,,unparsed,,"Adıgüzel, Ö. (2001). Niçin yaratıcı drama?. Öğretmen Dünyası Dergisi, 257, 13-16."
4261,1178159,16781432,67,"Synthesis, Characterization, And Antibacterial Activities Of Manganese (II), Cobalt(II), Iron (II), Nickel (II) , zinc (II) And Cadmium(II) Mixed-Ligand Complexes Containing Amino Acid(L-Valine) And Saccharin",Adv Phys Theor Appl [Internet,2012,"Fayad NK, Al-Noor TH, Ghanim FH",vancouver,"Synthesis, Characterization, And Antibacterial Activities Of Manganese (II), Cobalt(II), Iron (II), Nickel (II) , zinc (II) And Cadmium(II) Mixed-Ligand Complexes Containing Amino Acid(L-Valine) And Saccharin Fayad NK, Al-Noor TH, Ghanim FH Adv Phys Theor Appl [Internet 2012","67. Fayad NK, Al-Noor TH, Ghanim FH. Synthesis, Characterization, And Antibacterial Activities Of Manganese (II), Cobalt(II), Iron (II), Nickel (II) , zinc (II) And Cadmium(II) Mixed-Ligand Complexes Containing Amino Acid(L-Valine) And Saccharin. Adv Phys Theor Appl [Internet]. 2012;9:1–13."
4268,1249759,20079940,22,"Ekici, Gilaburu (Viburnum opulus L.)’nun farmakolojik açıdan değerlendirilmesi","Bulletin of Veterinary Pharmacology and Toxicology Association, ISSN: 1309-4769",2019,R,volume_pages,"Ekici, Gilaburu (Viburnum opulus L.)’nun farmakolojik açıdan değerlendirilmesi R Bulletin of Veterinary Pharmacology and Toxicology Association, ISSN: 1309-4769 2019","[22] R. Yıldız ve H. Ekici, Gilaburu (Viburnum opulus L.)’nun farmakolojik açıdan değerlendirilmesi. Bulletin of Veterinary Pharmacology and Toxicology Association, ISSN: 1309-4769, 10(1): 16-23, 2019."
4295,1202619,18247993,9,Gebelerin prenatal bağlanma düzeyleri ve bunları etkileyen faktörler,Sürekli Tıp Eğitimi Dergisi,2015,Elkin N,apa,Gebelerin prenatal bağlanma düzeyleri ve bunları etkileyen faktörler Elkin N Sürekli Tıp Eğitimi Dergisi 2015,"Elkin N. (2015). Gebelerin prenatal bağlanma düzeyleri ve bunları etkileyen faktörler. Sürekli Tıp Eğitimi Dergisi, 24 (6), 230-237."
4310,1269173,20997031,18,Akışkanın yüzey gerilim hareketlerinin dikdörtgenler prizması içersinde incelenmesi,"Makine Teknolojileri Elektronik Dergisi, 7",2010,"Selver, R., Katı, E., Karakuş, M.A",volume_pages,"Akışkanın yüzey gerilim hareketlerinin dikdörtgenler prizması içersinde incelenmesi Selver, R., Katı, E., Karakuş, M.A Makine Teknolojileri Elektronik Dergisi, 7 2010","Selver, R., Katı, E., Karakuş, M.A., 2010. Akışkanın yüzey gerilim hareketlerinin dikdörtgenler prizması içersinde incelenmesi. Makine Teknolojileri Elektronik Dergisi, 7, 1, 83-96."
4315,1217797,18684573,27,,,2007,,unparsed,,"Lefte, Ali Hudayyir Haccî-Abduzzuhre. “el-Hadisu’l-Mursel Mefhûmuhu ve Esbâbuhu ve tatbikâtuhu Lede’l-İmâmiyye”, Mecelletu Merkezi Dirasâti’l-Kûfe, 1/6 (2007), 87-104."
4342,1313808,22984977,3,"Boş zaman, rekreasyon ve etkinlik turizmi ilişkisi",İstanbul Sosyal Bilimler Dergisi,2015,"Can, E",apa,"Boş zaman, rekreasyon ve etkinlik turizmi ilişkisi Can, E İstanbul Sosyal Bilimler Dergisi 2015","Can, E. (2015). Boş zaman, rekreasyon ve etkinlik turizmi ilişkisi. İstanbul Sosyal Bilimler Dergisi, 10, 1–17."
4408,1177000,16736278,96,Lise öğrencilerinde riskli madde kullanımının incelenmesi,Harran Üniversitesi Tıp Fakültesi Dergisi,2015,"Karataş H, Kandemir H, Kandemir SB, Reşit A",vancouver,"Lise öğrencilerinde riskli madde kullanımının incelenmesi Karataş H, Kandemir H, Kandemir SB, Reşit A Harran Üniversitesi Tıp Fakültesi Dergisi 2015","Karataş H, Kandemir H, Kandemir SB, Reşit A. Lise öğrencilerinde riskli madde kullanımının incelenmesi. Harran Üniversitesi Tıp Fakültesi Dergisi 2015; 13(1): 23-31."
4419,1370721,25456719,29,,,2024,,unparsed,,"Lâhim, Abdulazîz b. İbrahim. “Tercihâtü’d-Dârekutnî li-ehâdîsi’s-Sahîhayn fî kitâbihi et-Tetebbûʿ ve beyânu garadihî min îrâdihâ: Dirâse istikrâiyye tahlîliyye”. Mecelletü’l-ʿUlûmi’ş-Şerʿiyye 17/3 (2024), 2899-2960."
4479,1312094,22865316,55,Toplumsal cinsiyete duygusal bakış,KMÜ Sosyal ve Ekonomik Araştırmalar Dergisi,2021,"Yıldırım, F., & Gül, H",apa,"Toplumsal cinsiyete duygusal bakış Yıldırım, F., & Gül, H KMÜ Sosyal ve Ekonomik Araştırmalar Dergisi 2021","Yıldırım, F., & Gül, H. (2021). Toplumsal cinsiyete duygusal bakış. KMÜ Sosyal ve Ekonomik Araştırmalar Dergisi, 23(41), 578–590."
4517,1223268,19315940,20,Üniversite öğrencilerinin cinsel sağlık ve üreme sağlığı hakkındaki bilgi düzeylerinin belirlenmesi,Anadolu Hemşirelik ve Sağlık Bilimleri Dergisi,2011,"Karabulutlu, Ö., & Kılıç, M",apa,"Üniversite öğrencilerinin cinsel sağlık ve üreme sağlığı hakkındaki bilgi düzeylerinin belirlenmesi Karabulutlu, Ö., & Kılıç, M Anadolu Hemşirelik ve Sağlık Bilimleri Dergisi 2011","Karabulutlu, Ö., & Kılıç, M. (2011). Üniversite öğrencilerinin cinsel sağlık ve üreme sağlığı hakkındaki bilgi düzeylerinin belirlenmesi. Anadolu Hemşirelik ve Sağlık Bilimleri Dergisi, 14(2), 39-45."
4527,1198996,17828099,17,Oğuz Grubu Türk Lehçelerinde İletişim Fiilleri,Modern Türklük Araştırmaları Dergisi,2007,"Erdem, M",apa,"Oğuz Grubu Türk Lehçelerinde İletişim Fiilleri Erdem, M Modern Türklük Araştırmaları Dergisi 2007","Erdem, M. (2007). Oğuz Grubu Türk Lehçelerinde İletişim Fiilleri. Modern Türklük Araştırmaları Dergisi, 4(2), 94-103."
4557,1165841,16277897,4,,,2013,,unparsed,,"Akinniran, T. N., Ojedokun, I. K., Sanusi, W. A., & Ganiyu, M. O (2013). Economic Analysis of Oil Palm Production in Surulere Local Government Area of Oyo State, Nigeria. Developing Country Studies: 3(13), 8-16."
4559,1209450,18364307,15,Yabancı dil olarak Türkçe öğretiminde metinlerin kültür aktarımındaki işlevi,"Turkish Studies-International Periodical For The Languages, Literature and History of Turkish or Turkic, 5/4",2010,"Bölükbaş, F",apa,"Yabancı dil olarak Türkçe öğretiminde metinlerin kültür aktarımındaki işlevi Bölükbaş, F Turkish Studies-International Periodical For The Languages, Literature and History of Turkish or Turkic, 5/4 2010","Bölükbaş, F. & Keskin, F. (2010). Yabancı dil olarak Türkçe öğretiminde metinlerin kültür aktarımındaki işlevi. Turkish Studies-International Periodical For The Languages, Literature and History of Turkish or Turkic, 5/4, 221-235."
4566,1184398,17085206,23,,,2015,,unparsed,,"Ergi n, Veysel. “Sinop’ta Cumhuriyet Devri Ku ltu r Hayatını Yansıtan Bir Ayna: Edebı Sütunlar”. Uluslararası Beşeri Bilimler ve Eğitim Dergisi 1/2 (01 Aralık 2015), 268-303."
4582,1291024,22939349,6,,,,,unparsed,,"Aydın, Bünyamin. “Bilgi Toplumu Oluşumunda Bireylerin Yetiştirilmesi”. Pamukkale Üniversitesi Eğitim Fakültesi Dergisi 14/14 (ts.), 183-190."
4592,1345032,25117211,3,Sosyal bilgiler öğretmen adaylarının öz yeterlik inanç düzeylerinin belirlenmesi üzerine bir çalışma,Dicle Üniversitesi Ziya Gökalp Eğitim Fakültesi Dergisi,2013,"Akkuş, Z",apa,"Sosyal bilgiler öğretmen adaylarının öz yeterlik inanç düzeylerinin belirlenmesi üzerine bir çalışma Akkuş, Z Dicle Üniversitesi Ziya Gökalp Eğitim Fakültesi Dergisi 2013","Akkuş, Z. (2013). Sosyal bilgiler öğretmen adaylarının öz yeterlik inanç düzeylerinin belirlenmesi üzerine bir çalışma. Dicle Üniversitesi Ziya Gökalp Eğitim Fakültesi Dergisi, 20(2013), 102-116."
4644,1376073,25651420,41,,,2003,,unparsed,,"Küçük, Salim. “Cinsiyet Ayrımlı Atasözlerinde Kadın ve Erkek Kimliği”. Afyon Kocatepe Üniversitesi Sosyal Bilimler Dergisi 5/2 (Aralık 2003), 213-224."
4647,1252567,20192652,34,,,2005,,unparsed,,"Pérouse, J-F. ve Danış, A., D. (2005). Zenginliğin Mekânda Yeni Yansımaları, Toplum ve Bilim 104, 92-123"
4650,1295309,22141898,34,Citizen Satisfaction with Educational Services: The Marketing Implications of Public Administration,International Journal of China Marketing,2011,"Shen, Y., & Wang, X",apa,"Citizen Satisfaction with Educational Services: The Marketing Implications of Public Administration Shen, Y., & Wang, X International Journal of China Marketing 2011","Shen, Y., & Wang, X. (2011). Citizen Satisfaction with Educational Services: The Marketing Implications of Public Administration . International Journal of China Marketing, 2(1), 77-92. [CrossRef]"
4689,1305254,22581041,8,"The relationship between job satisfaction, job performance and employee engagement: an explorative study",Issue Busin Manage Econom,2015,"Bin AS, Shmailan A",vancouver,"The relationship between job satisfaction, job performance and employee engagement: an explorative study Bin AS, Shmailan A Issue Busin Manage Econom 2015","8. Bin AS, Shmailan A. The relationship between job satisfaction, job performance and employee engagement: an explorative study. Issue Busin Manage Econom, 2015;4(1):1-8."
4700,1326076,23636431,22,Exchange rates and the current account,American Economic Review,1980,"Dornbusch, R., & Fischer, S",apa,"Exchange rates and the current account Dornbusch, R., & Fischer, S American Economic Review 1980","Dornbusch, R., & Fischer, S. (1980). Exchange rates and the current account. American Economic Review, 70(5), 960–971."
4703,1332065,24674412,43,Eski ve Yeni Edebiyat.,Görüş 1,1930,"Tecer, Ahmet Kutsi",quoted,"Eski ve Yeni Edebiyat. Tecer, Ahmet Kutsi Görüş 1 1930","Tecer, Ahmet Kutsi. “Eski ve Yeni Edebiyat.” Görüş 1, sy. 2 (1930): 96-107."
4747,1283960,21641580,61,Örgütsel adaletin çalışanların işten ayrılma niyetine etkisi: Güney Afrika Cumhuriyetinde bir uygulama,Mustafa Kemal University Journal of Social Sciences Institute,2013,"Örücü, E., & Özafşarlıoğlu, S",apa,"Örgütsel adaletin çalışanların işten ayrılma niyetine etkisi: Güney Afrika Cumhuriyetinde bir uygulama Örücü, E., & Özafşarlıoğlu, S Mustafa Kemal University Journal of Social Sciences Institute 2013","Örücü, E., & Özafşarlıoğlu, S. (2013). Örgütsel adaletin çalışanların işten ayrılma niyetine etkisi: Güney Afrika Cumhuriyetinde bir uygulama. Mustafa Kemal University Journal of Social Sciences Institute, 10(23), 335–358."
4756,1314682,23063869,4,Antimicrobial and Antioxidant Activity of the Essential Oil and Methanol Extract of Nepeta cataria,Polish Journal of Microbiology,2009,"Adiguzel A, Ozer H, Sokmen M, Gulluce M, Sokmen A, KIlic H, Sahin, Baris O",apa,"Antimicrobial and Antioxidant Activity of the Essential Oil and Methanol Extract of Nepeta cataria Adiguzel A, Ozer H, Sokmen M, Gulluce M, Sokmen A, KIlic H, Sahin, Baris O Polish Journal of Microbiology 2009","Adiguzel A, Ozer H, Sokmen M, Gulluce M, Sokmen A, KIlic H, Sahin, Baris O (2009) Antimicrobial and Antioxidant Activity of the Essential Oil and Methanol Extract of Nepeta cataria. Polish Journal of Microbiology, 58: 69–76."
4764,1366108,25287216,14,Turizmin bölgesel kalkınmaya etkileri: Rize Ayder turizm bölgesi örneği,Recep Tayyip Erdoğan Üniversitesi Sosyal Bilimler Dergisi,2018,"Çakır, R",apa,"Turizmin bölgesel kalkınmaya etkileri: Rize Ayder turizm bölgesi örneği Çakır, R Recep Tayyip Erdoğan Üniversitesi Sosyal Bilimler Dergisi 2018","Çakır, R. A., & Sandalcılar, A.R. (2018). Turizmin bölgesel kalkınmaya etkileri: Rize Ayder turizm bölgesi örneği. Recep Tayyip Erdoğan Üniversitesi Sosyal Bilimler Dergisi, 4(8), 342-360."
4782,1247875,19980828,48,Piaget’s theory of cognitive development,Educ Psychol,2003,"Huitt W, Hummel J",vancouver,"Piaget’s theory of cognitive development Huitt W, Hummel J Educ Psychol 2003","48. Huitt W, Hummel J. Piaget’s theory of cognitive develop- ment. Educ Psychol 2003;3:1–5."
4840,1293536,22078096,17,Successful Implementation of Written Communication Across an Accounting Degree Program,Business Education and Accreditation,2015,"Hossain, M., Kummer, T",apa,"Successful Implementation of Written Communication Across an Accounting Degree Program Hossain, M., Kummer, T Business Education and Accreditation 2015","Hossain, M., Kummer, T. ve O'leary, C. (2015). Successful Implementation of Written Communication Across an Accounting Degree Program. Business Education and Accreditation, 7 (1), 43-56."
4848,1336191,24069662,24,,,1934,,unparsed,,"Kâzım N. (1934). Türk edebiyatına bir bakış. Ülkü Halkevleri Mecmuası, 3(14), 116-123."
4849,1336191,24069669,31,,,2015,,unparsed,,"Öner, Mustafa. (2015). Türk dünyası ve Türkoloji. Aydın Türklük Dergisi, 1, 87- 93."
4865,1195926,17664059,9,Dlib-ml: A machine learning toolkit,Journal of Machine Learning Research,2009,"King, D",apa,"Dlib-ml: A machine learning toolkit King, D Journal of Machine Learning Research 2009","King, D. E. (2009). Dlib-ml: A machine learning toolkit. Journal of Machine Learning Research, 10, 1755–1758."
4871,1273345,21149311,11,,,2013,,unparsed,,"Bekci, B., Var, M., Taşkan, G., 2013. Bitkilendirme tasarım kriterleri bağlamında doğal türlerin kentsel boşluk alanlarında değerlendirilmesi: Bartın, Türkiye. Artvin Çoruh Üniversitesi, Orman Fakültesi Dergisi 14(1): 113–125."
4877,1225370,18993859,25,Investigation of different Damask rose (Rosa damascena Mill.) oil samples from traditional markets in Fars (Iran); focusing on the extraction method,Trends in Pharmaceutical Sciences,2016,"Moein, M., Etemadfard, H",apa,"Investigation of different Damask rose (Rosa damascena Mill.) oil samples from traditional markets in Fars (Iran); focusing on the extraction method Moein, M., Etemadfard, H Trends in Pharmaceutical Sciences 2016","Moein, M., Etemadfard, H. and Zarshenas, M. M. (2016). Investigation of different Damask rose (Rosa damascena Mill.) oil samples from traditional markets in Fars (Iran); focusing on the extraction method. Trends in Pharmaceutical Sciences, 2(1), 51-58."
4881,1324471,23574907,11,E-devlet kullanımına etki eden faktörler ve vatandaşların e - devlet algısı,Uluslararası politik araştırmalar dergisi,2018,"Demir, O",apa,"E-devlet kullanımına etki eden faktörler ve vatandaşların e - devlet algısı Demir, O Uluslararası politik araştırmalar dergisi 2018","Demir, O. (2018). E-devlet kullanımına etki eden faktörler ve vatandaşların e - devlet algısı. Uluslararası politik araştırmalar dergisi, 4(1), 1-25."
4953,1178410,16790488,29,,,2007,,unparsed,,"Kökel, Coşkun. “Bulgaristan’da Yaşayan Alevilik ve Bektaşilik Üzerine”. Türk Kültürü ve Hacı Bektaş Veli Araştırma Dergisi 43 (2007), 9-27."
4955,1178410,16790499,40,,,2005,,unparsed,,"Yılmaz, Hacı - Kökel, Coşkun. “Ali Koç Baba Ocağı ile İlgili Kısa Bir Değerlendirme ve İki Yeni Şecere”. Türk Kültürü ve Hacı Bektaş Veli Araştırma Dergisi 36 (2005), 125-136."
4964,1164688,16729952,7,Sovyet Türk edebiyatı. Türk Dünyası Dil ve Edebiyat Dergisi,1,1996,"Gürsoy-Naskali, E",apa,"Sovyet Türk edebiyatı. Türk Dünyası Dil ve Edebiyat Dergisi Gürsoy-Naskali, E 1 1996","Gürsoy-Naskali, E. (1996). Sovyet Türk edebiyatı. Türk Dünyası Dil ve Edebiyat Dergisi. 1, 54-65."
4972,1280805,21465161,98,Sağlıkta şiddet tıp öğrencilerinin mesleğe ve hastalara bakışını nasıl etkiliyor? “Bir fakülte örneği”,Toplum ve Hekim,2018,Yalınbaş S,apa,Sağlıkta şiddet tıp öğrencilerinin mesleğe ve hastalara bakışını nasıl etkiliyor? “Bir fakülte örneği” Yalınbaş S Toplum ve Hekim 2018,"Yalınbaş S. S, Bulut F, Civaner M. M, (2018). Sağlıkta şiddet tıp öğrencilerinin mesleğe ve hastalara bakışını nasıl etkiliyor? “Bir fakülte örneği”. Toplum ve Hekim, 33(2): 148-160."
4981,1164928,16239611,24,,,2016,,unparsed,,"24. Gökmen ÖF, Duman İ, Horzum MB Theories, changes and new directions in distance education. Açıköğretim Uygulamaları ve Araştırmaları Dergisi 2016;2(3):29-51."
4988,1190760,17358824,14,Türkiye’de aile içi iletişim ve ilişkiler üzerine bir model denemesi. Hacettepe Üniversitesi,Türkiyat Araştırmaları Enstitüsü,2004,"Görgün Baran, A",apa,"Türkiye’de aile içi iletişim ve ilişkiler üzerine bir model denemesi. Hacettepe Üniversitesi Görgün Baran, A Türkiyat Araştırmaları Enstitüsü 2004","Görgün Baran, A (2004). Türkiye’de aile içi iletişim ve ilişkiler üzerine bir model denemesi. Hacettepe Üniversitesi. Türkiyat Araştırmaları Enstitüsü, 1, 31-41."
5020,1330081,23810813,19,"Social influence: Social norms, conformity, and compliance",The Handbook of Social Psychology,1998,"Cialdini, R",apa,"Social influence: Social norms, conformity, and compliance Cialdini, R The Handbook of Social Psychology 1998","Cialdini, R. B., & Trost, M. R. (1998). Social influence: Social norms, conformity, and compliance. The Handbook of Social Psychology, 2(2), 151-192."
5055,1272979,21394573,22,Bazı Sofralık Üzüm Çeşitlerinin 5BB Amerikan Asma Anacı Üzerindeki Vejetatif Gelişim Performanslarının Belirlenmesi,ÇOMÜ Ziraat Fakültesi Dergisi,2016,"Dardeniz, A., Gündoğdu, M.A., Akın, A., Ateş, F., Çelik, M., Gökdemir, A",loose_year,"Bazı Sofralık Üzüm Çeşitlerinin 5BB Amerikan Asma Anacı Üzerindeki Vejetatif Gelişim Performanslarının Belirlenmesi Dardeniz, A., Gündoğdu, M.A., Akın, A., Ateş, F., Çelik, M., Gökdemir, A ÇOMÜ Ziraat Fakültesi Dergisi 2016","Dardeniz, A., Gündoğdu, M.A., Akın, A., Ateş, F., Çelik, M., Gökdemir, A. ve Kahraman, K.A. 2016. Bazı Sofralık Üzüm Çeşitlerinin 5BB Amerikan Asma Anacı Üzerindeki Vejetatif Gelişim Performanslarının Belirlenmesi. ÇOMÜ Ziraat Fakültesi Dergisi, 4(1): 69-75."
5056,1272979,21394574,23,Aşılı Asma Fidanı Üretiminde Farklı Çeşit ve Anaç Kombinasyonlarının Vejetatif Gelişme ve Fidan Randımanı Üzerine Etkileri,Bahçe,2005,"Dardeniz, A",loose_year,"Aşılı Asma Fidanı Üretiminde Farklı Çeşit ve Anaç Kombinasyonlarının Vejetatif Gelişme ve Fidan Randımanı Üzerine Etkileri Dardeniz, A Bahçe 2005","Dardeniz, A. ve Şahin, A.O. 2005. Aşılı Asma Fidanı Üretiminde Farklı Çeşit ve Anaç Kombinasyonlarının Vejetatif Gelişme ve Fidan Randımanı Üzerine Etkileri. Bahçe, 34(2): 1-9."
5058,1220921,19238666,10,Evaluation of the COVID-19 pandemic process in terms of health management,Eurasian J Heal Sci,2020,"Yücesan B, Özkan Ö",vancouver,"Evaluation of the COVID-19 pandemic process in terms of health management Yücesan B, Özkan Ö Eurasian J Heal Sci 2020","10.Yücesan B, Özkan Ö. Evaluation of the COVID-19 pandemic process in terms of health management. Eurasian J Heal Sci. 2020;3(COVID-19 Special Issue):134–9."
5067,1284369,21664185,6,"Çok boyutlu algılanan sosyal destek ölçeğinin gözden geçirilmiş formunun faktör yapısı, geçerlik ve güvenirliği",Türk Psikiyatri Dergisi,2001,"Eker, D., Arkar, H",apa,"Çok boyutlu algılanan sosyal destek ölçeğinin gözden geçirilmiş formunun faktör yapısı, geçerlik ve güvenirliği Eker, D., Arkar, H Türk Psikiyatri Dergisi 2001","Eker, D., Arkar, H. & Yaldız, H. (2001). Çok boyutlu algılanan sosyal destek ölçeğinin gözden geçirilmiş formunun faktör yapısı, geçerlik ve güvenirliği. Türk Psikiyatri Dergisi, 12(1), 17-25."
5072,1233280,19417280,4,,,2014,,unparsed,,"Avcı, Ö., & Yıldırım, İ. (2014). Ergenlerde şiddet eğilimi, yalnızlık ve sosyal destek, Hacettepe Üniversitesi Eğitim Fakültesi Dergisi, 29(1), 157-168."
5074,1282954,21580987,9,Ürün Yerleştirme Çabalarında Tüketici Algılarının Satın Alma Niyeti ve Marka İmajı Üzerine Etkileri: Konya İli Örneği,Gümüşhane Üniversitesi Sosyal Bilimler Dergisi,2020,"Dundar, M., & Coban, S",apa,"Ürün Yerleştirme Çabalarında Tüketici Algılarının Satın Alma Niyeti ve Marka İmajı Üzerine Etkileri: Konya İli Örneği Dundar, M., & Coban, S Gümüşhane Üniversitesi Sosyal Bilimler Dergisi 2020","Dundar, M., & Coban, S. (2020). Ürün Yerleştirme Çabalarında Tüketici Algılarının Satın Alma Niyeti ve Marka İmajı Üzerine Etkileri: Konya İli Örneği. Gümüşhane Üniversitesi Sosyal Bilimler Dergisi, 11(3), 792-804."
5095,1298611,23594526,50,Orta Çağ Anadolu Türk mimari bezemesinde vakvak üslubu,Bilig Dergisi,2007,"Yazar, T",apa,"Orta Çağ Anadolu Türk mimari bezemesinde vakvak üslubu Yazar, T Bilig Dergisi 2007","Yazar, T. (2007). Orta Çağ Anadolu Türk mimari bezemesinde vakvak üslubu. Bilig Dergisi, 42, 1-33."
5150,1318051,23262084,6,Association between giardiasis and atopy in children of low income families,Asthma Allergy Immunology,2009,"Uçaktürk A, Özmen S, Demirçeken F, Arslan Z, Yöney A",vancouver,"Association between giardiasis and atopy in children of low income families Uçaktürk A, Özmen S, Demirçeken F, Arslan Z, Yöney A Asthma Allergy Immunology 2009","6. Uçaktürk A, Özmen S, Demirçeken F, Arslan Z, Yöney A. Association between giardiasis and atopy in children of low income families. Asthma Allergy Immunology. 2009; 7: 52-7."
5154,1190958,17372444,30,"Evaluating the pathogenicity of nematodes infecting roses at Taif Governorate, KSA","Research Journal of Pharmaceutical, Biological and Chemical Sciences",2015,"Nour El-Deen A.H., Darwesh H.Y., El-Ghamdi A.A., Samra B.N",volume_pages,"Evaluating the pathogenicity of nematodes infecting roses at Taif Governorate, KSA Nour El-Deen A.H., Darwesh H.Y., El-Ghamdi A.A., Samra B.N Research Journal of Pharmaceutical, Biological and Chemical Sciences 2015","Nour El-Deen A.H., Darwesh H.Y., El-Ghamdi A.A., Samra B.N., 2015. Evaluating the pathogenicity of nematodes infecting roses at Taif Governorate, KSA. Research Journal of Pharmaceutical, Biological and Chemical Sciences, 6 (2), 1562-1570."
5156,1296942,22221229,13,Building Green: Biophilic Design and Health,Journal of Environmental Psychology,2020,"Evans, G",apa,"Building Green: Biophilic Design and Health Evans, G Journal of Environmental Psychology 2020","Evans, G. W., Wells, N. M., & Moch, A. (2020). Building Green: Biophilic Design and Health. Journal of Environmental Psychology, 63, 134-143."
5157,1296942,22221247,31,Timber Construction: A Sustainable Future for Urban Architecture,Building & Environment Journal,2018,"Markus, A",apa,"Timber Construction: A Sustainable Future for Urban Architecture Markus, A Building & Environment Journal 2018","Markus, A. (2018). Timber Construction: A Sustainable Future for Urban Architecture. Building & Environment Journal, 54(3), 112-119."
5159,1296942,22221250,34,The Psychological İmpact of Natural Materials in Built Environments: A Focus on wood,Journal of Environmental Science,2021,"Rakhee, B",apa,"The Psychological İmpact of Natural Materials in Built Environments: A Focus on wood Rakhee, B Journal of Environmental Science 2021","Rakhee, B. (2021). The Psychological İmpact of Natural Materials in Built Environments: A Focus on wood. Journal of Environmental Science, 47(6), 203-215."
5205,1247088,22942436,30,,,2018,,unparsed,,"Jablonsky, M., Majova, V., Skulcova, A., & Haz, A. 2018. “Delignification of Pulp Using Deep Eutectic Solvents”, J Hyg Eng Des, 22, 76-81."
5208,1330119,23812362,23,,,2020,,unparsed,,"Handoko, B.L. – Pamungkas, H.R. (2020). “Effect of independence time budget pressure and auditor ethics on audit quality”, International Journal of Psychosocial Rehabilitation, 24(9), 1-6."
5218,1260775,20542357,33,Anne-baba çocuk ilişkileri: Bir meta-sentez çalışması,Hacettepe University Faculty of Health Sciences Journal,2017,"Kırman, A., & Doğan, Ö",apa,"Anne-baba çocuk ilişkileri: Bir meta-sentez çalışması Kırman, A., & Doğan, Ö Hacettepe University Faculty of Health Sciences Journal 2017","Kırman, A., & Doğan, Ö. (2017). Anne-baba çocuk ilişkileri: Bir meta-sentez çalışması. Hacettepe University Faculty of Health Sciences Journal, 4(1), 28-49."
5262,1347350,24501654,41,,,1991,,unparsed,,"MITFORD, T. B. (1991). “Inscriptions Ponticae-Sebastopolis”. Zeitschrift für Papyrologie und Epigraphik 87: 181– 243."
5329,1281792,21519761,22,,,2022,,unparsed,,"22. Wang FF, Rao DC, Jin SY, Yang PM, Zhou YM, Wan GY: The effect of osthole on lipopolysaccharide-induced macrophages polarization and inflammatory reaction. Shanghai Kou Qiang Yi Xue, 31, 255-259, 2022."
5332,1238385,19611527,52,,,2014,,unparsed,,"Neocleous, M. (2014). The Monster and the police. Radical Philosophy, 185, 8-18."
5340,1344589,24401978,22,"The role of the university of the third age in meeting needs of adult learners in victoria, Australia",Australian Journal of Adult Learning,2008,"Hebestreit, L",apa,"The role of the university of the third age in meeting needs of adult learners in victoria, Australia Hebestreit, L Australian Journal of Adult Learning 2008","Hebestreit, L. (2008). The role of the university of the third age in meeting needs of adult learners in victoria, Australia. Australian Journal of Adult Learning, 48, 547-565."
5349,1291179,22974806,20,,,2023,,unparsed,,"20. Gökdemir F, Yılmaz T. Likert Tipi Ölçekleri Kullanma, Modifiye Etme, Uyarlama ve Geliştirme Süreçleri, J Nursology, 2023,26(2),148-160."
5380,1332396,23923864,4,,,2009,,unparsed,,"Butler, J. (2009). Toplumsal cinsiyet düzenlemeleri. Cogito Feminizm 58, 73-91."
5383,1269717,20927455,32,Content analysis of studies conducted in the field of environmental education in Turkey between 1996 and 2016,Journal of Science Teaching,2017,"Candaş, Z., & Karataş, A",apa,"Content analysis of studies conducted in the field of environmental education in Turkey between 1996 and 2016 Candaş, Z., & Karataş, A Journal of Science Teaching 2017","Candaş, Z., & Karataş, A. (2017). Content analysis of studies conducted in the field of environmental education in Turkey between 1996 and 2016. Journal of Science Teaching, 5(2), 143-159."
5419,1179773,16857097,18,Alumina and zirconia ceramics in joint replacements,J Appl Biomater Biomech,2003,"Piconi C, Maccauro G, Muratori F, Del Prever EB",vancouver,"Alumina and zirconia ceramics in joint replacements Piconi C, Maccauro G, Muratori F, Del Prever EB J Appl Biomater Biomech 2003","18. Piconi C, Maccauro G, Muratori F, Del Prever EB. Alumina and zirconia ceramics in joint replacements. J Appl Biomater Biomech. 2003; 1: 19-32."
5429,1328116,23724677,17,“Katılımcı Yerel Yönetim Anlayışında E-Belediyeciliğin Yeri ve Önemi”,Journal of Human Sciences,2005,"Henden, H",apa,"“Katılımcı Yerel Yönetim Anlayışında E-Belediyeciliğin Yeri ve Önemi” Henden, H Journal of Human Sciences 2005","Henden, H. B. (2005). “Katılımcı Yerel Yönetim Anlayışında E-Belediyeciliğin Yeri ve Önemi”. Journal of Human Sciences, 8 (1), 1-13."
5451,1368025,25360813,46,,,2015,,unparsed,,"Özdemir, Sevim. “Ebû Alî el-Fârisî ile İbn Hâleveyh Arasında Geçen İlmî Münazaralar”. Şarkiyat Mecmuası 27 (2015), 1-15."
5455,1250019,20121122,22,"Z., (2011), Çalışanların psikolojik güçlendirilme algıları üzerinde işyeri arkadaşlıkları ve örgütsel iletişimin etkisi","Çukurova Üniversitesi, Sosyal Bilimler Enstitüsü Dergisi",2011,Çalışkan C,volume_pages,"Z., (2011), Çalışanların psikolojik güçlendirilme algıları üzerinde işyeri arkadaşlıkları ve örgütsel iletişimin etkisi Çalışkan C Çukurova Üniversitesi, Sosyal Bilimler Enstitüsü Dergisi 2011","Çalışkan C. Z., (2011), Çalışanların psikolojik güçlendirilme algıları üzerinde işyeri arkadaşlıkları ve örgütsel iletişimin etkisi. Çukurova Üniversitesi, Sosyal Bilimler Enstitüsü Dergisi, 20(3), 77-92."
5480,1187850,17234964,27,Duygusal emek ve içsel motivasyonun çalışanın yaratıcılığı üzerindeki etkisi: Bankacılık sektöründe bir araştırma,Journal of Entrepreneurship and Innovation Management,2019,"Mankin, B., Gürkan, G",apa,"Duygusal emek ve içsel motivasyonun çalışanın yaratıcılığı üzerindeki etkisi: Bankacılık sektöründe bir araştırma Mankin, B., Gürkan, G Journal of Entrepreneurship and Innovation Management 2019","Mankin, B., Gürkan, G. Ç. ve Çetin, O. (2019). Duygusal emek ve içsel motivasyonun çalışanın yaratıcılığı üzerindeki etkisi: Bankacılık sektöründe bir araştırma. Journal of Entrepreneurship and Innovation Management, 8(2), 126-156."
5538,1375664,25636601,36,Azerbaycan-ABD İlişkilerinde Belirsizlik Dönemi (1991-1994),Çankırı Karatekin Üniversitesi Uluslararası Avrasya Strateji Dergisi,2013,"MERDAN, A.S",apa,"Azerbaycan-ABD İlişkilerinde Belirsizlik Dönemi (1991-1994) MERDAN, A.S Çankırı Karatekin Üniversitesi Uluslararası Avrasya Strateji Dergisi 2013","MERDAN, A.S. (2013). Azerbaycan-ABD İlişkilerinde Belirsizlik Dönemi (1991-1994). Çankırı Karatekin Üniversitesi Uluslararası Avrasya Strateji Dergisi, 2(1): 47-70."
5548,1324363,23570887,43,İş tatmini ölçeğinin Türkçe güvenilirlik ve geçerlilik çalişmasi,Kırklareli Üniversitesi Sosyal Bilimler Dergisi,2019,"Keser, A., & Bilir, K",apa,"İş tatmini ölçeğinin Türkçe güvenilirlik ve geçerlilik çalişmasi Keser, A., & Bilir, K Kırklareli Üniversitesi Sosyal Bilimler Dergisi 2019","Keser, A., & Bilir, K. B. Ö. (2019). İş tatmini ölçeğinin Türkçe güvenilirlik ve geçerlilik çalişmasi. Kırklareli Üniversitesi Sosyal Bilimler Dergisi, 3(3), 229-239."
5552,1288559,22542027,3,Hizmet içi eğitimin işlevlerine ilişkin görüş ve tutumlar,Kazım Karabekir Eğitim Fakültesi Dergisi,2006,"Altınışık, S",apa,"Hizmet içi eğitimin işlevlerine ilişkin görüş ve tutumlar Altınışık, S Kazım Karabekir Eğitim Fakültesi Dergisi 2006","Altınışık, S. (2006). Hizmet içi eğitimin işlevlerine ilişkin görüş ve tutumlar. Kazım Karabekir Eğitim Fakültesi Dergisi, 13, 362-372."
5553,1288559,22542028,4,Bilişim teknolojileri öğretmenlerinin hizmet içi eğitim kurslarına yönelik görüşleri,Middle Eastern & African Journal of Educational Research,2013,"Arslan, H",apa,"Bilişim teknolojileri öğretmenlerinin hizmet içi eğitim kurslarına yönelik görüşleri Arslan, H Middle Eastern & African Journal of Educational Research 2013","Arslan, H. & Şahin, İ. (2013). Bilişim teknolojileri öğretmenlerinin hizmet içi eğitim kurslarına yönelik görüşleri. Middle Eastern & African Journal of Educational Research, 5, 56-66."
5555,1264148,20670282,56,Osmanlı Ermenilerinin göçünün fotoğrafını çekmek: terk-i tâbiiyet ve pasaport politikaları. Toplumsal Tarih,Nisan,2019,"Özdemir, H",apa,"Osmanlı Ermenilerinin göçünün fotoğrafını çekmek: terk-i tâbiiyet ve pasaport politikaları. Toplumsal Tarih Özdemir, H Nisan 2019","Özdemir, H. (2019). Osmanlı Ermenilerinin göçünün fotoğrafını çekmek: terk-i tâbiiyet ve pasaport politikaları. Toplumsal Tarih. Nisan, 304, 82-90."
5561,1191474,17427395,81,Proje tabanlı öğrenmede anlamlı alan gezisi: Güneş enerjisi ve kullanım alanları konusu,Hacettepe Üniversitesi Eğitim Fakültesi Dergisi,2013,"Tortop, H",apa,"Proje tabanlı öğrenmede anlamlı alan gezisi: Güneş enerjisi ve kullanım alanları konusu Tortop, H Hacettepe Üniversitesi Eğitim Fakültesi Dergisi 2013","Tortop, H. S., & Özek, N. (2013). Proje tabanlı öğrenmede anlamlı alan gezisi: Güneş enerjisi ve kullanım alanları konusu. Hacettepe Üniversitesi Eğitim Fakültesi Dergisi, 44, 300-307."
5575,1347356,24501856,10,,,2006,,unparsed,,"BÜLBÜL, İ. (2006). “İkinci Dünya Savaşı’nın Türkiye’de Sosyal Hayata Olumsuz Yansımaları”, Yakın Dönem Türkiye Araştırmaları Dergisi. 9:1-51."
5616,1260399,20528203,69,Eğitimbilim araştırmalarında etkin olarak kullanılabilecek nitel bir araştırma tekniği: Görüşme,Kuram ve Uygulamada Eğitim Yönetimi,2000,"Türnüklü, A",apa,"Eğitimbilim araştırmalarında etkin olarak kullanılabilecek nitel bir araştırma tekniği: Görüşme Türnüklü, A Kuram ve Uygulamada Eğitim Yönetimi 2000","Türnüklü, A. (2000). Eğitimbilim araştırmalarında etkin olarak kullanılabilecek nitel bir araştırma tekniği: Görüşme. Kuram ve Uygulamada Eğitim Yönetimi, 24(24), 543–559."
5619,1161103,16428861,3,Restoran işletmelerinde müşteri şikâyetleri ve şikâyete ilişkin davranışlar,"Paradoks Ekonomi, Sosyoloji ve Politika Dergisi, (9)2",2013,"Albayrak, A",apa,"Restoran işletmelerinde müşteri şikâyetleri ve şikâyete ilişkin davranışlar Albayrak, A Paradoks Ekonomi, Sosyoloji ve Politika Dergisi, (9)2 2013","Albayrak, A. (2013). Restoran işletmelerinde müşteri şikâyetleri ve şikâyete ilişkin davranışlar. Paradoks Ekonomi, Sosyoloji ve Politika Dergisi, (9)2, 24-51."
5626,1184914,17186344,10,,,2016,,unparsed,,"[10] Şener Yılmaz F., (2016) The Effect of Solar Control Design on Visual Comfort and Daylight Performance: Office Buildings, Online Journal of Art Design, 4(4), 47-62."
5632,1314747,23067570,10,,,1996,,unparsed,,"Fişek, G. O. ve Scherler, H. R. (1996). Toplumsal Değişim ve Eşler: Cinsiyet Senaryolarının Sınırlarını Genişletme Amaçlı Bir Terapi Yaklaşımı, Türk Psikoloji Dergisi, 11 (36): 1-11."
5663,1241331,19727039,39,Green Marketing and Consumer Tendency of Ecofriendly Products,Düzce Üniversitesi Orman Fakültesi Ormancılık Dergisi,2013,"Duru, M",apa,"Green Marketing and Consumer Tendency of Ecofriendly Products Duru, M Düzce Üniversitesi Orman Fakültesi Ormancılık Dergisi 2013","Duru, M. N., & Șua, E. (2013). Green Marketing and Consumer Tendency of Eco- friendly Products. Düzce Üniversitesi Orman Fakültesi Ormancılık Dergisi, 9(2), 126-136."
5664,1241331,19727042,42,Yeşil Pazarlama Algısı ve Yeşil Satın Alma Davranışı: Düzce Üniversitesi Örneği,Düzce Üniversitesi Orman Fakültesi Ormancılık Dergisi,2014,"Gedik, T., Kurutkan, M",apa,"Yeşil Pazarlama Algısı ve Yeşil Satın Alma Davranışı: Düzce Üniversitesi Örneği Gedik, T., Kurutkan, M Düzce Üniversitesi Orman Fakültesi Ormancılık Dergisi 2014","Gedik, T., Kurutkan, M. N., & Çil, M. (2014). Yeşil Pazarlama Algısı ve Yeşil Satın Alma Davranışı: Düzce Üniversitesi Örneği. Düzce Üniversitesi Orman Fakültesi Ormancılık Dergisi, 10(1), 1-13."
5665,1241331,19727086,86,Çevreci Ürünlerin Tüketicilerin Satın Alma Kararlarındaki Yeri Üzerine Bir Uygulama,Niğde Üniversitesi İktisadi ve İdari Bilimler Fakültesi Dergisi,2016,"Tayfun, N",apa,"Çevreci Ürünlerin Tüketicilerin Satın Alma Kararlarındaki Yeri Üzerine Bir Uygulama Tayfun, N Niğde Üniversitesi İktisadi ve İdari Bilimler Fakültesi Dergisi 2016","Tayfun, N. Ö., & Ölçü, B. (2016). Çevreci Ürünlerin Tüketicilerin Satın Alma Kararlarındaki Yeri Üzerine Bir Uygulama. Niğde Üniversitesi İktisadi ve İdari Bilimler Fakültesi Dergisi, 9(3), 185-198."
5669,1258908,20463015,5,Le lettere dalla prigione di Aldo Moro,Studi Storici,2008,"Barbagallo, F",apa,"Le lettere dalla prigione di Aldo Moro Barbagallo, F Studi Storici 2008","Barbagallo, F. (2008). Le lettere dalla prigione di Aldo Moro. Studi Storici, 49(1), 261-267."
5683,1227052,19084466,18,Validity and reliability study of the healthy lifestyle behaviors scale ıı,CUHemsirelik Yuksek Derg,2008,"Bahar Z, Beşer A, Gördes N, Ersin F, Kıssal A",vancouver,"Validity and reliability study of the healthy lifestyle behaviors scale ıı Bahar Z, Beşer A, Gördes N, Ersin F, Kıssal A CUHemsirelik Yuksek Derg 2008","18. Bahar Z, Beşer A, Gördes N, Ersin F, Kıssal A. Validity and reliability study of the healthy lifestyle behaviors scale ıı. CUHemsirelik Yuksek Derg. 2008;12(1):1-13."
5688,1315767,23131826,40,Alfred Adler’s individual psychology in protagonist of “Soul” movie,Jurnal Karya Ilmiah Mahasiswa,2023,"Nurawaliyah, F., Kone, A",apa,"Alfred Adler’s individual psychology in protagonist of “Soul” movie Nurawaliyah, F., Kone, A Jurnal Karya Ilmiah Mahasiswa 2023","Nurawaliyah, F., Kone, A. M., & Halijah, S. (2023). Alfred Adler’s individual psychology in protagonist of “Soul” movie. Jurnal Karya Ilmiah Mahasiswa, 2(2), 242-251."
5694,1182368,16997527,6,,,,,unparsed,,"Akgündüz, Ahmet. “Ebüssuûd Efendi.” Türkiye Diyanet Vakfı İslam Ansiklopedisi (DİA), 10:365-371."
5695,1182368,16997588,67,“Çivizâde Muhyiddin Mehmed Efendi,Türkiye Diyanet Vakfı İslam Ansiklopedisi (DİA,,"İpşirli, Mehmet",volume_pages,"“Çivizâde Muhyiddin Mehmed Efendi İpşirli, Mehmet Türkiye Diyanet Vakfı İslam Ansiklopedisi (DİA","İpşirli, Mehmet. “Çivizâde Muhyiddin Mehmed Efendi.” Türkiye Diyanet Vakfı İslam Ansiklopedisi (DİA), 8:348-349."
5697,1182368,16997656,135,,,,,unparsed,,"Ṭāşköprīzāde, Kemāluddīn Meḥmed Efendi. ʿUddetu Aṣḥābi’l-Bidāye ve’n-Nihāye fī Tecrīdi Mesāʾili’l-Hidāye. Amcazade Hüseyin, no. 215, 1-307."
5709,1320131,23380705,20,Engelli çalışma kültürünün cinsiyet bağlamında değerlendirilmesi,İnsan ve Toplum Bilimleri Araştırmaları Dergisi,2017,"Göçmen, S., & Hüseyinli, N",apa,"Engelli çalışma kültürünün cinsiyet bağlamında değerlendirilmesi Göçmen, S., & Hüseyinli, N İnsan ve Toplum Bilimleri Araştırmaları Dergisi 2017","Göçmen, S., & Hüseyinli, N. (2017). Engelli çalışma kültürünün cinsiyet bağlamında değerlendirilmesi. İnsan ve Toplum Bilimleri Araştırmaları Dergisi, 6(6), 254-270."
5711,1196096,17736907,55,Int J Chem Environ Pharm Res,2011,2011,"Topare, NS.; Renge, VC.; Khedkar, SV.; Chavan, YP.; Bhagat, SL",volume_pages,"Int J Chem Environ Pharm Res Topare, NS.; Renge, VC.; Khedkar, SV.; Chavan, YP.; Bhagat, SL 2011 2011","55. Topare, NS.; Renge, VC.; Khedkar, SV.; Chavan, YP.; Bhagat, SL. Int J Chem Environ Pharm Res. 2011, 2, 116-20."
5714,1157471,15879162,12,1990’ların Türk sinemasında kamusal ve özel mekanların cinsiyetçi sunumu: Özkan’ın bir kadının anatomisi’nde kadın,İletişim,2005,"Erkaslan, Ö",apa,"1990’ların Türk sinemasında kamusal ve özel mekanların cinsiyetçi sunumu: Özkan’ın bir kadının anatomisi’nde kadın Erkaslan, Ö İletişim 2005","Erkaslan, Ö. (2005). 1990’ların Türk sinemasında kamusal ve özel mekanların cinsiyetçi sunumu: Özkan’ın bir kadının anatomisi’nde kadın. İletişim, 20, 157–174."
5719,1285374,21718399,12,Okul dışı öğrenme ortamlarına yönelik sınıf öğretmenlerinin görüşleri: Kayseri bilim merkezi,Sosyal Bilimler Araştırma Dergisi,2020,"Ertuğrul, A., & Karamustafaoğlu, O",apa,"Okul dışı öğrenme ortamlarına yönelik sınıf öğretmenlerinin görüşleri: Kayseri bilim merkezi Ertuğrul, A., & Karamustafaoğlu, O Sosyal Bilimler Araştırma Dergisi 2020","Ertuğrul, A., & Karamustafaoğlu, O. (2020). Okul dışı öğrenme ortamlarına yönelik sınıf öğretmenlerinin görüşleri: Kayseri bilim merkezi. Sosyal Bilimler Araştırma Dergisi, 9 (2), 107-116."
5738,1320012,23374227,2,Metaverse evreninde pazarlama: 7p pazarlama karması üzerinden bir değerlendirme,Uluslararası Halkla İlişkiler ve Reklam Çalışmaları Dergisi,2022,"Anıl, F., & Alankuş, Z",apa,"Metaverse evreninde pazarlama: 7p pazarlama karması üzerinden bir değerlendirme Anıl, F., & Alankuş, Z Uluslararası Halkla İlişkiler ve Reklam Çalışmaları Dergisi 2022","Anıl, F., & Alankuş, Z. (2022). Metaverse evreninde pazarlama: 7p pazarlama karması üzerinden bir değerlendirme. Uluslararası Halkla İlişkiler ve Reklam Çalışmaları Dergisi, 5(1), 134-168."
5746,1253627,20236136,42,,,2013,,unparsed,,"Lei, X., Zhang, W., and Zhao, X. (2013). The Effects of Precipitation on Tourism During “Goldweek” and Assessment in Xi’an City. J. Northwest Univ.(Nat. Sci. Ed.), 43, 133-138."
5749,1279324,21370292,15,CAMELS performans değerleme modeli: Türkiye’deki mevduat bankaları üzerine ampirik bir uygulama,Niğde Üniversitesi İktisadi ve İdari Bilimler Fakültesi Dergisi,2015,"Ege, İ., Topaloğlu, E",apa,"CAMELS performans değerleme modeli: Türkiye’deki mevduat bankaları üzerine ampirik bir uygulama Ege, İ., Topaloğlu, E Niğde Üniversitesi İktisadi ve İdari Bilimler Fakültesi Dergisi 2015","Ege, İ., Topaloğlu, E. E., & Karakozak, Ö. (2015). CAMELS performans değerleme modeli: Türkiye’deki mevduat bankaları üzerine ampirik bir uygulama. Niğde Üniversitesi İktisadi ve İdari Bilimler Fakültesi Dergisi, 8(4), 109–126."
5767,1194154,17584126,20,Üniversite Öğrencilerinin Cam Tavan Algıları ile Beş Faktör Kişilik Özellikleri İlişkisi,Balkan ve Yakın Doğu Sosyal Bilimler Dergisi,2021,"Serinikli, N",apa,"Üniversite Öğrencilerinin Cam Tavan Algıları ile Beş Faktör Kişilik Özellikleri İlişkisi Serinikli, N Balkan ve Yakın Doğu Sosyal Bilimler Dergisi 2021","Serinikli, N. (2021). Üniversite Öğrencilerinin Cam Tavan Algıları ile Beş Faktör Kişilik Özellikleri İlişkisi. Balkan ve Yakın Doğu Sosyal Bilimler Dergisi, 7(1), 16-28."
5768,1333989,23983103,31,Yenice Höyük 2016–2017 Yılı Çalışmaları,Kazı Sonuçları Toplantısı,2019,"Demir, T",apa,"Yenice Höyük 2016–2017 Yılı Çalışmaları Demir, T Kazı Sonuçları Toplantısı 2019","Demir, T. & Ekici, M. (2019). Yenice Höyük 2016–2017 Yılı Çalışmaları. Kazı Sonuçları Toplantısı, 40(3), 503–520."
5771,1333989,23983116,44,The Connection between Clay Sealings and Tablets in Administration,South Asian Archaeology,1979,"Fiandra, E",apa,"The Connection between Clay Sealings and Tablets in Administration Fiandra, E South Asian Archaeology 1979","Fiandra, E. (1979). The Connection between Clay Sealings and Tablets in Administration. South Asian Archaeology, 5, 29–43."
5776,1299447,22340499,52,"Nesnelerin interneti teknolojisinin muhasebe ve denetim sürecine etkisi ve muhtemel riskler, İşletme Araştırmaları Dergisi",14(2,2022,"Özçelik, M., Dikmen, B., ve Deran, A",apa,"Nesnelerin interneti teknolojisinin muhasebe ve denetim sürecine etkisi ve muhtemel riskler, İşletme Araştırmaları Dergisi Özçelik, M., Dikmen, B., ve Deran, A 14(2 2022","Özçelik, M., Dikmen, B., ve Deran, A. (2022). Nesnelerin interneti teknolojisinin muhasebe ve denetim sürecine etkisi ve muhtemel riskler, İşletme Araştırmaları Dergisi. 14(2), 1544–1563."
5795,1378119,25707176,13,Analyzing conflict factors and conflict management strategies of the teachers working in private schools in Kayseri,Journal of Communication Theory and Research,2013,"Güllüoğlu, Ö",apa,"Analyzing conflict factors and conflict management strategies of the teachers working in private schools in Kayseri Güllüoğlu, Ö Journal of Communication Theory and Research 2013","Güllüoğlu, Ö. (2013). Analyzing conflict factors and conflict management strategies of the teachers working in private schools in Kayseri. Journal of Communication Theory and Research, 1(36), 193- 218."
5798,1378119,25707208,45,Evaluation of the conflict causes and conflict management approaches of the state lycee teachers. H. U,Journal of Education,2015,"Sucuoğlu, E",apa,"Evaluation of the conflict causes and conflict management approaches of the state lycee teachers. H. U Sucuoğlu, E Journal of Education 2015","Sucuoğlu, E. (2015). Evaluation of the conflict causes and conflict management approaches of the state lycee teachers. H. U. Journal of Education, 30(4), 16-28."
5801,1378119,25707214,51,A study of analyzing the relationship between personality traits and conflict management styles of managers,Cumhuriyet University Journal of Economics & Administrative Sciences,2009,"Yürür, S",apa,"A study of analyzing the relationship between personality traits and conflict management styles of managers Yürür, S Cumhuriyet University Journal of Economics & Administrative Sciences 2009","Yürür, S. (2009). A study of analyzing the relationship between personality traits and conflict management styles of managers. Cumhuriyet University Journal of Economics & Administrative Sciences, 10(1), 23-42."
5815,1234415,21420746,119,,,2016,,unparsed,,"Darabi, F., Hatami, A., Zare, M.J., Naseri, R., 2016. Investigation of important morphological traits and grain yield of lentil under shading and bio-priming, Iranian Journal of Pulses Research, 7 (1), 145-160."
5832,1193117,18926962,12,Tarih Felsefesinin Genel Hatları ve Collingwood,un Tarih Düşüncesi,2019,"Erdoğan, Enver",quoted,"Tarih Felsefesinin Genel Hatları ve Collingwood Erdoğan, Enver un Tarih Düşüncesi 2019","Erdoğan, Enver. “Tarih Felsefesinin Genel Hatları ve Collingwood’un Tarih Düşüncesi”. Medeniyet ve Toplum Dergisi 3/1 (2019), 69-90."
5837,1324368,23570987,7,Islamophobia and sexism: Muslim women in the Western mass media,Human Architecture: Journal of the Sociology of Self-Knowledge,2010,"Navarro, L",apa,"Islamophobia and sexism: Muslim women in the Western mass media Navarro, L Human Architecture: Journal of the Sociology of Self-Knowledge 2010","Navarro, L. (2010). Islamophobia and sexism: Muslim women in the Western mass media. Human Architecture: Journal of the Sociology of Self-Knowledge, 8(2), 95-114."
5839,1370763,25457781,47,,,2007,,unparsed,,"Halbwachs, M. (2007). Kollektif Bellek ve Zaman. Bellek: Öncesiz Sonrasız, Cogito, 50, 55-76."
5863,1341423,24256477,19,Balıkesir ilinde kadın girişimci profili ve sorunları: Yiyecek sektöründe bir uygulama,Dumlupınar Üniversitesi Sosyal Bilimler Dergisi,2018,"Gül, M., & Gül, K",apa,"Balıkesir ilinde kadın girişimci profili ve sorunları: Yiyecek sektöründe bir uygulama Gül, M., & Gül, K Dumlupınar Üniversitesi Sosyal Bilimler Dergisi 2018","Gül, M., & Gül, K. (2018). Balıkesir ilinde kadın girişimci profili ve sorunları: Yiyecek sektöründe bir uygulama. Dumlupınar Üniversitesi Sosyal Bilimler Dergisi, 56, 82-96."
5884,1317095,24230821,28,,,2015,,unparsed,,"Özcan, F., T. Taş, and E. Yayan. 2017a. “2015 Kuzey Pisidia Yüzey Araştırması.” AST 34.2:359-79."
5885,1194947,18179820,30,,,2011,,unparsed,,"Oruç, C., Tecim, E., & Özyürek, H. (2011). Okul öncesi dönem çocuğunun kişilik gelişiminde rol modellik ve çizgi filmler. Ekev Akademi Dergisi, (15) 48: 281-297."
5905,1288651,21878397,6,,,2010,,unparsed,,[6] Gürlük S. Sürdürülebilir kalkınma gelişmekte olan ülkelerde uygulanabilir mi? Eskişehir Osmangazi Üniversitesi İİBF Dergisi 2010; 5(2): 85-99.
5906,1288651,21878411,20,Evaluating the best renewable energy technology for sustainable energy planning,International Journal of Energy Economics and Policy,2013,Demirtas O,vancouver,Evaluating the best renewable energy technology for sustainable energy planning Demirtas O International Journal of Energy Economics and Policy 2013,[20] Demirtas O. Evaluating the best renewable energy technology for sustainable energy planning. International Journal of Energy Economics and Policy 2013; 3(4): 23-33.
5909,1288651,21878467,76,Sezgisel bulanık TOPSIS yöntemi kullanarak Türkiye’nin yenilenebilir enerji kaynaklarının değerlendirilmesi,Politeknik Dergisi,2017,"Damgacı E, Boran K, Boran FE",vancouver,"Sezgisel bulanık TOPSIS yöntemi kullanarak Türkiye’nin yenilenebilir enerji kaynaklarının değerlendirilmesi Damgacı E, Boran K, Boran FE Politeknik Dergisi 2017","[76] Damgacı E, Boran K, Boran FE. Sezgisel bulanık TOPSIS yöntemi kullanarak Türkiye’nin yenilenebilir enerji kaynaklarının değerlendirilmesi. Politeknik Dergisi 2017; 20(3): 629-637."
5961,1252893,20292211,84,Yapay Zekânın Cezai Sorumluluğu,Türkiye Adalet Akademisi Dergisi 47,2021,"Köken, Enes",quoted,"Yapay Zekânın Cezai Sorumluluğu Köken, Enes Türkiye Adalet Akademisi Dergisi 47 2021","Köken, Enes, “Yapay Zekânın Cezai Sorumluluğu”, Türkiye Adalet Akademisi Dergisi 47 (Temmuz 2021), 247-286."
5962,1252893,20292251,124,,,2021,,unparsed,,"Tanrıverdi, Ayşe Almıla. “Yapay Zekânın Kamu Hizmetinin Sunumuna Etkileri”. Adalet Dergisi 66/1 (2021), 293-314."
5974,1372146,25507243,2,Mechanical strength degradation of slag and fly ash based geopolymer specimens exposed to sulfuric acid attack,Sigma J Eng Nat Sci,2019,"Ni¸s A, Altundal MB",vancouver,"Mechanical strength degradation of slag and fly ash based geopolymer specimens exposed to sulfuric acid attack Ni¸s A, Altundal MB Sigma J Eng Nat Sci 2019","2. Ni¸s A, Altundal MB. Mechanical strength degradation of slag and fly ash based geopolymer specimens exposed to sulfuric acid attack. Sigma J Eng Nat Sci. 2019;37(3):917–26."
5979,1292642,22042910,7,,,2016,,unparsed,,"İnançer, Ömer Tuğrul. “İstanbul’da Tarikat Ayin ve Zikirleri”. Antik Çağdan 21 (2016), 316-327."
5997,1157017,16525241,32,Sınıf öğretmenlerinin ekran okumaya yönelik görüşleri,Kırıkkale Üniversitesi Sosyal Bilimler Dergisi (KÜSBD,2018,"Elkatmış, M",apa,"Sınıf öğretmenlerinin ekran okumaya yönelik görüşleri Elkatmış, M Kırıkkale Üniversitesi Sosyal Bilimler Dergisi (KÜSBD 2018","Elkatmış, M. (2018). Sınıf öğretmenlerinin ekran okumaya yönelik görüşleri. Kırıkkale Üniversitesi Sosyal Bilimler Dergisi (KÜSBD), 8(1), 203-222."
5998,1157017,16525282,73,Computer technology and college students’ reading habits,Chia-nan Annual Bulletin,2006,"Shen, L-B",apa,"Computer technology and college students’ reading habits Shen, L-B Chia-nan Annual Bulletin 2006","Shen, L-B. (2006). Computer technology and college students’ reading habits. Chia-nan Annual Bulletin, 32, 559-572."
6004,1320992,23428567,39,Algılanan koç kişilerarası davranışlarının öncülleri: Koçluk ortamı ve koçun psikolojik refahı ve kötülüğü,Spor ve Egzersiz Psikolojisi Dergisi,2012,"Stebbings, J., Taylor, I., Spray, C",apa,"Algılanan koç kişilerarası davranışlarının öncülleri: Koçluk ortamı ve koçun psikolojik refahı ve kötülüğü Stebbings, J., Taylor, I., Spray, C Spor ve Egzersiz Psikolojisi Dergisi 2012","Stebbings, J., Taylor, I., Spray, C. M., & Ntoumanis, N. (2012). Algılanan koç kişilerarası davranışlarının öncülleri: Koçluk ortamı ve koçun psikolojik refahı ve kötülüğü. Spor ve Egzersiz Psikolojisi Dergisi, 34(1), 481-502. [CrossRef]"
6015,1230562,19270224,7,,,2019,,unparsed,,"Gonchenko, S., A.Gonchenko, Kazakov, Kozlov, and Bakhanova, 2019 Spiral chaos of three-dimensional flows. Izvestija vuzov 27: 7–52."
6018,1253546,20266320,24,Türkçe öğretiminin tarihsel gelişimiyle ilgili bir kaynakça denemesi,Uluslararası Eğitim Bilim ve Teknoloji Dergisi,2019,"Maden, S., & Kızıltaş, M",apa,"Türkçe öğretiminin tarihsel gelişimiyle ilgili bir kaynakça denemesi Maden, S., & Kızıltaş, M Uluslararası Eğitim Bilim ve Teknoloji Dergisi 2019","Maden, S., & Kızıltaş, M. (2019). Türkçe öğretiminin tarihsel gelişimiyle ilgili bir kaynakça denemesi. Uluslararası Eğitim Bilim ve Teknoloji Dergisi, 5(3), 119-135."
6060,1344437,24395134,55,Sınıf öğretmenlerinin öğrencilerinden bekledikleri sorumluluklar ve sorumluluk kazandırmada kullandıkları yöntemler,Çukurova Üniversitesi Sosyal Bilimler Enstitüsü Dergisi,2006,"Yurtal, F",apa,"Sınıf öğretmenlerinin öğrencilerinden bekledikleri sorumluluklar ve sorumluluk kazandırmada kullandıkları yöntemler Yurtal, F Çukurova Üniversitesi Sosyal Bilimler Enstitüsü Dergisi 2006","Yurtal, F. & Yontar, A. G. A. (2006). Sınıf öğretmenlerinin öğrencilerinden bekledikleri sorumluluklar ve sorumluluk kazandırmada kullandıkları yöntemler. Çukurova Üniversitesi Sosyal Bilimler Enstitüsü Dergisi, 15(2), 411-423."
6077,1372144,25507155,28,Kadına Yönelik Şiddet ve Sosyal Medya Aktivizmi: Kadın Cinayetlerini Durduracağız Platformu Örneğinde İçerik Analizi,Yeni Düşünceler,2018,"Özkan, S",apa,"Kadına Yönelik Şiddet ve Sosyal Medya Aktivizmi: Kadın Cinayetlerini Durduracağız Platformu Örneğinde İçerik Analizi Özkan, S Yeni Düşünceler 2018","Özkan, S. (2018). Kadına Yönelik Şiddet ve Sosyal Medya Aktivizmi: Kadın Cinayetlerini Durduracağız Platformu Örneğinde İçerik Analizi. Yeni Düşünceler, 9, 57-69."
6101,1280623,22325231,4,Aşık Veysel Şatıroğlu’nda Dini Tecrübe,Dinbilimleri Akademik Araştırma Dergisi,2005,"Apaydın, H",apa,"Aşık Veysel Şatıroğlu’nda Dini Tecrübe Apaydın, H Dinbilimleri Akademik Araştırma Dergisi 2005","Apaydın, H. (2005). Aşık Veysel Şatıroğlu’nda Dini Tecrübe. Dinbilimleri Akademik Araştırma Dergisi, 5(2), 179-191."
6122,1159474,16360126,1,Türkiye’de ikinci en iyi teorisi bağlamında Covid-19 pandemisinde uygulanan kısıtlayıcı önlemlerin etkinliği,Bilgi Sosyal Bilimler Dergisi,2021,"Afşar, K., & Toker, E",apa,"Türkiye’de ikinci en iyi teorisi bağlamında Covid-19 pandemisinde uygulanan kısıtlayıcı önlemlerin etkinliği Afşar, K., & Toker, E Bilgi Sosyal Bilimler Dergisi 2021","Afşar, K., & Toker, E. (2021). Türkiye’de ikinci en iyi teorisi bağlamında Covid-19 pandemisinde uygulanan kısıtlayıcı önlemlerin etkinliği. Bilgi Sosyal Bilimler Dergisi, 23(1), 1-29."
6156,1351467,24665930,19,"“Bakırköy’ün Endüstri Mirasının Değerlendirilmesi”, Mimar",Ist,2018,"Kariptaş, F",volume_pages,"“Bakırköy’ün Endüstri Mirasının Değerlendirilmesi”, Mimar Kariptaş, F Ist 2018","Kariptaş, F. S., Güney, C. (2018). “Bakırköy’ün Endüstri Mirasının Değerlendirilmesi”, Mimar.Ist, 61, 46-53."
6164,1383041,25848912,42,,,2017,,unparsed,,"Pulat Demir, H., Elkin, N., Barut, A.Y., Bayram, H.M., & Averi, S. (2017). Vardiyalı çalışan sağlık personelinin uyku süresi ve beslenme durumunun değerlendirilmesi, IGUSABDER, 2(2017), 89-107."
6165,1323795,23548804,8,Negatif siyasal reklamlarda ikna edici mesaj stratejisi olarak korku çekiciliği kullanımı,Selçuk Üniversitesi Sosyal Bilimler Enstitüsü Dergisi,2007,"Balcı, Ş",apa,"Negatif siyasal reklamlarda ikna edici mesaj stratejisi olarak korku çekiciliği kullanımı Balcı, Ş Selçuk Üniversitesi Sosyal Bilimler Enstitüsü Dergisi 2007","Balcı, Ş. (2007). Negatif siyasal reklamlarda ikna edici mesaj stratejisi olarak korku çekiciliği kullanımı. Selçuk Üniversitesi Sosyal Bilimler Enstitüsü Dergisi, 17, 73–106."
6171,1250297,20097041,21,,,2016,,unparsed,,"Tekin, S., Boyacı, S., Sezen, S. M., Gönen, E., Soylu, E., Soyugüzel, E., Üstün, Y., 2016. Kahramanmaraş Yöresinde Yaygın Olarak Kullanılan Damla Sulama Damlatıcılarının Hidrolik Özelliklerinin Değerlendirilmesi. Tarım ve Doğa Dergisi. 19(4): 445-453."
6172,1271950,21023483,14,Highlights of consumption and satisfaction in nautical tourism: A comparative study of visitors to the Canary Islands and Morocco,Gestion y Ambiente,2015,"Gonzalez, Y",apa,"Highlights of consumption and satisfaction in nautical tourism: A comparative study of visitors to the Canary Islands and Morocco Gonzalez, Y Gestion y Ambiente 2015","Gonzalez, Y. E. L., Gonzalez, C. J. L., ve Ledesma, J. L. (2015). Highlights of consumption and satisfaction in nautical tourism: A comparative study of visitors to the Canary Islands and Morocco. Gestion y Ambiente, 18(1), 129-145."
6176,1219622,19134272,18,Ticari İşletme İşlettikleri Halde Tacir Sayılmayan Dernek ve Vakıflara İlişkin Düzenlemenin (TTK m. 16/2) Değerlendirilmesi,Banka ve Ticaret Hukuku Dergisi XXXII/4,2016,"Göle, CelalBilgeç, Hakan",quoted,"Ticari İşletme İşlettikleri Halde Tacir Sayılmayan Dernek ve Vakıflara İlişkin Düzenlemenin (TTK m. 16/2) Değerlendirilmesi Göle, CelalBilgeç, Hakan Banka ve Ticaret Hukuku Dergisi XXXII/4 2016","Göle, Celal- Bilgeç, Hakan. “Ticari İşletme İşlettikleri Halde Tacir Sayılmayan Dernek ve Vakıflara İlişkin Düzenlemenin (TTK m. 16/2) Değerlendirilmesi”, Banka ve Ticaret Hukuku Dergisi XXXII/4 (2016), 5-22."
6193,1360222,25335858,145,Burdur İlinin Kırsal Turizm Potansiyelinin Değerlendirilmesi: Sorunları ve Çözüm Önerileri-Rural Tourism Potential Evaluation Of Burdur Province: Problems and Solution Proposals,Mehmet Akif Ersoy Üniversitesi Sosyal Bilimler Enstitüsü Dergisi,2015,"Ongun, U., Gövdere, B., Durgun Kaygısız, A",volume_pages,"Burdur İlinin Kırsal Turizm Potansiyelinin Değerlendirilmesi: Sorunları ve Çözüm Önerileri-Rural Tourism Potential Evaluation Of Burdur Province: Problems and Solution Proposals Ongun, U., Gövdere, B., Durgun Kaygısız, A Mehmet Akif Ersoy Üniversitesi Sosyal Bilimler Enstitüsü De","[145] Ongun, U., Gövdere, B., Durgun Kaygısız, A. 2015. Burdur İlinin Kırsal Turizm Potansiyelinin Değerlendirilmesi: Sorunları ve Çözüm Önerileri-Rural Tourism Potential Evaluation Of Burdur Province: Problems and Solution Proposals. Mehmet Akif Ersoy Üniversitesi Sosyal Bilimler Enstitüsü Dergisi, 7(12), 99-116."
6198,1185929,18351676,28,Vardiyalı çalışan personelin iş-aile çatışma düzeyinin belirlenmesi: Elazığ havalimanı örneği,Internatıonal Journal Of Economıc And Admınıstratıve Academıc Research,2021,"Karaca, A",apa,"Vardiyalı çalışan personelin iş-aile çatışma düzeyinin belirlenmesi: Elazığ havalimanı örneği Karaca, A Internatıonal Journal Of Economıc And Admınıstratıve Academıc Research 2021","Karaca, A. ve Uzun, F. (2021). Vardiyalı çalışan personelin iş-aile çatışma düzeyinin belirlenmesi: Elazığ havalimanı örneği. Internatıonal Journal Of Economıc And Admınıstratıve Academıc Research, 1(2), 1-22."
6202,1271147,21102017,60,,,2011,,unparsed,,"Mencan, Q. (2011). Erbakan’ın mirası. Umran Dergisi, Sayı: 200, 33-35."
6239,1200178,17875692,27,Identification of microalgae species and lipid profiling of Glagah consortium for biodiesel development from the local marine resource,Journal of Engineering and Applied Sciences,2016,"Suyono, E",apa,"Identification of microalgae species and lipid profiling of Glagah consortium for biodiesel development from the local marine resource Suyono, E Journal of Engineering and Applied Sciences 2016","Suyono, E. A., Fahrunnida, Nopitasari, S., & Utama, I. (2016). Identification of microalgae species and lipid profiling of Glagah consortium for biodiesel development from the local marine resource. Journal of Engineering and Applied Sciences, 11, 9970-9973."
6245,1359250,25003340,17,Medical treatment of male infertility,Transl Androl Urol,2014,"Dabaja AA, Schlegel PN",vancouver,"Medical treatment of male infertility Dabaja AA, Schlegel PN Transl Androl Urol 2014","Dabaja AA, Schlegel PN. Medical treatment of male infertility. Transl Androl Urol. 2014;3:9-16."
6272,1157027,16528401,35,Türkçe öğretiminde disiplinler arası olanaklar,Mersin Üniversitesi Eğitim Fakültesi Dergisi,2013,"Kanatlı, F",apa,"Türkçe öğretiminde disiplinler arası olanaklar Kanatlı, F Mersin Üniversitesi Eğitim Fakültesi Dergisi 2013","Kanatlı, F. ve Çekici, Y. E. (2013). Türkçe öğretiminde disiplinler arası olanaklar. Mersin Üniversitesi Eğitim Fakültesi Dergisi, 2, 223-234."
6290,1338798,24976226,13,A review on radiopharmaceuti cals and radiochemical method in analysis,Int J Pharm Biol Arch,2011,"Riddhi PD, Patel PM, Patel NM",vancouver,"A review on radiopharmaceuti cals and radiochemical method in analysis Riddhi PD, Patel PM, Patel NM Int J Pharm Biol Arch 2011","[13] Riddhi PD, Patel PM, Patel NM. A review on radiopharmaceuti cals and radiochemical method in analysis. Int J Pharm Biol Arch. 2011; 2(4): 1062-1067."
6303,1285697,25928478,17,Covid-19 pandemisinde hemĢirelerin ödediği bedel: Merhamet yorgunluğu,Journal of Innovative Healthcare Practices,2021,"Özalp, ġ",apa,"Covid-19 pandemisinde hemĢirelerin ödediği bedel: Merhamet yorgunluğu Özalp, ġ Journal of Innovative Healthcare Practices 2021","Özalp, ġ. ġ. (2021). Covid-19 pandemisinde hemĢirelerin ödediği bedel: Merhamet yorgunluğu. Journal of Innovative Healthcare Practices, 2(2), 80-87."
6317,1329472,23785960,25,,,2023,,unparsed,,"Salamon, E. (2023) “Pflicht des Arbeitgebers zur Zeiterfassung-Verfassungsrechtliche Grenzen unionsrechtskonformer Auslegung”, Neue Juristische Wochenschrift-NJW, Heft 6, 335-341."
6336,1190195,17333963,27,Katılımcı Bir Kentsel Koruma Projesi: İzmir - Kemeraltı Tarihi Kent Merkezi,Ege Coğrafya Dergisi,2006,"Kılıç, S",apa,"Katılımcı Bir Kentsel Koruma Projesi: İzmir - Kemeraltı Tarihi Kent Merkezi Kılıç, S Ege Coğrafya Dergisi 2006","Kılıç, S. E., & Aydoğan, M. (2006). Katılımcı Bir Kentsel Koruma Projesi: İzmir - Kemeraltı Tarihi Kent Merkezi. Ege Coğrafya Dergisi, 15 (1-2), 61-71."
6341,1331086,23856213,38,,,2018,,unparsed,,"Gültekin, P., Özdede, S., Korkut, C., Esentürk, A., Gül, H. & Topçu, K. (2018). Rekreasyonel aktivitelere katılımın mental sağlığa etkilerinin değerlendirilmesi: Düzce kenti örneği, Türkiye Peyzaj Araştırmaları Dergisi, 1(1), 26-41."
6350,1289303,22462390,17,Türk havayolu ulaştırmasının açılım dönemine yönelik teknik etkinlik analizi: Bir stokastik sınır yöntemi uygulaması,Çukurova Üniversitesi İktisadi ve İdari Bilimler Fakültesi Dergisi,2014,"Tutulmaz, O., & Şahin, H",apa,"Türk havayolu ulaştırmasının açılım dönemine yönelik teknik etkinlik analizi: Bir stokastik sınır yöntemi uygulaması Tutulmaz, O., & Şahin, H Çukurova Üniversitesi İktisadi ve İdari Bilimler Fakültesi Dergisi 2014","[17] Tutulmaz, O., & Şahin, H. (2014). Türk havayolu ulaştırmasının açılım dönemine yönelik teknik etkinlik analizi: Bir stokastik sınır yöntemi uygulaması. Çukurova Üniversitesi İktisadi ve İdari Bilimler Fakültesi Dergisi, 18 (2), 49-73."
6362,1286806,21915057,34,,,2009,,unparsed,,"Grozdanovski, Jovica, “Αρχείο Αλή Πασά Συλλογής Χώτζη Γενναδείου Βιβλιοθήκης της Αμερικανικής Σχολής Αθηνών. Τόμος Δ’ (Εισαγωγή-Ευρετήρια-Γλωσσάρι). Έκδοση-Σχολιασμός-Ευρετήρια: Βασίλης Παναγιωτόπουλος, με τη συνεργασία; των: Δημήτρη Δημητρόπουλου και Παναγιώτη Μιχαηλάρη. Αθήνα: Εθνικό Ίδρυμα Ερευνών – Ινστιτούτο Νεοελληνικών Ερευνών, 2009; Αρχείο Αλή Πασά Συλλογής Ι. Χώτζη Γενικών Αρχείων του Κράτους και Μουσείου Μπενάκη. Τόμος Ε΄ (1792- 1820). Έκδοση-Σχολιασμός Ευρετήρια: Βασίλης Παναγιωτόπουλος, με τη συνεργασία των: Δημήτρη Δημητρόπουλου, Παναγιώτη Μιχαηλάρη. Αθήνα: Εθνικό Ίδρυμα Ερευνών – Ινστιτούτο Ιστορικών Ερευνών, 2018”, Patrimonium.MK : Periodical for Cultural Heritage - Monuments, Restoration, Museums 15/6 (2022), 397-400."
6365,1315278,23099775,21,Osmanlı Klâsik Dönemindeki Üzerine Bazı Bilgiler,Osmanlı Araştırmaları,1982,"Ergenç, Ö",apa,"Osmanlı Klâsik Dönemindeki Üzerine Bazı Bilgiler Ergenç, Ö Osmanlı Araştırmaları 1982","Ergenç, Ö. (1982). Osmanlı Klâsik Dönemindeki Üzerine Bazı Bilgiler. Osmanlı Araştırmaları, 3(3), 105-118."
6373,1276350,21403470,4,"TFRS’ye Uyumlu Finansal Tablolara Geçiş ve Oran Analizine Etkisi, Maden Sektörü Örneği",Gazi İktisat ve İşletme Dergisi,2016,"Ayanoğlu, Y",apa,"TFRS’ye Uyumlu Finansal Tablolara Geçiş ve Oran Analizine Etkisi, Maden Sektörü Örneği Ayanoğlu, Y Gazi İktisat ve İşletme Dergisi 2016","Ayanoğlu, Y. ve Yılmaz, A. (2016). TFRS’ye Uyumlu Finansal Tablolara Geçiş ve Oran Analizine Etkisi, Maden Sektörü Örneği. Gazi İktisat ve İşletme Dergisi, 2(2), 41-66."
6375,1260591,20536673,2,Kalp yetersizliği olan bireyin Neuman Sistemler Modeli’ne göre hemşirelik bakım planı örneği,Dokuz Eylül Üniversitesi Hemşirelik Yüksekokulu Elektronik Dergisi,2013,"Barutçu CD, Mert H",apa,"Kalp yetersizliği olan bireyin Neuman Sistemler Modeli’ne göre hemşirelik bakım planı örneği Barutçu CD, Mert H Dokuz Eylül Üniversitesi Hemşirelik Yüksekokulu Elektronik Dergisi 2013","Barutçu CD, Mert H. (2013). Kalp yetersizliği olan bireyin Neuman Sistemler Modeli’ne göre hemşirelik bakım planı örneği. Dokuz Eylül Üniversitesi Hemşirelik Yüksekokulu Elektronik Dergisi, 6(2), 88-92."
6385,1256585,20364671,30,The Effect of Different Techniques Used in Intramuscular Injection on Pain and Drug Leakage,International Anatolia Academic Online Journal Health Sciences,2021,"Alaşar B, Çevik K",vancouver,"The Effect of Different Techniques Used in Intramuscular Injection on Pain and Drug Leakage Alaşar B, Çevik K International Anatolia Academic Online Journal Health Sciences 2021","30. Alaşar B, Çevik K. The Effect of Different Techniques Used in Intramuscular Injection on Pain and Drug Leakage. International Anatolia Academic Online Journal Health Sciences 2021;7:79-92."
6391,1252299,20176856,35,Beyond Science Literacy: Science and the Public. International Journal of Environmental & Science Education,4(3,2009,"Liu, X",apa,"Beyond Science Literacy: Science and the Public. International Journal of Environmental & Science Education Liu, X 4(3 2009","Liu, X. (2009). Beyond Science Literacy: Science and the Public. International Journal of Environmental & Science Education. 4(3),301-311."
6407,1191850,17424549,1,Çarlık Rusyası Hakimiyetindeki Azerbaycan Türklerinde Ulus Bilincinin Gelişmesinin Genel Dinamikleri,Erciyes Üniversitesi Sosyal Bilimler Enstitüsü Dergisi,2010,"Açıkkaya, S",apa,"Çarlık Rusyası Hakimiyetindeki Azerbaycan Türklerinde Ulus Bilincinin Gelişmesinin Genel Dinamikleri Açıkkaya, S Erciyes Üniversitesi Sosyal Bilimler Enstitüsü Dergisi 2010","Açıkkaya, S. (2010). Çarlık Rusyası Hakimiyetindeki Azerbaycan Türklerinde Ulus Bilincinin Gelişmesinin Genel Dinamikleri. Erciyes Üniversitesi Sosyal Bilimler Enstitüsü Dergisi, 1(28), 403-420."
6418,1208159,18258036,56,Türkiye imalat sanayinde mekansal komşuluk ilişkileri,Atatürk Üniversitesi İktisadi İdari Bilimler Fakültesi Dergisi,2008,"Yeşilyurt, M",apa,"Türkiye imalat sanayinde mekansal komşuluk ilişkileri Yeşilyurt, M Atatürk Üniversitesi İktisadi İdari Bilimler Fakültesi Dergisi 2008","Yeşilyurt, M. E. (2008). Türkiye imalat sanayinde mekansal komşuluk ilişkileri. Atatürk Üniversitesi İktisadi İdari Bilimler Fakültesi Dergisi, 22(1), 165-173."
6432,1388566,26052932,2,,,2019,,unparsed,,"Afrin N.S. Hossain M.A. Saha K. 2019. Phytochemical screening of plant extracts and GC-MS analysis of n-hexane soluble part of crude chloroform extract of Cuscuta reflexa (Roxb.). Journal of Pharmacognosy and Phytochemistry. 8:2, 560-564."
6433,1388566,26052971,40,,,2018,,unparsed,,"Muhammad N. Ali N. Uddin N. Wadood S. F. Khan M. K. Alam N. & Haq I. 2018. Evaluation of informants consensus factor of medicinal uses of bryophytes in Swegalai Valley KPK, Pakistan. Journal of Biodiversity and Environmental Sciences (JBES). 12:5, 57-63."
6440,1217823,18685436,16,Kültürel Yapılarda Biyolojik Bozunma Mekanizmaları.,Elektronik Mikrobiyoloji Dergisi 12/1,2014,"Dolar, Ayşe - Yılmaz, Ebru Şebnem",quoted,"Kültürel Yapılarda Biyolojik Bozunma Mekanizmaları. Dolar, Ayşe - Yılmaz, Ebru Şebnem Elektronik Mikrobiyoloji Dergisi 12/1 2014","Dolar, Ayşe - Yılmaz, Ebru Şebnem. “Kültürel Yapılarda Biyolojik Bozunma Mekanizmaları.” Elektronik Mikrobiyoloji Dergisi 12/1 (2014), 1–19."
6441,1217823,18685442,22,Doğal Taşlarda Görülen Fizikomekanik Hasarlar.,Bilim Ve Gençlik Dergisi 6/1,2018,"Hasbay, Uğur",quoted,"Doğal Taşlarda Görülen Fizikomekanik Hasarlar. Hasbay, Uğur Bilim Ve Gençlik Dergisi 6/1 2018","Hasbay, Uğur Et Al. “Doğal Taşlarda Görülen Fizikomekanik Hasarlar.” Bilim Ve Gençlik Dergisi 6/1 (2018), 2148–0273."
6446,1222158,18855079,13,"Ramsar alanı içinde yer alan Cernek Gölü ve sulak alanının (Kızılırmak Deltası, Samsun) ekolojik ve sosyo-ekonomik önemi",TÜBAV Bilim Dergisi,2012,"Can, Ö",apa,"Ramsar alanı içinde yer alan Cernek Gölü ve sulak alanının (Kızılırmak Deltası, Samsun) ekolojik ve sosyo-ekonomik önemi Can, Ö TÜBAV Bilim Dergisi 2012","13. Can, Ö. ve Taş, B. (2012) Ramsar alanı içinde yer alan Cernek Gölü ve sulak alanının (Kızılırmak Deltası, Samsun) ekolojik ve sosyo-ekonomik önemi. TÜBAV Bilim Dergisi, 5(2), 1–11."
6452,1330629,23836321,17,Sosyal Yardımların Sorunlu Alanı: Muhtaclık Tespiti,Cumhuriyet Üniversitesi Edebiyat Fakültesi Sosyal Bilimler Dergisi,2015,"Daşlı, Y",apa,"Sosyal Yardımların Sorunlu Alanı: Muhtaclık Tespiti Daşlı, Y Cumhuriyet Üniversitesi Edebiyat Fakültesi Sosyal Bilimler Dergisi 2015","Daşlı, Y. (2015). Sosyal Yardımların Sorunlu Alanı: Muhtaclık Tespiti. Cumhuriyet Üniversitesi Edebiyat Fakültesi Sosyal Bilimler Dergisi, 39(2), 135-154."
6462,1277316,21268887,6,Distribution of ABO blood group and RH (D) factor in Western Rajasthan,J Med Res,2013,"Behra D, Joshi D",vancouver,"Distribution of ABO blood group and RH (D) factor in Western Rajasthan Behra D, Joshi D J Med Res 2013","6. Behra D, Joshi D. Distribution of ABO blood group and RH (D) factor in Western Rajasthan. J Med Res 2013; 3: 73- 75."
6500,1193857,17585137,7,A concise review of coenzyme q10 supplementation in the preventative treatment of migraine,J Med Case Rep Rev,2020,"Hoffman W, Luster JD, Izurieta R",vancouver,"A concise review of coenzyme q10 supplementation in the preventative treatment of migraine Hoffman W, Luster JD, Izurieta R J Med Case Rep Rev 2020","7. Hoffman W, Luster JD, Izurieta R. A concise review of coenzyme q10 supplementation in the preventative treatment of migraine. J Med Case Rep Rev. 2020;3(8):717-24."
6507,1299569,22348373,24,,,2023,,unparsed,,"Karataş Durmuş N, ‘Vergi İdaresi 3.0. Yapay Zekâ Perspektifinden Bir İnceleme, Maliye Dergisi, (2023); 184:225-253"
6548,1200777,18098301,13,KOBİ Sektöründen Girişimlerde Endüstri 4.0 Uygulamasında Yaşanan Sorunlar,Sürdürülebilirlik,2019,"Ingaldi, M",apa,"KOBİ Sektöründen Girişimlerde Endüstri 4.0 Uygulamasında Yaşanan Sorunlar Ingaldi, M Sürdürülebilirlik 2019","Ingaldi, M. ve Ulewicz, R. (2019). KOBİ Sektöründen Girişimlerde Endüstri 4.0 Uygulamasında Yaşanan Sorunlar . Sürdürülebilirlik, 12 (1), 217-230."
6559,1252770,20196065,39,"Kıbrıs müzakereleri ekseninde, Doğu Akdeniz’de enerji boyutuna bakış",Academia,2017,"Yorgancıoğlu, Ç",apa,"Kıbrıs müzakereleri ekseninde, Doğu Akdeniz’de enerji boyutuna bakış Yorgancıoğlu, Ç Academia 2017","Yorgancıoğlu, Ç. (2017). Kıbrıs müzakereleri ekseninde, Doğu Akdeniz’de enerji boyutuna bakış. Academia, 0(1), 1–17."
6560,1227199,19415312,12,Prognostic value of serum cardiac troponin t and nitric oxide as cardiac biomarkers in pregnancy toxemic goats,Glob Vet,2013,"Abdelaal A, Zaher H, Elgaml SA, Abdallah H",vancouver,"Prognostic value of serum cardiac troponin t and nitric oxide as cardiac biomarkers in pregnancy toxemic goats Abdelaal A, Zaher H, Elgaml SA, Abdallah H Glob Vet 2013","12. Abdelaal A, Zaher H, Elgaml SA, Abdallah H. Prognostic value of serum cardiac troponin t and nitric oxide as cardiac biomarkers in pregnancy toxemic goats. Glob Vet 2013; 11: 817-823."
6569,1260359,20526803,8,Modern recovery methods in used oil re-refining,Petroleum & Coal,2006,"Bridjanian H, Sattarin M",volume_pages,"Modern recovery methods in used oil re-refining Bridjanian H, Sattarin M Petroleum & Coal 2006","[8] Bridjanian H, Sattarin M. Modern recovery methods in used oil re-refining. Petroleum & Coal, 2006, 48(1), 40-43."
6587,1272915,21064818,33,Eğitim Araştırmalarında Likert Ölçeği ve Likert-Tipi Soruların Kullanımı ve Analizi,Sakarya Üniversitesi Eğitim Fakültesi Dergisi,2015,"Turan, İ., Şimşek, Ü., Aslan, H",loose_year,"Eğitim Araştırmalarında Likert Ölçeği ve Likert-Tipi Soruların Kullanımı ve Analizi Turan, İ., Şimşek, Ü., Aslan, H Sakarya Üniversitesi Eğitim Fakültesi Dergisi 2015","Turan, İ., Şimşek, Ü., Aslan, H. 2015. Eğitim Araştırmalarında Likert Ölçeği ve Likert-Tipi Soruların Kullanımı ve Analizi. Sakarya Üniversitesi Eğitim Fakültesi Dergisi, 30: 186-203."
6600,1298434,22296809,26,(2010).The effect of metacognition on the prospective science teachers’ academic achievement: an ex post facto research,The Journal of Institute of Social Sciences of Çukurova University,2010,"Emrahoğlu, N",volume_pages,"(2010).The effect of metacognition on the prospective science teachers’ academic achievement: an ex post facto research Emrahoğlu, N The Journal of Institute of Social Sciences of Çukurova University 2010","Emrahoğlu, N. & Öztürk, A. (2010).The effect of metacognition on the prospective science teachers’ academic achievement: an ex post facto research. The Journal of Institute of Social Sciences of Çukurova University, 19(2), 18-30."
6604,1298434,22296825,42,,,2010,,unparsed,,"Karakelle, S. & Saraç, S. (2010). A Review on Metacognition: Metacognitive Research or Metacognitive Approach? Turkish Psychological Articles, 13(26), 45-60."
6607,1229619,19485043,61,BİM Mağazalar Zincirinin 2008-2015 Dönemi Finansal Performansının ELECTRE III Yöntemi ile Ölçümü,Kırıkkale Üniversitesi Sosyal Bilimler Dergisi,2016,"Özbek, A",apa,"BİM Mağazalar Zincirinin 2008-2015 Dönemi Finansal Performansının ELECTRE III Yöntemi ile Ölçümü Özbek, A Kırıkkale Üniversitesi Sosyal Bilimler Dergisi 2016","Özbek, A. (2016). BİM Mağazalar Zincirinin 2008-2015 Dönemi Finansal Performansının ELECTRE III Yöntemi ile Ölçümü. Kırıkkale Üniversitesi Sosyal Bilimler Dergisi, 6(2), 273-288."
6653,1207966,18268026,4,,,2014,,unparsed,,"Bingöl, O, (2014). Birinci dünya savaşının muharebenin dönüşümündeki rolü, Milli Güvenlik ve Askerî Bilimler Akademik Dergisi, 1 (3) :1-31."
6658,1316149,23150813,16,The Sanford guide to antimicrobial ther-apy: Antimicrobial therapy,2011,2011,"Gilbert DN, Robert C, Moellering JMD, Eliopoulos GM, Sande MA",volume_pages,"The Sanford guide to antimicrobial ther-apy: Antimicrobial therapy Gilbert DN, Robert C, Moellering JMD, Eliopoulos GM, Sande MA 2011 2011","16. Gilbert DN, Robert C, Moellering JMD, Eliopoulos GM, Sande MA. The Sanford guide to antimicrobial ther-apy: Antimicrobial therapy. 2011;40:48-51."
6685,1192002,17441078,36,,,2005,,unparsed,,"Tigan, G., 2005 Analysis of a dynamical system derived from the lorenz system. Sci. Bull. Politehnica Univ. Timisoara Tomu 50: 61–72."
6697,1262766,20623122,15,Recommendations for the implementation of telemedicine within stroke systems of care: a policy statement from the American Heart Association,Stroke,2009,"Schwamm LH, Audebert HJ, Amarenco P, Chumbler NR, Frankel MR, George MG, ; American Heart Association Stroke Council; Council on Epidemiology and Prevention; Interdisciplinary Council on Peripheral Vascular Disease; Council on Cardiovascular Radiology and Intervention",vancouver,"Recommendations for the implementation of telemedicine within stroke systems of care: a policy statement from the American Heart Association Schwamm LH, Audebert HJ, Amarenco P, Chumbler NR, Frankel MR, George MG, ; American Heart Association Stroke Council; Council on Epidemiolo","15. Schwamm LH, Audebert HJ, Amarenco P, Chumbler NR, Frankel MR, George MG, et al; American Heart Association Stroke Council; Council on Epidemi- ology and Prevention; Interdisciplinary Council on Peripheral Vascular Disease; Council on Cardiovascular Radiology and Intervention. Recom- mendations for the implementation of telemedicine within stroke systems of care: a policy statement from the American Heart Association. Stroke. 2009;40(7):2635-60. [PubMed]"
6708,1312231,22872325,81,,,2005,,unparsed,,"YARAN, Rahmi. “Cüveyni Öncesi Makāsıd/Maslahat Söylemi”. Marmara Üniversitesi İlahiyat Fakültesi Dergisi 28 (2005/1): 93-123."
6712,1364620,25219491,35,Dicle Üniversitesi öğrencilerinde madde kullanımını belirleyen risk faktörleri,Klinik Psikiyatri,2009,"Yalçın, M., Eşsizoğlu, A., Akkoç, H., Yaşan, A., & Gürgen, F",apa,"Dicle Üniversitesi öğrencilerinde madde kullanımını belirleyen risk faktörleri Yalçın, M., Eşsizoğlu, A., Akkoç, H., Yaşan, A., & Gürgen, F Klinik Psikiyatri 2009","Yalçın, M., Eşsizoğlu, A., Akkoç, H., Yaşan, A., & Gürgen, F. (2009). Dicle Üniversitesi öğrencilerinde madde kullanımını belirleyen risk faktörleri. Klinik Psikiyatri, 12, 125–133."
6724,1206605,18403818,60,Ankara’nın başkent olma süreci,ODTÜ MFD,1988,"Tankut, G",apa,"Ankara’nın başkent olma süreci Tankut, G ODTÜ MFD 1988","Tankut, G. (1988). Ankara’nın başkent olma süreci. ODTÜ MFD, 8(2), 93-104."
6725,1206605,18403831,73,Yeni Türk devletlerinin posta pullarında Türk kimliği ve kültürü,Bilig,2016,"Yazıcı, K",apa,"Yeni Türk devletlerinin posta pullarında Türk kimliği ve kültürü Yazıcı, K Bilig 2016","Yazıcı, K. (2016). Yeni Türk devletlerinin posta pullarında Türk kimliği ve kültürü. Bilig, 77, 83-108."
6727,1229284,19316101,45,,,2012,,unparsed,,Simonyan J.B. & Omolehin R.A. (2012). Analysis of the Impact of Fadama II Project on Beneficiary Farmers Income in Kaduna State: A Double Difference Method Approach. International Journal of Economic and Management Science. 1(11):1-8.
6739,1216294,18995743,2,,,2014,,unparsed,,"Baijing, Q., Ning, Y., Xichao, X., Xianping, G., Chundun, W., 2014. Ideal spray boom response extraction with front and rear tires excited by step track. Trans. Chin. Soc. Agric. Mach., 2, 55–60."
6741,1393078,26215734,1,,,1885,,unparsed,,"[1] Weierstrass, K., Über die analytische Darstellbarkeit sogenannter willkürlicher Functionen einer reellen Veränderlichen. Sitzungsberichte der Königlich Preußischen Akademie der Wissenschaften zu Berlin, 2, 633-639, 1885."
6786,1382216,26551898,27,"Öğretmen adaylarının metaverse kavramına yönelik bilgi, tutum ve farkındalıklarının incelenmesi:Kırşehir ili örneği",Kırşehir Ahi Evran Üniversitesi Fen Bilimleri Enstitüsü Dergisi,2024,"Görkem, Z",apa,"Öğretmen adaylarının metaverse kavramına yönelik bilgi, tutum ve farkındalıklarının incelenmesi:Kırşehir ili örneği Görkem, Z Kırşehir Ahi Evran Üniversitesi Fen Bilimleri Enstitüsü Dergisi 2024","Görkem, Z. & Başarmak, U. (2024). Öğretmen adaylarının metaverse kavramına yönelik bilgi, tutum ve farkındalıklarının incelenmesi:Kırşehir ili örneği. Kırşehir Ahi Evran Üniversitesi Fen Bilimleri Enstitüsü Dergisi, 2(1), 19-31."
6800,1293824,22088554,21,,,1996,,unparsed,,"Merçil, Erdoğan, “Gazneliler”, DİA, XIII, İstanbul, 1996, 480–484."
6812,1219163,18737657,3,Nitel veri analizinde Miles-Huberman modeli,Ahi Evran Üniversitesi Sosyal Bilimler Enstitüsü Dergisi,2017,"Baltacı, A",apa,"Nitel veri analizinde Miles-Huberman modeli Baltacı, A Ahi Evran Üniversitesi Sosyal Bilimler Enstitüsü Dergisi 2017","Baltacı, A. (2017). Nitel veri analizinde Miles-Huberman modeli. Ahi Evran Üniversitesi Sosyal Bilimler Enstitüsü Dergisi, 3(1), 1-14."
6819,1221427,18828176,3,Ankara’da seçilen bazı hastanelerde afet yönetimine ilişkin mevcut durum değerlendirilmesi,Hacettepe Sağlık İdaresi Dergisi,2014,"Balçık Yalçın, P., Demir Bilgin, İ., & Ürek, D",apa,"Ankara’da seçilen bazı hastanelerde afet yönetimine ilişkin mevcut durum değerlendirilmesi Balçık Yalçın, P., Demir Bilgin, İ., & Ürek, D Hacettepe Sağlık İdaresi Dergisi 2014","Balçık Yalçın, P., Demir Bilgin, İ., & Ürek, D. (2014). Ankara’da seçilen bazı hastanelerde afet yönetimine ilişkin mevcut durum değerlendirilmesi. Hacettepe Sağlık İdaresi Dergisi, 17(1), 45–58."
6833,1319885,23367121,27,,,2017,,unparsed,,"Çağırkan, Barış. “Kültür Sosyolojisinde Metodoloji Tartışmaları: İdeoloji Olarak Kültür ve Eylem Olarak Kültür”. SDÜ Fen-Edebiyat Fakültesi Sosyal Bilimler Dergisi 42 (2017), 147-160."
6847,1336140,24067064,15,2008 global krizi sonrası Türkiye’de aracı kurumlarda etkinlik ve etkinliği belirleyen faktörler: 2008-2017 dönemi,Süleyman Demirel Üniversitesi İktisadi ve İdari Bilimler Fakültesi Dergisi,2019,"Çelik, İ",apa,"2008 global krizi sonrası Türkiye’de aracı kurumlarda etkinlik ve etkinliği belirleyen faktörler: 2008-2017 dönemi Çelik, İ Süleyman Demirel Üniversitesi İktisadi ve İdari Bilimler Fakültesi Dergisi 2019","Çelik, İ. E. (2019). 2008 global krizi sonrası Türkiye’de aracı kurumlarda etkinlik ve etkinliği belirleyen faktörler: 2008-2017 dönemi. Süleyman Demirel Üniversitesi İktisadi ve İdari Bilimler Fakültesi Dergisi, 24(3), 479-494."
6848,1336140,24067104,55,Aracı kurumların finansal performanslarının Topsis yöntemi ile incelenmesi,Mali Çözüm Dergisi,2018,"Tezergil, S",apa,"Aracı kurumların finansal performanslarının Topsis yöntemi ile incelenmesi Tezergil, S Mali Çözüm Dergisi 2018","Tezergil, S. A. (2018). Aracı kurumların finansal performanslarının Topsis yöntemi ile incelenmesi. Mali Çözüm Dergisi, 28, 43-58."
6859,1250146,20090381,13,,,2017,,unparsed,,"Ertuğrul, Resul. “Kur’an’da Helâk Olan Kavimlerde Suç-Ceza Uyumu-I”. Bayburt Üniversitesi İlahiyat Fakültesi Dergisi 3/5 (2017), 165-185."
6890,1282984,21810619,24,Assessing the trend of the research on integrated reporting: A bibliometric review,Journal of Management Information and Decision Sciences,2021,"Othman, M., & Basnan, N",apa,"Assessing the trend of the research on integrated reporting: A bibliometric review Othman, M., & Basnan, N Journal of Management Information and Decision Sciences 2021","Othman, M., & Basnan, N. (2021). Assessing the trend of the research on integrated reporting: A bibliometric review. Journal of Management Information and Decision Sciences, 24(S1), 1-18."
6919,1328772,23756006,50,,,2019,,unparsed,,"Özdemir, N. (2019). Kuşaklararasılık ve kültürel değişme. Çocuk ve Medeniyet Dergisi, 4(7), 125-148."
6920,1208863,18334315,24,Fruit fly infestation in mango: A threat to the Horticultural sector in Uganda,Uganda Journal of Agricultural Science,2014,"Nankinga, C.M., Isabirye, B.E., Muyinza, H., Rwomushana, I., Stevenson, PC., Mayamba, A., Aool, W., & Akol, A.M",apa,"Fruit fly infestation in mango: A threat to the Horticultural sector in Uganda Nankinga, C.M., Isabirye, B.E., Muyinza, H., Rwomushana, I., Stevenson, PC., Mayamba, A., Aool, W., & Akol, A.M Uganda Journal of Agricultural Science 2014","Nankinga, C.M., Isabirye, B.E., Muyinza, H., Rwomushana, I., Stevenson, PC., Mayamba, A., Aool, W., & Akol, A.M. (2014). Fruit fly infestation in mango: A threat to the Horticultural sector in Uganda. Uganda Journal of Agricultural Science, 15, 1-14."
6924,1292315,22030264,20,,,2010,,unparsed,,"Özgüdenli, O. G. (2010). Şîraz. TDV İslam Ansiklopedisi, (C.39, 182-184) İstanbul: TDV İslam Araştırmaları Merkezi."
6941,1261096,20649328,58,Bayburt’ta değirmencilik ve etrafında gelişen kültürel unsurlar,Bayburt İnsan ve Toplum Bilimleri Fakültesi Dergisi,2021,"Seymen, A",apa,"Bayburt’ta değirmencilik ve etrafında gelişen kültürel unsurlar Seymen, A Bayburt İnsan ve Toplum Bilimleri Fakültesi Dergisi 2021","Seymen, A. (2021). Bayburt’ta değirmencilik ve etrafında gelişen kültürel unsurlar. Bayburt İnsan ve Toplum Bilimleri Fakültesi Dergisi, 9, 111-126."
6972,1357126,24897575,64,Architecture from teaching to learning to practice: Authentic learning tasks in developing professional competencies,Int J Educ Pedagog Sci,2012,"(64) Utaberta, N., Hassanpour, B., Surat, M., Ani, A",apa,"Architecture from teaching to learning to practice: Authentic learning tasks in developing professional competencies (64) Utaberta, N., Hassanpour, B., Surat, M., Ani, A Int J Educ Pedagog Sci 2012","(64) Utaberta, N., Hassanpour, B., Surat, M., Ani, A. C., & Tawil, N. M. (2012). Architecture from teaching to learning to practice: Authentic learning tasks in developing professional competencies. Int J Educ Pedagog Sci, 6(7), 1809–1812."
6980,1342857,24323065,19,Conspectus generum Ophionidum Sueciae,Öfversigt af Kongliga Vetenskaps-Akademiens Förhandlingar,1859,"Holmgren, A.E",apa,"Conspectus generum Ophionidum Sueciae Holmgren, A.E Öfversigt af Kongliga Vetenskaps-Akademiens Förhandlingar 1859","Holmgren, A.E. (1859). Conspectus generum Ophionidum Sueciae. Öfversigt af Kongliga Vetenskaps-Akademiens Förhandlingar, 15(1858), 321-330."
6992,1292468,22989722,32,Stratejik iletişim yönetiminde dijital kanalların önemi: Halkla ilişkiler uygulayıcılarının dijital kanal kullanımlarına yönelik niteliksel bir araştırma,Uluslararası Halkla İlişkiler ve Reklam Çalışmaları Dergisi,2018,"Karsak, B., Altuntaş, E",apa,"Stratejik iletişim yönetiminde dijital kanalların önemi: Halkla ilişkiler uygulayıcılarının dijital kanal kullanımlarına yönelik niteliksel bir araştırma Karsak, B., Altuntaş, E Uluslararası Halkla İlişkiler ve Reklam Çalışmaları Dergisi 2018","Karsak, B., Altuntaş, E. Y. ve Demren, G. A. S. (2018). Stratejik iletişim yönetiminde dijital kanalların önemi: Halkla ilişkiler uygulayıcılarının dijital kanal kullanımlarına yönelik niteliksel bir araştırma. Uluslararası Halkla İlişkiler ve Reklam Çalışmaları Dergisi, 1(1), 6-17."
6996,1270301,20940455,6,Osmanlı Devletiʼnde Vakıf Yönetiminde Tevliyet: İstanbul Örneği,Yönetim Bilimleri Dergisi,2018,"Arslanboğa, K",apa,"Osmanlı Devletiʼnde Vakıf Yönetiminde Tevliyet: İstanbul Örneği Arslanboğa, K Yönetim Bilimleri Dergisi 2018","Arslanboğa, K. (2018). Osmanlı Devletiʼnde Vakıf Yönetiminde Tevliyet: İstanbul Örneği. Yönetim Bilimleri Dergisi, 16 (32), 551-558. [CrossRef]"
6997,1270301,20940469,20,Awqaf In History and Its Implications for Modern Islamic Economies,Islamic Economic Studies,1998,"Çizakça, M",apa,"Awqaf In History and Its Implications for Modern Islamic Economies Çizakça, M Islamic Economic Studies 1998","Çizakça, M. (1998). Awqaf In History and Its Implications for Modern Islamic Economies. Islamic Economic Studies, 6(1), 43-70. [CrossRef]"
7010,1269706,21475308,17,Fen eğitiminde web tabanlı eğitimin akademik başarılarına ve tutumlarına etkisi,Çukurova Üniversitesi Eğitim Fakültesi Dergisi,2010,"Çetin, O., & Günay, Y",apa,"Fen eğitiminde web tabanlı eğitimin akademik başarılarına ve tutumlarına etkisi Çetin, O., & Günay, Y Çukurova Üniversitesi Eğitim Fakültesi Dergisi 2010","Çetin, O., & Günay, Y. (2010). Fen eğitiminde web tabanlı eğitimin akademik başarılarına ve tutumlarına etkisi. Çukurova Üniversitesi Eğitim Fakültesi Dergisi, 3(38), 19-34."
7011,1269706,21475358,67,"ELearning Sudan, Formal Learning for Out-of-School Children",Electronic Journal of e-Learning,2016,"Stubbé, H., Badri, A., Telford, R., van der Hulst, A., & van Joolingen, W",apa,"ELearning Sudan, Formal Learning for Out-of-School Children Stubbé, H., Badri, A., Telford, R., van der Hulst, A., & van Joolingen, W Electronic Journal of e-Learning 2016","Stubbé, H., Badri, A., Telford, R., van der Hulst, A., & van Joolingen, W. (2016). ELearning Sudan, Formal Learning for Out-of-School Children. Electronic Journal of e-Learning, 14(2), 136- 149."
7012,1286382,21773401,3,,,,,unparsed,,"Adımlar (1943b), “Köyün İçinden: Köy Anlayışında Parçacı Görüşler”, Adımlar Dergisi, 3: 109-112."
7025,1265221,20717847,1,Sosyal Bilgiler Ders Kitaplarında İhtilaflı Konular İçerisinde Yer Alan 'Aile' Kavramının İncelenmesi: Bir İçerik Analizi,Trakya Üniversitesi Eğitim Fakültesi Dergisi,2016,"Akman, Ö",apa,"Sosyal Bilgiler Ders Kitaplarında İhtilaflı Konular İçerisinde Yer Alan 'Aile' Kavramının İncelenmesi: Bir İçerik Analizi Akman, Ö Trakya Üniversitesi Eğitim Fakültesi Dergisi 2016","Akman, Ö. & Bastık, U. (2016). Sosyal Bilgiler Ders Kitaplarında İhtilaflı Konular İçerisinde Yer Alan 'Aile' Kavramının İncelenmesi: Bir İçerik Analizi. Trakya Üniversitesi Eğitim Fakültesi Dergisi, 6(2), 247-263."
7030,1325895,23628454,2,Occupational injuries admitted to the emergency department,Ulus Travma Acil Cerrahi Derg,2010,"Ozkan S, Kiliç S, Durukan P",vancouver,"Occupational injuries admitted to the emergency department Ozkan S, Kiliç S, Durukan P Ulus Travma Acil Cerrahi Derg 2010","Ozkan S, Kiliç S, Durukan P, et al. Occupational injuries admitted to the emergency department. Ulus Travma Acil Cerrahi Derg. 2010;16:241-7."
7044,1229611,19484198,7,Comparatıve advantages of greece ın ınternatıonal trade ın servıces for the perıod 2011-2020,Konowledge International Journal,2021,"Dimanov, D",apa,"Comparatıve advantages of greece ın ınternatıonal trade ın servıces for the perıod 2011-2020 Dimanov, D Konowledge International Journal 2021","Dimanov, D. K. (2021). Comparatıve advantages of greece ın ınternatıonal trade ın servıces for the perıod 2011-2020. Konowledge International Journal, 48(1), 91-95."
7049,1179619,16849045,5,,,2007,,unparsed,,"5. Umut AL, Coştur R. Türk Psikoloji Dergisi’nin bibliyometrik profili. Türk Kütüphaneciliği 2007:21(2):142-163."
7056,1315747,23130995,20,Thrombotic complications in paroxysmal nocturnal haemoglobinuria: a literature review,Blood Transfus,2012,"Malato A, Saccullo G, Coco LL, Mancuso S, Santoro M, Martino S, Zammit V, Sprini D, Siragusa S",vancouver,"Thrombotic complications in paroxysmal nocturnal haemoglobinuria: a literature review Malato A, Saccullo G, Coco LL, Mancuso S, Santoro M, Martino S, Zammit V, Sprini D, Siragusa S Blood Transfus 2012","20. Malato A, Saccullo G, Coco LL, Mancuso S, Santoro M, Martino S, Zammit V, Sprini D, Siragusa S. Thrombotic complications in paroxysmal nocturnal haemoglobinuria: a literature review. Blood Transfus. 2012;10:428-435."
7059,1360576,25055597,61,,,2001,,unparsed,,"Valdiya, K. S. 2001. Reactivation of terrane-defining boundary thrusts in central sector of the Himalaya: implications. Current Science 81, 1418–1430."
7077,1311825,22848464,43,The Impact of Structural Reforms on Economic Growth in Turkey: Evidence from Linear and Nonlinear ARDL Modeling,Estudios de Economía,2021,"Yalçınkaya, Ö., Daştan, M",apa,"The Impact of Structural Reforms on Economic Growth in Turkey: Evidence from Linear and Nonlinear ARDL Modeling Yalçınkaya, Ö., Daştan, M Estudios de Economía 2021","Yalçınkaya, Ö., Daştan, M. ve Karabulut, K. (2021). The Impact of Structural Reforms on Economic Growth in Turkey: Evidence from Linear and Nonlinear ARDL Modeling. Estudios de Economía, 48, 59-87."
7089,1343012,24329515,5,Feed cost/production income analysis of seabass (Dicentrarchus labrax) aquaculture,International Journal of Ecosystems and Ecology Science,2017,"Baki, B., & Yücel, S",apa,"Feed cost/production income analysis of seabass (Dicentrarchus labrax) aquaculture Baki, B., & Yücel, S International Journal of Ecosystems and Ecology Science 2017","Baki, B., & Yücel, S. (2017). Feed cost/production income analysis of seabass (Dicentrarchus labrax) aquaculture. International Journal of Ecosystems and Ecology Science, 7:859-64."
7090,1247440,19964997,53,E-Spor ve Turizm İlişkisi: Organizatörler ve Katılımcılar Gözünden Bir Değerlendirme,Journal of New Tourism Trends,2021,"Pirci, T",apa,"E-Spor ve Turizm İlişkisi: Organizatörler ve Katılımcılar Gözünden Bir Değerlendirme Pirci, T Journal of New Tourism Trends 2021","Pirci, T. K. & Dalgıç, A. (2021). E-Spor ve Turizm İlişkisi: Organizatörler ve Katılımcılar Gözünden Bir Değerlendirme. Journal of New Tourism Trends, 2(2), 108-124."
7099,1192652,17488622,16,,,2019,,unparsed,,"Chaurasia, A.R. (2019). Economic growth and population transition in India: 2001-2011, Demography India, 48(1), 1-18."
7106,1368386,25375952,6,Early school leaving in the lower vocational track: Triangulation of quantitative data,Adolescence,2005,"Beekhoven, S., & Dekkers, H",apa,"Early school leaving in the lower vocational track: Triangulation of quantitative data Beekhoven, S., & Dekkers, H Adolescence 2005","Beekhoven, S., & Dekkers, H. (2005). Early school leaving in the lower vocational track: Triangulation of quantitative data. Adolescence, 40(57), 197–213."
7117,1250332,20098329,6,Türk mutfağının beslenme ve sağlık açısından değerlendirilmesi,Beslenme ve Diyet Dergisi,2009,"Büyüktuncer, Z",apa,"Türk mutfağının beslenme ve sağlık açısından değerlendirilmesi Büyüktuncer, Z Beslenme ve Diyet Dergisi 2009","Büyüktuncer, Z. & Yücecan, S. (2009). Türk mutfağının beslenme ve sağlık açısından değerlendirilmesi. Beslenme ve Diyet Dergisi, 37(1-2), 93-100."
7137,1341177,25091160,42,,,2001,,unparsed,,"Türkeş, M., 2001. Hava, İklim, Şiddetli Hava Olayları ve Küresel Isınma. T.C. Başbakanlık Devlet Meteoroloji İşleri Genel Müdürlüğü 2000 Yılı Seminerleri, Teknik Sunumlar, Seminerler Dizisi: 1, 187-205."
7138,1286020,22124036,33,"Studies on the feeding capacity and life history of a mycophagous coccinellid, Halyzia hauseri Mader, in Kunming",Annales Entomologici Sinici,1951,"Liu, C.L",loose_year,"Studies on the feeding capacity and life history of a mycophagous coccinellid, Halyzia hauseri Mader, in Kunming Liu, C.L Annales Entomologici Sinici 1951","Liu, C.L. 1951. Studies on the feeding capacity and life history of a mycophagous coccinellid, Halyzia hauseri Mader, in Kunming. Annales Entomologici Sinici, 1:1–15."
7158,1311848,22850964,75,Hizmet işletmelerinde iç müşteri yaklaşımının çalışanların müşteri yönlü davranış geliştirmesindeki rolü,Organizasyon ve Yönetim Bilimleri Dergisi,2013,"Uygun, M., Güner, E., & Sinan, M",apa,"Hizmet işletmelerinde iç müşteri yaklaşımının çalışanların müşteri yönlü davranış geliştirmesindeki rolü Uygun, M., Güner, E., & Sinan, M Organizasyon ve Yönetim Bilimleri Dergisi 2013","Uygun, M., Güner, E., & Sinan, M. (2013). Hizmet işletmelerinde iç müşteri yaklaşımının çalışanların müşteri yönlü davranış geliştirmesindeki rolü. Organizasyon ve Yönetim Bilimleri Dergisi, 5(1), 129-149."
7194,1320152,23381820,19,Cezalandırma ve Topluma Yeniden Kazandırma. Prof. Dr,"Hakan PEKCANITEZ’e Armağan, DEÜHFD",2014,"BACAKSIZ, P",apa,"Cezalandırma ve Topluma Yeniden Kazandırma. Prof. Dr BACAKSIZ, P Hakan PEKCANITEZ’e Armağan, DEÜHFD 2014","BACAKSIZ, P. (2014). Cezalandırma ve Topluma Yeniden Kazandırma. Prof. Dr. Hakan PEKCANITEZ’e Armağan, DEÜHFD, 16(Özel Sayı), 4917-4941."
7212,1337106,24101876,17,Integration of web 2.0 tools in learning a programming course,Turkish Online Journal of Educational Technology,2014,"Majid, A",apa,"Integration of web 2.0 tools in learning a programming course Majid, A Turkish Online Journal of Educational Technology 2014","Majid, A. A. N. (2014). Integration of web 2.0 tools in learning a programming course. Turkish Online Journal of Educational Technology, 13(4), 88-94."
7220,1197235,17774566,33,2009 yerel seçimlerinin Türk blog ve forum ortamlarına yansımaları,ODTÜ Sosyal Bilimler Enstitüsü Sosyal Bilimler Araştırmaları Dergisi,2011,"Yılmaz, M",apa,"2009 yerel seçimlerinin Türk blog ve forum ortamlarına yansımaları Yılmaz, M ODTÜ Sosyal Bilimler Enstitüsü Sosyal Bilimler Araştırmaları Dergisi 2011","Yılmaz, M. (2011). 2009 yerel seçimlerinin Türk blog ve forum ortamlarına yansımaları. ODTÜ Sosyal Bilimler Enstitüsü Sosyal Bilimler Araştırmaları Dergisi, 2(2), 171-188."
7232,1310301,23743000,28,Feminist Gerontoloji Bağlamında Yaşlılığın Kadınsallaşması,Sağlık Bilimleri ve Meslekleri Dergisi,2018,"Irmak, H",apa,"Feminist Gerontoloji Bağlamında Yaşlılığın Kadınsallaşması Irmak, H Sağlık Bilimleri ve Meslekleri Dergisi 2018","Irmak, H. S., ve Artan, T. (2018). Feminist Gerontoloji Bağlamında Yaşlılığın Kadınsallaşması. Sağlık Bilimleri ve Meslekleri Dergisi, 5(2), 236-243."
7242,1342946,25055129,27,Prevalence and intensity of dyspnea in advanced cancer and its impact on quality of life,Indian J Palliat Care,2018,"Damani A, Ghoshal A, Salins N, Deodhar J, Muckaden M",vancouver,"Prevalence and intensity of dyspnea in advanced cancer and its impact on quality of life Damani A, Ghoshal A, Salins N, Deodhar J, Muckaden M Indian J Palliat Care 2018","27. Damani A, Ghoshal A, Salins N, Deodhar J, Muckaden M. Prevalence and intensity of dyspnea in advanced cancer and its impact on quality of life. Indian J Palliat Care. 2018;24(1):44-50."
7247,1267314,20795765,29,Hepatic artery and portal vein Doppler indexes in non-alcoholic fatty liver disease before and after treatment to prevent unnecessary health care costs,Int J Prev Med,2014,"Tarzamni MK, Khoshbaten M, Sadrarhami S",vancouver,"Hepatic artery and portal vein Doppler indexes in non-alcoholic fatty liver disease before and after treatment to prevent unnecessary health care costs Tarzamni MK, Khoshbaten M, Sadrarhami S Int J Prev Med 2014","30. Tarzamni MK, Khoshbaten M, Sadrarhami S, et al. Hepatic artery and portal vein Doppler indexes in non-alcoholic fatty liver disease before and after treatment to prevent unnecessary health care costs. Int J Prev Med. 2014;5(4):472-477."
7257,1347571,24511390,6,Yeşil iş etiği: Bir ölçek geliştirme çalışması,Journal of Emerging Economies and Policy,2023,"Bayram, V., & Öztırak, M",apa,"Yeşil iş etiği: Bir ölçek geliştirme çalışması Bayram, V., & Öztırak, M Journal of Emerging Economies and Policy 2023","Bayram, V., & Öztırak, M. (2023). Yeşil iş etiği: Bir ölçek geliştirme çalışması. Journal of Emerging Economies and Policy, 8(2), 124-135."
7275,1209441,18360865,22,Yükseköğrenimine yeni başlayan Türkçe eğitimi bölümü öğrencilerinin yazma becerilerinin incelenmesi,Selçuk Üniversitesi Türkiyat Araştırmaları Dergisi,2011,"Çamurcu, D",apa,"Yükseköğrenimine yeni başlayan Türkçe eğitimi bölümü öğrencilerinin yazma becerilerinin incelenmesi Çamurcu, D Selçuk Üniversitesi Türkiyat Araştırmaları Dergisi 2011","Çamurcu, D. (2011). Yükseköğrenimine yeni başlayan Türkçe eğitimi bölümü öğrencilerinin yazma becerilerinin incelenmesi. Selçuk Üniversitesi Türkiyat Araştırmaları Dergisi, 29, 503-518"
7323,1299253,22332628,2,Örtülü bilgi paylaşımı ile çalışan yaratıcılığı arasındaki ilişkide algılanan örgütsel desteğin aracı rolü,Atatürk Üniversitesi Sosyal Bilimler Enstitüsü Dergisi,2021,"Akgül, İ., & Yavuz, U",apa,"Örtülü bilgi paylaşımı ile çalışan yaratıcılığı arasındaki ilişkide algılanan örgütsel desteğin aracı rolü Akgül, İ., & Yavuz, U Atatürk Üniversitesi Sosyal Bilimler Enstitüsü Dergisi 2021","Akgül, İ., & Yavuz, U. (2021). Örtülü bilgi paylaşımı ile çalışan yaratıcılığı arasındaki ilişkide algılanan örgütsel desteğin aracı rolü. Atatürk Üniversitesi Sosyal Bilimler Enstitüsü Dergisi, 25(1), 193-213."
7324,1299253,22332686,60,,,2014,,unparsed,,"Yüksel H. &Yüksel M. (2014). İş doyumu ile işten ayrılma düzeyi arasındaki ilişki: İlköğretim öğretmenleri üzerinde bir uygulama, Uluslararası Sosyal Araştırmalar Dergisi, 7(32), 559-572."
7328,1335832,24055896,19,Toplum kökenli pnömonisi olan erişkin hastalarda konvansiyonel ve multipleks PCR yöntemleriyle bakteriyel etiyolojinin araştırılması,Mikrobiyol Bul,2012,"Kurutepe S, Ecemiş T, Özgen A, Biçmen C, Çelik P, Aktoğu Özkan S",vancouver,"Toplum kökenli pnömonisi olan erişkin hastalarda konvansiyonel ve multipleks PCR yöntemleriyle bakteriyel etiyolojinin araştırılması Kurutepe S, Ecemiş T, Özgen A, Biçmen C, Çelik P, Aktoğu Özkan S Mikrobiyol Bul 2012","Kurutepe S, Ecemiş T, Özgen A, Biçmen C, Çelik P, Aktoğu Özkan S. Toplum kökenli pnömonisi olan erişkin hastalarda konvansiyonel ve multipleks PCR yöntemleriyle bakteriyel etiyolojinin araştırılması. Mikrobiyol Bul. 2012;46(4):523-31."
7332,1171714,16969875,25,Okul psikolojik danışmanların okul yöneticileri ve öğretmenlerden beklentileri,Türk Eğitim Bilimleri Dergisi,2019,"Koçak Bıçak, D",apa,"Okul psikolojik danışmanların okul yöneticileri ve öğretmenlerden beklentileri Koçak Bıçak, D Türk Eğitim Bilimleri Dergisi 2019","Koçak Bıçak, D. ve Ottekin Demirbolat, A. (2019). Okul psikolojik danışmanların okul yöneticileri ve öğretmenlerden beklentileri. Türk Eğitim Bilimleri Dergisi, 17(2), 236-357."
7334,1171714,16969897,47,Psikolojik danışmanların okul psikolojik danışma ve rehberlik hizmetleri modeline dayalı olarak geliştirilen kapsamlı psikolojik danışma ve rehberlik programını değerlendirmeleri,Pegem Eğitim ve Öğretim Dergisi,2011,"Terzi, Ş., Ergüner Tekinalp, B",apa,"Psikolojik danışmanların okul psikolojik danışma ve rehberlik hizmetleri modeline dayalı olarak geliştirilen kapsamlı psikolojik danışma ve rehberlik programını değerlendirmeleri Terzi, Ş., Ergüner Tekinalp, B Pegem Eğitim ve Öğretim Dergisi 2011","Terzi, Ş., Ergüner Tekinalp, B. ve Leuwerke, W. (2011). Psikolojik danışmanların okul psikolojik danışma ve rehberlik hizmetleri modeline dayalı olarak geliştirilen kapsamlı psikolojik danışma ve rehberlik programını değerlendirmeleri. Pegem Eğitim ve Öğretim Dergisi, 1(1), 51-60."
7336,1302783,22487382,20,,,2021,,unparsed,,"Eke, A. (2021). Okullarda Hayvan Destekli Uygulamalar ve Etkileri. IŞIK SPECTRUM Journal 1 (1): 128-134."
7339,1186055,17199827,11,Sağlık turizmi açısından İç Anadolu Bölgesi'ndeki kaplıca ve termal tesislerin mevcut yapısının ve potansiyelinin belirlenmesine yönelik bir araştırma,KMÜ Sosyal ve Ekonomik Araştırmalar Dergisi,2013,"Çiçek, R., ve Avderen, S",apa,"Sağlık turizmi açısından İç Anadolu Bölgesi'ndeki kaplıca ve termal tesislerin mevcut yapısının ve potansiyelinin belirlenmesine yönelik bir araştırma Çiçek, R., ve Avderen, S KMÜ Sosyal ve Ekonomik Araştırmalar Dergisi 2013","Çiçek, R., ve Avderen, S. (2013). Sağlık turizmi açısından İç Anadolu Bölgesi'ndeki kaplıca ve termal tesislerin mevcut yapısının ve potansiyelinin belirlenmesine yönelik bir araştırma. KMÜ Sosyal ve Ekonomik Araştırmalar Dergisi, 15 (25), 25-35."
7342,1248760,20016138,29,Restaurant işletmelerinde web analitiklerinin kullanımı: Google Analitik örnek uygulaması değerlendirmesi,Necmettin Erbakan Üniversitesi GastroMedia Dergisi,2023,"Ekinci, K., Karaboğa, K",apa,"Restaurant işletmelerinde web analitiklerinin kullanımı: Google Analitik örnek uygulaması değerlendirmesi Ekinci, K., Karaboğa, K Necmettin Erbakan Üniversitesi GastroMedia Dergisi 2023","Ekinci, K., Karaboğa, K. ve Cici Karaboğa, E. N. (2023). Restaurant işletmelerinde web analitiklerinin kullanımı: Google Analitik örnek uygulaması değerlendirmesi. Necmettin Erbakan Üniversitesi GastroMedia Dergisi, 2(1), 39-58."
7348,1250888,20119233,5,,,2022,,unparsed,,"Düzgün, E. (2022). Turist Rehberlerinin Dijital Turizmdeki Gelişmelere Bakışı, Turizm Akademik Dergisi, 9 (1): 193-208."
7359,1263262,20637384,84,Kedi ve köpeklerde Toxoplasma antikorlari,Mikrobiyol Bült,1970,Ekmen H,vancouver,Kedi ve köpeklerde Toxoplasma antikorlari Ekmen H Mikrobiyol Bült 1970,84. Ekmen H. Toxoplasmosis’te enfeksiyon kaynaklari. Kedi ve köpeklerde Toxoplasma antikorlari. Mikrobiyol Bült. 1970; 4: 11-5.
7360,1263262,20637398,98,Clinical and some laboratory findings in cats with Toxoplasmosis,TJVR,2018,"Bastan İ, Bas B",vancouver,"Clinical and some laboratory findings in cats with Toxoplasmosis Bastan İ, Bas B TJVR 2018","98. Bastan İ, Bas B. Clinical and some laboratory findings in cats with Toxoplasmosis. TJVR 2018; 2: 1-4."
7362,1172639,16561295,3,"Çevre Muhasebesi, Yeşil Muhasebe ve Karbon Muhasebesi Kavramları Hakkında Yazılan Makalelerin Bibliyometrik Analizi",International Journal of Applied Economic and Finance Studies,2022,"Altınbay, A",apa,"Çevre Muhasebesi, Yeşil Muhasebe ve Karbon Muhasebesi Kavramları Hakkında Yazılan Makalelerin Bibliyometrik Analizi Altınbay, A International Journal of Applied Economic and Finance Studies 2022","Altınbay, A. ve Durak, H. (2022). Çevre Muhasebesi, Yeşil Muhasebe ve Karbon Muhasebesi Kavramları Hakkında Yazılan Makalelerin Bibliyometrik Analizi. International Journal of Applied Economic and Finance Studies, 7(1), 140-155."
7387,1358960,24982267,20,Yoğun bakım ünitelerinde yatan hastaların deneyimleri ve anksiyete-depresyon durumları,Hemşirelik Bilimi Dergisi,2018,"Çam R, Şahin B",vancouver,"Yoğun bakım ünitelerinde yatan hastaların deneyimleri ve anksiyete-depresyon durumları Çam R, Şahin B Hemşirelik Bilimi Dergisi 2018","20. Çam R, Şahin B. Yoğun bakım ünitelerinde yatan hastaların deneyimleri ve anksiyete-depresyon du- rumları. Hemşirelik Bilimi Dergisi 2018; 1: 10-4."
7389,1319082,23327851,25,Benlik Saygısı ve Öznel İyi Oluş Arasındaki İlişkilerin İncelenmesi,Pamukkale Üniversitesi Eğitim Fakültesi Dergisi,2013,"Doğan, T., & Eryılmaz, A",apa,"Benlik Saygısı ve Öznel İyi Oluş Arasındaki İlişkilerin İncelenmesi Doğan, T., & Eryılmaz, A Pamukkale Üniversitesi Eğitim Fakültesi Dergisi 2013","Doğan, T., & Eryılmaz, A. (2013). Benlik Saygısı ve Öznel İyi Oluş Arasındaki İlişkilerin İncelenmesi. Pamukkale Üniversitesi Eğitim Fakültesi Dergisi, 33(33), 107-117."
7417,1384806,25935308,1,Türk Yabancılar Hukukunda ve Uygulamada İkamet İzinleri.,BUHFD 19,2024,"Alaсаkарtan, Ahmet Can",quoted,"Türk Yabancılar Hukukunda ve Uygulamada İkamet İzinleri. Alaсаkарtan, Ahmet Can BUHFD 19 2024","Alaсаkарtan, Ahmet Can. “Türk Yabancılar Hukukunda ve Uygulamada İkamet İzinleri.”, BUHFD 19, S. 219 (2024): 447-477."
7428,1197860,17812382,37,,,2018,,unparsed,,"37. Turkyilmaz E., Cebeci U., Industry 4.0 Maturity Levels of Suppliers in White Goods Manufacturing Sector, International Journal of Mechanical Engineering and Technology, 9 (10), 964- 969, 2018."
7458,1275382,21186841,8,“Public Attitudes Toward Electronic Health Records”,AHIP Cover,2005,Alan F,apa,“Public Attitudes Toward Electronic Health Records” Alan F AHIP Cover 2005,"8. Alan F. Westin (2005). “Public Attitudes Toward Electronic Health Records”. AHIP Cover, 12 (2), 1–7."
7470,1201827,19935794,31,Okul Öncesi Dönemde SosyalDuygusal Gelişime Anne-Baba Davranışının Etkisi,Aile ve Toplum,2008,"Kandır, A",apa,"Okul Öncesi Dönemde SosyalDuygusal Gelişime Anne-Baba Davranışının Etkisi Kandır, A Aile ve Toplum 2008","Kandır, A. & Alpan, Y. (2008). Okul Öncesi Dönemde Sosyal- Duygusal Gelişime Anne-Baba Davranışının Etkisi. Aile ve Toplum, 10(4), 33-38."
7516,1381637,25810351,15,The Haugh unit for measuring egg quality. U.S,Egg and Poultry Magazine,1937,"Haugh, R",apa,"The Haugh unit for measuring egg quality. U.S Haugh, R Egg and Poultry Magazine 1937","Haugh, R. R. (1937). The Haugh unit for measuring egg quality. U.S. Egg and Poultry Magazine, 43, 552-555."
7553,1241213,19722899,45,Positive prevention theory: The investigation of parenting styles as a predictor of optimism,J Educ Psychol,2020,Özpehriz HS,apa,Positive prevention theory: The investigation of parenting styles as a predictor of optimism Özpehriz HS J Educ Psychol 2020,"Özpehriz HS (2020) Positive prevention theory: The investigation of parenting styles as a predictor of optimism. J Educ Psychol, 4:114-132."
7560,1205707,18119965,12,,,1960,,unparsed,,"Lewy, J. (1960). Grammatical and Lexicographical studies. Orientalia, 29, 20-45."
7561,1308875,22712075,12,,,2006,,unparsed,,"Kılıç, S. (2006). Yeni Toplumsal ve Ekonomik Arayışlar Sürecinde Sürdürülebilir Kalkınma, Gazi Üniversitesi İktisadi ve İdari Bilimler Fakültesi Dergisi, 8(2), 81-101."
7562,1308875,22712078,15,,,2018,,unparsed,,"Önder, Ş. and Ağca, A. (2018). İşletmelerin Risk Gruplarına Göre Çevresel Sürdürülebilirlik Uygulamaları: BIST 100 Endeksinde Bir Uygulama, İnsan ve Toplum Bilimleri Araştırmaları Dergisi, 7(1), 77-89."
7570,1194835,17604955,10,Management of marginal zone lymphoma,Oncology (Williston Park,2013,"Reid R, Friedberg JW",vancouver,"Management of marginal zone lymphoma Reid R, Friedberg JW Oncology (Williston Park 2013","10. Reid R, Friedberg JW. Management of marginal zone lymphoma. Oncology (Williston Park). 2013;27:840-842-844."
7572,1194835,17604966,21,The management of nongastric MALT lymphomas,Oncology (Williston Park,2014,"Zucca E, Stathis A, Bertoni F",vancouver,"The management of nongastric MALT lymphomas Zucca E, Stathis A, Bertoni F Oncology (Williston Park 2014","21. Zucca E, Stathis A, Bertoni F. The management of nongastric MALT lymphomas. Oncology (Williston Park), 2014;28:86-93."
7607,1226093,19034273,33,,,2023,,unparsed,,"Jabeen, Rukhshinda - Tehmina Talib. ""A Comparative Analysıs of Sufi Thoughts of Shah Fakhruddin Dehlvı and Shah Waliullah Dehlvi"". PalArch's Journal of Archaeology of Egypt/Egyptology 20/2 (2023), 1498-1512."
7611,1273990,21124548,35,"Virulence of four entomopathogenic nematode species for plum sawfly, Hoplocampa flava L. (Hymenoptera: Tenthredinidae)",Invertebrate Survival Journal,2015,"Ulu, T.C., Sadic, B., Susurluk, I.A",loose_year,"Virulence of four entomopathogenic nematode species for plum sawfly, Hoplocampa flava L. (Hymenoptera: Tenthredinidae) Ulu, T.C., Sadic, B., Susurluk, I.A Invertebrate Survival Journal 2015","Ulu, T.C., Sadic, B., Susurluk, I.A. and Aksit, T. 2015. Virulence of four entomopathogenic nematode species for plum sawfly, Hoplocampa flava L. (Hymenoptera: Tenthredinidae). Invertebrate Survival Journal, 12 (1): 274-277."
7618,1246201,19917854,5,"Ali, Ahmed İsmail Hassan. “Mine",l-Ḫasâisi’l-Belâġıyye li’t-taḳdîm ve’t-te’ḫîr fi’l-Kur’âni’l-kerîm,2014,,quoted,"Ali, Ahmed İsmail Hassan. “Mine l-Ḫasâisi’l-Belâġıyye li’t-taḳdîm ve’t-te’ḫîr fi’l-Kur’âni’l-kerîm 2014","‘Ali, Ahmed İsmail Hassan. “Mine’l-Ḫasâisi’l-Belâġıyye li’t-taḳdîm ve’t-te’ḫîr fi’l-Kur’âni’l-kerîm”. Şarkiyat Araştırmaları Dergisi 14/39 (2014): 127-148."
7635,1207630,18247902,44,“Hayvan Tasvirli Hat Eserleri”,"İnsan ve Toplum Bilimleri Araştırmaları Dergisi, 6/5",2017,"Özkafa, Fatih",volume_pages,"“Hayvan Tasvirli Hat Eserleri” Özkafa, Fatih İnsan ve Toplum Bilimleri Araştırmaları Dergisi, 6/5 2017","Özkafa, Fatih. “Hayvan Tasvirli Hat Eserleri”. İnsan ve Toplum Bilimleri Araştırmaları Dergisi, 6/5, 2017, 2299-2322."
7665,1266093,20746095,42,Uluslararası çevre hukukunun gelişimi üzerine bir inceleme,Cumhuriyet Üniversitesi İktisadi ve İdari Bilimler Fakültesi Dergisi,2001,"Kılıç, S",apa,"Uluslararası çevre hukukunun gelişimi üzerine bir inceleme Kılıç, S Cumhuriyet Üniversitesi İktisadi ve İdari Bilimler Fakültesi Dergisi 2001","Kılıç, S. (2001). Uluslararası çevre hukukunun gelişimi üzerine bir inceleme. Cumhuriyet Üniversitesi İktisadi ve İdari Bilimler Fakültesi Dergisi, 2(2), 131-149."
7668,1266093,20746112,59,AB tam üyelik sürecinde Türkiye'nin çevre politikasındaki değişimler. Mustafa Kemal Üniversitesi,Sosyal Bilimler Enstitüsü Dergisi,2010,"Yıldırım, U., & Budak, S",apa,"AB tam üyelik sürecinde Türkiye'nin çevre politikasındaki değişimler. Mustafa Kemal Üniversitesi Yıldırım, U., & Budak, S Sosyal Bilimler Enstitüsü Dergisi 2010","Yıldırım, U., & Budak, S. (2010). AB tam üyelik sürecinde Türkiye'nin çevre politikasındaki değişimler. Mustafa Kemal Üniversitesi. Sosyal Bilimler Enstitüsü Dergisi, 7(13), 173-191."
7676,1263779,20653017,39,Psychometric Properties of a Turkish Version of the Perceived Stress Scale (PSS),Turkish] Ege Üniversitesi Hemşirelik Yüksek Okulu Dergisi,2009,"39- Bilge A, Ögce F, Ekti Genc R, Tuna Oran N",vancouver,"Psychometric Properties of a Turkish Version of the Perceived Stress Scale (PSS) 39- Bilge A, Ögce F, Ekti Genc R, Tuna Oran N Turkish] Ege Üniversitesi Hemşirelik Yüksek Okulu Dergisi 2009","39- Bilge A, Ögce F, Ekti Genc R, Tuna Oran N. Psychometric Properties of a Turkish Version of the Perceived Stress Scale (PSS). [In Turkish] Ege Üniversitesi Hemşirelik Yüksek Okulu Dergisi 2009; 25(2):61-72."
7682,1241522,19734030,40,An exploratory assessment of the sources of job-interviewing anxiety in college students,Journal of College Student Development,1989,"Jones, D",apa,"An exploratory assessment of the sources of job-interviewing anxiety in college students Jones, D Journal of College Student Development 1989","Jones, D. B. & Pinkney, J. W. (1989). An exploratory assessment of the sources of job-interviewing anxiety in college students. Journal of College Student Development, 30 (6), 553-60."
7699,1225822,19016305,49,Damien Hirst’ün Sanat Pazarı,Atatürk Üniversitesi Sosyal Bilimler Enstitüsü Dergisi,2012,"Yüksel, M",apa,"Damien Hirst’ün Sanat Pazarı Yüksel, M Atatürk Üniversitesi Sosyal Bilimler Enstitüsü Dergisi 2012","Yüksel, M. (2012). Damien Hirst’ün Sanat Pazarı. Atatürk Üniversitesi Sosyal Bilimler Enstitüsü Dergisi, 16(3), 159-170."
7703,1271841,21015361,6,Çocuklar İçin Yaşam Kalitesi Ölçeğinin 13-18 yaş ergen formunun geçerlik ve güvenilirliği,Turk Psikiyatri Derg,2007,"Çakın-Memik, N., Ağaoğlu, B., Coşkun, A., Üneri, Ö.Ş",apa,"Çocuklar İçin Yaşam Kalitesi Ölçeğinin 13-18 yaş ergen formunun geçerlik ve güvenilirliği Çakın-Memik, N., Ağaoğlu, B., Coşkun, A., Üneri, Ö.Ş Turk Psikiyatri Derg 2007","Çakın-Memik, N., Ağaoğlu, B., Coşkun, A., Üneri, Ö.Ş. ve Karakaya, I. (2007). Çocuklar İçin Yaşam Kalitesi Ölçeğinin 13-18 yaş ergen formunun geçerlik ve güvenilirliği. Turk Psikiyatri Derg, 18(4), 353-363."
7710,1234395,19460244,22,Tek ebeveynli ailelerin aldıkları sosyal yardımlar ve sosyal yardım beklentileri üzerine bir araştırma,Kırklareli Üniversitesi Sosyal Bilimler Meslek Yüksekokulu Dergisi,2020,"Karaaslan, İ",apa,"Tek ebeveynli ailelerin aldıkları sosyal yardımlar ve sosyal yardım beklentileri üzerine bir araştırma Karaaslan, İ Kırklareli Üniversitesi Sosyal Bilimler Meslek Yüksekokulu Dergisi 2020","Karaaslan, İ. & Opçin, E. (2020). Tek ebeveynli ailelerin aldıkları sosyal yardımlar ve sosyal yardım beklentileri üzerine bir araştırma. Kırklareli Üniversitesi Sosyal Bilimler Meslek Yüksekokulu Dergisi, 1(2), 81-103."
7725,1328938,23760603,30,Mezhepleri Yakınlaştırma (Takrîbü,l-Mezâhib,2018,"Hakyemez, Cemil",quoted,"Mezhepleri Yakınlaştırma (Takrîbü Hakyemez, Cemil l-Mezâhib 2018","Hakyemez, Cemil. “Mezhepleri Yakınlaştırma (Takrîbü’l-Mezâhib) Çalışmalarının Değerlendirilmesi”. İslamî Araştırmalar 2/29 (2018), 288-309."
7727,1293095,23041870,44,Ordu Arıcılığında Başlıca Koloni Yönetim Hataları,Arıcılık Araştırma Dergisi,2016,"Sıralı, R",apa,"Ordu Arıcılığında Başlıca Koloni Yönetim Hataları Sıralı, R Arıcılık Araştırma Dergisi 2016","Sıralı, R. (2016). Ordu Arıcılığında Başlıca Koloni Yönetim Hataları. Arıcılık Araştırma Dergisi, 8(1), 6-14."
7736,1331658,23884745,12,Coğrafi işaretli ürünlerin sürdürülebilir gastronomi turizmi açısından önemi: Akçakoca-Melengücceği tatlısı örneği,Gastroia: Journal of Gastronomy and Travel Research,2021,"Kök, A., & Güngör, A",apa,"Coğrafi işaretli ürünlerin sürdürülebilir gastronomi turizmi açısından önemi: Akçakoca-Melengücceği tatlısı örneği Kök, A., & Güngör, A Gastroia: Journal of Gastronomy and Travel Research 2021","Kök, A., & Güngör, A. (2021). Coğrafi işaretli ürünlerin sürdürülebilir gastronomi turizmi açısından önemi: Akçakoca-Melengücceği tatlısı örneği. Gastroia: Journal of Gastronomy and Travel Research, 5(1), 61-74."
7742,1157100,15855641,31,Dünya ölçeğinde öğretmenlerin saygınlık statüsü ve özlük hakları,Milli Eğitim Dergisi,2017,"Göker, S",apa,"Dünya ölçeğinde öğretmenlerin saygınlık statüsü ve özlük hakları Göker, S Milli Eğitim Dergisi 2017","Göker, S. D. ve Gündüz, Y. (2017). Dünya ölçeğinde öğretmenlerin saygınlık statüsü ve özlük hakları. Milli Eğitim Dergisi, 46(213), 177-196."
7743,1362300,25115853,13,"The influence of types of gestational diabetes mellitus, self-management, social support, and risk perception on health-related quality of life in pregnant women with gestational diabetes mellitus",Thai J Obstet Gynaecol,2024,"Phummanee R, Limruangrong P, Phahuwattanakorn W",vancouver,"The influence of types of gestational diabetes mellitus, self-management, social support, and risk perception on health-related quality of life in pregnant women with gestational diabetes mellitus Phummanee R, Limruangrong P, Phahuwattanakorn W Thai J Obstet Gynaecol 2024","13. Phummanee R, Limruangrong P, Phahuwattanakorn W. The influence of types of gestational diabetes mellitus, self-management, social support, and risk perception on health-related quality of life in pregnant women with gestational diabetes mellitus. Thai J Obstet Gynaecol. 2024; 32(2): 156-64."
7744,1331371,23871669,17,Savaş olgusunun dönüşümü: Yeni savaşlar ve Suriye krizi örneği,Türkiye Ortadoğu Çalışmaları Dergisi,2015,"Eker, S",apa,"Savaş olgusunun dönüşümü: Yeni savaşlar ve Suriye krizi örneği Eker, S Türkiye Ortadoğu Çalışmaları Dergisi 2015","Eker, S. (2015). Savaş olgusunun dönüşümü: Yeni savaşlar ve Suriye krizi örneği. Türkiye Ortadoğu Çalışmaları Dergisi, 2(1), 31-66."
7755,1286468,21774197,15,,,1998,,unparsed,,"Çalık, M. (1998). “MHP: Asıl Şimdi; Fakat Nasıl?”. Türkiye Günlüğü. Sayı 50: 162-174."
7766,1264384,20682338,1,Selçuklu Dönemi Hanefî Alimlerin Mürcie,ye Bakışları,2008,"Ak, Ahmet",quoted,"Selçuklu Dönemi Hanefî Alimlerin Mürcie Ak, Ahmet ye Bakışları 2008","Ak, Ahmet. “Selçuklu Dönemi Hanefî Alimlerin Mürcie’ye Bakışları”. Dinî Araştırmalar 11/32 (Eylül-Aralık 2008), 131-148."
7780,1211722,18467110,5,,,2007,,unparsed,,"Arpaguş, Safi. “Hüccetü’s-Semâ: XVII. Yüzyıl Osmanlı Toplumunda Mûsikî, Semâ ve Devran Hakkındaki Dinî Tartışmalar ve İsmâil Ankaravî’nin Semâ Müdâfaası”. Marife: Dinî Araştırmalar Dergisi, VII/3 (2007): 369-399."
7781,1211722,18467112,7,Hüseyin Azmî Dede ve Beyânü,l-Makâsıd Adlı Risâlesi,2006,"Arpaguş, Safi",quoted,"Hüseyin Azmî Dede ve Beyânü Arpaguş, Safi l-Makâsıd Adlı Risâlesi 2006","Arpaguş, Safi. “Hüseyin Azmî Dede ve Beyânü’l-Makâsıd Adlı Risâlesi”. Marmara Üniversitesi İlahiyat Fakültesi Dergisi, 31 (2006): 67-100."
7787,1268326,20841679,4,Financial Performance Impacts of Corporate Entrepreneurship in Emerging Markets: A Case of Turkey,"European Journal of Economics, Finance and Administrative Sciences",2008,"Aktan, B",apa,"Financial Performance Impacts of Corporate Entrepreneurship in Emerging Markets: A Case of Turkey Aktan, B European Journal of Economics, Finance and Administrative Sciences 2008","Aktan, B. & Bulut, C. (2008). Financial Performance Impacts of Corporate Entrepreneurship in Emerging Markets: A Case of Turkey. European Journal of Economics, Finance and Administrative Sciences, 12(8), 1530-2275."
7795,1319572,23353997,6,Halı. Türkiye Diyanet Vakfı İslâm Ansiklopedisi,15,1997,"Bozkurt, N",apa,"Halı. Türkiye Diyanet Vakfı İslâm Ansiklopedisi Bozkurt, N 15 1997","Bozkurt, N. (1997). Halı. Türkiye Diyanet Vakfı İslâm Ansiklopedisi. 15, 251-262."
7806,1316109,23148929,51,How Putin's media machine works,Journal of Democracy,2016,"Lipman, M",apa,"How Putin's media machine works Lipman, M Journal of Democracy 2016","Lipman, M. (2016). How Putin's media machine works. Journal of Democracy, 27(3), 41-50."
7811,1338891,24996500,17,"Japon bıldırcınlarında (Coturnix coturnix japonica) canlı ağırlık, erkek-dişi oranı ve anaç yaşının yumurta ağırlığı ve kuluçka sonuçlarına etkisi",Uludağ Üniversitesi Ziraat Fakültesi Dergisi,2003,"İpek, A., Şahan, Ü., & Yılmaz, B",apa,"Japon bıldırcınlarında (Coturnix coturnix japonica) canlı ağırlık, erkek-dişi oranı ve anaç yaşının yumurta ağırlığı ve kuluçka sonuçlarına etkisi İpek, A., Şahan, Ü., & Yılmaz, B Uludağ Üniversitesi Ziraat Fakültesi Dergisi 2003","İpek, A., Şahan, Ü., & Yılmaz, B. (2003). Japon bıldırcınlarında (Coturnix coturnix japonica) canlı ağırlık, erkek-dişi oranı ve anaç yaşının yumurta ağırlığı ve kuluçka sonuçlarına etkisi. Uludağ Üniversitesi Ziraat Fakültesi Dergisi, 17(1),13-22."
7812,1338891,24996517,34,Bıldırcınlarda (Coturnix coturnix japonica) kuluçkalık yumurta ağırlığının kuluçka sonuçları ile büyüme ve yumurta verim özelliklerine etkileri,YUTAV’95,1995,"Sarıca, M., & Soley, F",apa,"Bıldırcınlarda (Coturnix coturnix japonica) kuluçkalık yumurta ağırlığının kuluçka sonuçları ile büyüme ve yumurta verim özelliklerine etkileri Sarıca, M., & Soley, F YUTAV’95 1995","Sarıca, M., & Soley, F. (1995). Bıldırcınlarda (Coturnix coturnix japonica) kuluçkalık yumurta ağırlığının kuluçka sonuçları ile büyüme ve yumurta verim özelliklerine etkileri. YUTAV’95, 24-27 Mayıs, İstanbul, 475-484."
7817,1291272,22967169,36,Educating for sustainability: Competencies & practices for transformative action,Journal of Sustainability Education,2011,"Redman, E., & Larson, K",apa,"Educating for sustainability: Competencies & practices for transformative action Redman, E., & Larson, K Journal of Sustainability Education 2011","Redman, E., & Larson, K. (2011). Educating for sustainability: Competencies & practices for transformative action. Journal of Sustainability Education, 2, 1–20."
7834,1211472,18454357,55,,,1996,,unparsed,,"Saraçoğlu, Ö., Bozkuş, F. 1996. Terkos Kumulunun fıstık ve sahil çamlarıyla yapılan ağaçlandırmasında kumul tespit yöntemlerinin başarısı. İstanbul Üniversitesi Orman Fakültesi Dergisi A 46 (2): 59-70."
7835,1279964,21411142,5,Antimicrobial activity of Rhaponticum acaule and Scorzonera undulata growing wild in Tunisia,African Journal of Microbiology Research,2010,"Ben Abdelkader, H., Salah, K",apa,"Antimicrobial activity of Rhaponticum acaule and Scorzonera undulata growing wild in Tunisia Ben Abdelkader, H., Salah, K African Journal of Microbiology Research 2010","Ben Abdelkader, H., Salah, K. B. H., Liouane, K., Boussaada, O., Gafsi, K., Mahjoub, M. A., . . . Mighri, Z. (2010). Antimicrobial activity of Rhaponticum acaule and Scorzonera undulata growing wild in Tunisia. African Journal of Microbiology Research, 4(19), 1954–1958."
7857,1306619,22624714,39,[Determined of psychological autopsy of completed suicides in İstanbul] (in Turkish),Anatolian Journal of Psychiatry,2012,"Taktak Ş, Üzün İ, Balcıoğlu İ",vancouver,"[Determined of psychological autopsy of completed suicides in İstanbul] (in Turkish) Taktak Ş, Üzün İ, Balcıoğlu İ Anatolian Journal of Psychiatry 2012","39. Taktak Ş, Üzün İ, Balcıoğlu İ. [Determined of psychological autopsy of completed suicides in İstanbul] (in Turkish). Anatolian Journal of Psychiatry. 2012; 13:117-124."
7882,1168560,17123727,71,Okul öncesi öğretmenlerinin iş doyumları: Burdur örneği,Mehmet Akif Ersoy Üniversitesi Eğitim Fakültesi Dergisi,2009,"Şahin, H",apa,"Okul öncesi öğretmenlerinin iş doyumları: Burdur örneği Şahin, H Mehmet Akif Ersoy Üniversitesi Eğitim Fakültesi Dergisi 2009","Şahin, H. ve Dursun, A. (2009). Okul öncesi öğretmenlerinin iş doyumları: Burdur örneği. Mehmet Akif Ersoy Üniversitesi Eğitim Fakültesi Dergisi, 18, 160-179."
7887,1248258,21743857,3,,,2019,,unparsed,,"Altun Aslan, E. (2019). Türkiye’de özel okullaşma. Bitlis Eren Üniversitesi Sosyal Bilimler Dergisi, 8(1), 263-276."
7905,1213933,18866208,10,Chemistry of EPDM cross-linking,kautschuk gummi kunststoffe,2002,"Van Duin, M",apa,"Chemistry of EPDM cross-linking Van Duin, M kautschuk gummi kunststoffe 2002","Van Duin, M. (2002). Chemistry of EPDM cross-linking. kautschuk gummi kunststoffe, 55(4), 150-150."
7912,1348704,24557624,11,Türkiye’de yoksulluk sorunu ile mücadelede zekât kurumunun rolü ve gerekliliği hakkında camii cemaatı üzerine bir araştırma,İslam Ekonomisi ve Finansı Dergisi,2019,"Bilen, M., & Terzi, G",apa,"Türkiye’de yoksulluk sorunu ile mücadelede zekât kurumunun rolü ve gerekliliği hakkında camii cemaatı üzerine bir araştırma Bilen, M., & Terzi, G İslam Ekonomisi ve Finansı Dergisi 2019","Bilen, M., & Terzi, G. (2019). Türkiye’de yoksulluk sorunu ile mücadelede zekât kurumunun rolü ve gerekliliği hakkında camii cemaatı üzerine bir araştırma. İslam Ekonomisi ve Finansı Dergisi, 5(2), 133-167."
7920,1282717,21586935,22,,,2013,,unparsed,,"23.Ekincialp, A., Şensoy, S., 2013. Van Gölü Havzası Fasulye Genotiplerinin Bazı Bitkisel Özelliklerinin Belirlenmesi. Yüzüncü Yıl Üniversitesi Tarım Bilimleri Dergisi 23(2):102- 111."
7943,1317060,23213095,23,Testing safe haven property of Bitcoin and gold during Covid-19: Evidence from multivariate GARCH analysis,Economics Bulletin,2020,"Kumar, A",apa,"Testing safe haven property of Bitcoin and gold during Covid-19: Evidence from multivariate GARCH analysis Kumar, A Economics Bulletin 2020","Kumar, A. S. (2020). Testing safe haven property of Bitcoin and gold during Covid-19: Evidence from multivariate GARCH analysis. Economics Bulletin, 40(3), 2005-2015."
7948,1385981,26512537,351,Antimicrobial activity and phytochemical analysis of selected Indian folk medicinal plants,steroids,2010,"Thirumurugan, K., Shihabudeen, M., & Hansi, P",apa,"Antimicrobial activity and phytochemical analysis of selected Indian folk medicinal plants Thirumurugan, K., Shihabudeen, M., & Hansi, P steroids 2010","Thirumurugan, K., Shihabudeen, M., & Hansi, P. (2010). Antimicrobial activity and phytochemical analysis of selected Indian folk medicinal plants. steroids, 1(7), 430- 434."
7952,1385981,26512584,398,The effect observation of breviscapine for improving PCI curative myocardial function. Chin. J. Mod,Drug Appl,2013,"Yang, N., & Chen, Q",apa,"The effect observation of breviscapine for improving PCI curative myocardial function. Chin. J. Mod Yang, N., & Chen, Q Drug Appl 2013","Yang, N., & Chen, Q. (2013). The effect observation of breviscapine for improving PCI curative myocardial function. Chin. J. Mod. Drug Appl, 7, 23-24."
7977,1274725,21333079,15,Bütünleşik ÇKKV yaklaşımı ile AB ülkelerinin yaşam kalitesinin değerlendirilmesi,Karamanoğlu Mehmetbey Üniversitesi Sosyal ve Ekonomik Araştırmalar Dergisi,2023,"Ersoy, N",apa,"Bütünleşik ÇKKV yaklaşımı ile AB ülkelerinin yaşam kalitesinin değerlendirilmesi Ersoy, N Karamanoğlu Mehmetbey Üniversitesi Sosyal ve Ekonomik Araştırmalar Dergisi 2023","Ersoy, N. (2023a). Bütünleşik ÇKKV yaklaşımı ile AB ülkelerinin yaşam kalitesinin değerlendirilmesi. Karamanoğlu Mehmetbey Üniversitesi Sosyal ve Ekonomik Araştırmalar Dergisi, 25(44), 190-212."
8009,1202364,17981171,37,,,2016,,unparsed,,"Ulusoy, H. (2016). The First-Ever World Humanitarian Summit: Embarking on a Historic Journey for the Future of Humanity, Dış Politika-Foreign Policy, 42(1), 67-83."
8031,1335061,24021406,6,İş aile yaşam çatışması: Türkiye’deki kadın yöneticiler üzerinde bir uygulama,Süleyman Demirel Üniversitesi Vizyoner Dergisi,2010,"Çarıkçı, İ.H., Çiftçi, M",apa,"İş aile yaşam çatışması: Türkiye’deki kadın yöneticiler üzerinde bir uygulama Çarıkçı, İ.H., Çiftçi, M Süleyman Demirel Üniversitesi Vizyoner Dergisi 2010","Çarıkçı, İ.H., Çiftçi, M. ve Derya, S. (2010). İş aile yaşam çatışması: Türkiye’deki kadın yöneticiler üzerinde bir uygulama. Süleyman Demirel Üniversitesi Vizyoner Dergisi, 2(2), 53-65."
8048,1316709,23188610,21,Enflasyon düzeltmesinin gerekliliği enflasyon muhasebesinin uygulanabilirliği ve muhasebeciler üzerinde yapılan bir araştırma: Karaman Örneği,Selçuk Üniversitesi Sosyal Bilimler Meslek Yüksekokulu Dergisi,2004,"İleri, H",apa,"Enflasyon düzeltmesinin gerekliliği enflasyon muhasebesinin uygulanabilirliği ve muhasebeciler üzerinde yapılan bir araştırma: Karaman Örneği İleri, H Selçuk Üniversitesi Sosyal Bilimler Meslek Yüksekokulu Dergisi 2004","İleri, H. ve Altınışık, İ. (2004). Enflasyon düzeltmesinin gerekliliği enflasyon muhasebesinin uygulanabilirliği ve muhasebeciler üzerinde yapılan bir araştırma: Karaman Örneği. Selçuk Üniversitesi Sosyal Bilimler Meslek Yüksekokulu Dergisi, 7(1-2), 39-52."
8049,1316709,23188617,28,Muhasebe dersine yönelik tutumların bireysel ve bölümsel farklılıklarının belirlenmesi: Mersin Üniversitesi örneği,Çağ Üniversitesi Sosyal Bilimler Dergisi,2020,"Kurtlar, M",apa,"Muhasebe dersine yönelik tutumların bireysel ve bölümsel farklılıklarının belirlenmesi: Mersin Üniversitesi örneği Kurtlar, M Çağ Üniversitesi Sosyal Bilimler Dergisi 2020","Kurtlar, M. ve Yıldız, E. (2020). Muhasebe dersine yönelik tutumların bireysel ve bölümsel farklılıklarının belirlenmesi: Mersin Üniversitesi örneği. Çağ Üniversitesi Sosyal Bilimler Dergisi, 17(2), 52-67."
8065,1314638,23058960,16,Türkiye'de lojistik eğitiminin durumu ve lojistik eğitiminin geliştirilmesine yönelik öneriler,Recep Tayyip Erdoğan Üniversitesi Sosyal Bilimler Dergisi,2016,"Çıkmak, S",apa,"Türkiye'de lojistik eğitiminin durumu ve lojistik eğitiminin geliştirilmesine yönelik öneriler Çıkmak, S Recep Tayyip Erdoğan Üniversitesi Sosyal Bilimler Dergisi 2016","Çıkmak, S. (2016). Türkiye'de lojistik eğitiminin durumu ve lojistik eğitiminin geliştirilmesine yönelik öneriler. Recep Tayyip Erdoğan Üniversitesi Sosyal Bilimler Dergisi, 2(3), 1-13."
8066,1250370,20100281,14,2010-2015 yılları arasında kan kültürlerinde üreyen mikroorganizmalar ve antibiyotik duyarlılıkları,KLİMİK Dergisi,2016,"Şafak B, Kılınç O",vancouver,"2010-2015 yılları arasında kan kültürlerinde üreyen mikroorganizmalar ve antibiyotik duyarlılıkları Şafak B, Kılınç O KLİMİK Dergisi 2016","14. Şafak B, Kılınç O. 2010-2015 yılları arasında kan kültürlerinde üreyen mikroorganizmalar ve antibiyotik duyarlılıkları. KLİMİK Dergisi. 2016;29(2):60-4."
8069,1371871,25499607,8,,,2012,,unparsed,,"Bozbora, N. (2012). Failures and achievements of Albanian nationalism in the era of nationalism, Balkan Araştırma Enstitüsü Dergisi, 1(1), 3-22."
8075,1258957,20465734,47,The effects of parental monitoring and leisure boredom on adolescents' Internet addiction,Internet Addiction Adolescence,2009,"Lin, C.-H., Lin, S.-L., & Wu, C.-P",apa,"The effects of parental monitoring and leisure boredom on adolescents' Internet addiction Lin, C.-H., Lin, S.-L., & Wu, C.-P Internet Addiction Adolescence 2009","Lin, C.-H., Lin, S.-L., & Wu, C.-P. (2009). The effects of parental monitoring and leisure boredom on adolescents' Internet addiction. Internet Addiction Adolescence, 44(176), 993-1004."
8078,1263833,20675420,17,Math and science in preschool: Policies and practice,Preschool Policy Brief,2009,"Brenneman, K., Stevenson-Boyd, J",apa,"Math and science in preschool: Policies and practice Brenneman, K., Stevenson-Boyd, J Preschool Policy Brief 2009","Brenneman, K., Stevenson-Boyd, J. & Frede, E. C. (2009). Math and science in preschool: Policies and practice. Preschool Policy Brief, 19, 1-12."
8084,1273140,21075625,15,A literature review on the causality test applications about Türkiye,Social Sciences Research Journal,2015,"Engeloglu O, Meral IG, Genc K",vancouver,"A literature review on the causality test applications about Türkiye Engeloglu O, Meral IG, Genc K Social Sciences Research Journal 2015","15. Engeloglu O, Meral IG, Genc K. A literature review on the causality test applications about Türkiye. Social Sciences Research Journal. 2015;4(2):142-154."
8097,1270975,21106325,11,Suriye İç Savaşı: Savaşın Yarattığı Mültecilik Akınının Türkiye ve Avrupa Birliği’ne Yansımaları,Türkiye Siyaset Bilimi Dergisi,2018,"Bozkurt, K",apa,"Suriye İç Savaşı: Savaşın Yarattığı Mültecilik Akınının Türkiye ve Avrupa Birliği’ne Yansımaları Bozkurt, K Türkiye Siyaset Bilimi Dergisi 2018","Bozkurt, K. (2018). Suriye İç Savaşı: Savaşın Yarattığı Mültecilik Akınının Türkiye ve Avrupa Birliği’ne Yansımaları. Türkiye Siyaset Bilimi Dergisi, 1(1), 57-70."
8099,1218161,19068717,27,The factors that affect exclusive breastfeeding status,J Child Ped,2009,"Kondolot M, Songül Yalçin S, Yurdakök K",vancouver,"The factors that affect exclusive breastfeeding status Kondolot M, Songül Yalçin S, Yurdakök K J Child Ped 2009","27.Kondolot M, Songül Yalçin S, Yurdakök K. The factors that affect exclusive breastfeeding status. J Child Ped 2009;52(3):122-7."
8100,1218161,19068734,44,Breastfeeding consultation status of mothers,J Child Health Dis,2010,"Ince T, Kondolot M, Yalçın SS, Yurdakök K",vancouver,"Breastfeeding consultation status of mothers Ince T, Kondolot M, Yalçın SS, Yurdakök K J Child Health Dis 2010","44.Ince T, Kondolot M, Yalçın SS, Yurdakök K. Breastfeeding consultation status of mothers. J Child Health Dis 2010;53:189-97."
8113,1267845,20821358,1,"Challenges of accessing and utilizing instructional materials by primary school teachers in Ikwuano Local Government Area, Abia State, Nigeria",International Journal of Advanced Academic and Educational Research,2010,"Akpan, V",apa,"Challenges of accessing and utilizing instructional materials by primary school teachers in Ikwuano Local Government Area, Abia State, Nigeria Akpan, V International Journal of Advanced Academic and Educational Research 2010","Akpan, V. I, Okoli, A, C., & Akpan, I. I. (2010). Challenges of accessing and utilizing instructional materials by primary school teachers in Ikwuano Local Government Area, Abia State, Nigeria. International Journal of Advanced Academic and Educational Research, 13(3), 27- 35"
8169,1269445,20898783,14,İlköğretim II. kademe fen ve teknoloji programının çevre eğitimi açısından karşılaştırmalı incelenmesi,Biyoloji Bilimleri Araştırma Dergisi,2010,"Cebesoy, Ü",apa,"İlköğretim II. kademe fen ve teknoloji programının çevre eğitimi açısından karşılaştırmalı incelenmesi Cebesoy, Ü Biyoloji Bilimleri Araştırma Dergisi 2010","Cebesoy, Ü. B. ve Dönmez-Şahin, M. (2010). İlköğretim II. kademe fen ve teknoloji programının çevre eğitimi açısından karşılaştırmalı incelenmesi. Biyoloji Bilimleri Araştırma Dergisi, 3(2), 159-168."
8171,1269445,20898798,29,MEB okul öncesi eğitim programının çevre eğitimi açısından analizi,Türk Fen Eğitimi Dergisi,2010,"Gülay, H",apa,"MEB okul öncesi eğitim programının çevre eğitimi açısından analizi Gülay, H Türk Fen Eğitimi Dergisi 2010","Gülay, H. ve Ekici, G. (2010). MEB okul öncesi eğitim programının çevre eğitimi açısından analizi. Türk Fen Eğitimi Dergisi, 7(1), 74-84."
8195,1173952,16610191,19,,,1973,,unparsed,,"Ledingham RJ, Atkinson TG, Horricks JS, Mills JT, Piening LJ, Tinline RD. 1973. Whear losses due to common root rot in the prairie provinces of Canada, 1969-71. Canadian Journal o Plant Pathology 53:113-122."
8212,1155402,16166334,10,Bireylerin finansal katılım ve finansal bilgi düzeylerinin tespiti: Erzurum ili örneği,Global Journal of Economics and Business Studies,2018,"Çam, A",apa,"Bireylerin finansal katılım ve finansal bilgi düzeylerinin tespiti: Erzurum ili örneği Çam, A Global Journal of Economics and Business Studies 2018","Çam, A. V., Ayaydın, H., & Kalkan, Y. (2018). Bireylerin finansal katılım ve finansal bilgi düzeylerinin tespiti: Erzurum ili örneği. Global Journal of Economics and Business Studies, 7(13), 1–7."
8218,1258646,20527077,33,18-25 yaş grubundaki sağlıklı erkek bireylerde aktif ve pasif sigara içiminin kısa vadede fiziksel etkilerinin incelenmesi,Gazi Beden Eğitimi ve Spor Bilimleri Dergisi,2008,"Sözeri, B., Altun, Ö., Tüzün, M., Korkusuz, F., & Atımtay, A",apa,"18-25 yaş grubundaki sağlıklı erkek bireylerde aktif ve pasif sigara içiminin kısa vadede fiziksel etkilerinin incelenmesi Sözeri, B., Altun, Ö., Tüzün, M., Korkusuz, F., & Atımtay, A Gazi Beden Eğitimi ve Spor Bilimleri Dergisi 2008","Sözeri, B., Altun, Ö., Tüzün, M., Korkusuz, F., & Atımtay, A. (2008). 18-25 yaş grubundaki sağlıklı erkek bireylerde aktif ve pasif sigara içiminin kısa vadede fiziksel etkilerinin incelenmesi. Gazi Beden Eğitimi ve Spor Bilimleri Dergisi, 13(2):3-12."
8225,1329429,24116982,9,,,2012,,unparsed,,"Demir, V., Kahraman, S., Katgı, A., Pişkin, Ö., Özsan, G.H., Demirkan, F., Ündar, B., & Özcan, M.A. (2012) Kronik Lenfositik Lösemi Hastalarının Genel Klinik Değerlendirilmesi, DEU Tıp Derg., 26(1):9-19."
8227,1256294,20352839,7,Yarı kurak koşullarda farklı sulama düzeylerinin salçalık biberde (Capsicum annum cv. Kapija) verim ve kalite parametreleri üzerine etkisi,Tekirdağ Ziraat Fakültesi Dergisi,2012,"Demirel K, Genç L, Saçan M",loose_year,"Yarı kurak koşullarda farklı sulama düzeylerinin salçalık biberde (Capsicum annum cv. Kapija) verim ve kalite parametreleri üzerine etkisi Demirel K, Genç L, Saçan M Tekirdağ Ziraat Fakültesi Dergisi 2012","Demirel K, Genç L, Saçan M . 2012. Yarı kurak koşullarda farklı sulama düzeylerinin salçalık biberde (Capsicum annum cv. Kapija) verim ve kalite parametreleri üzerine etkisi. Tekirdağ Ziraat Fakültesi Dergisi, 9(2): 7-15."
8275,1323638,23541247,44,ed-Dîn fî nazari,l-akli’s-sahîh,1905,Muhammed Tevfîk Sıdkî,quoted,ed-Dîn fî nazari Muhammed Tevfîk Sıdkî l-akli’s-sahîh 1905,"Muhammed Tevfîk Sıdkî. “ed-Dîn fî nazari’l-akli’s-sahîh, şubuhâtün li’l-maddiyyîn fi’l-Kur’ân”. Mecelletü'l-menâr 8/18 (1905), 737-740."
8289,1261851,20586520,3,Homeopathy in Pediatric dentistry – A review Homeopathy in Pediatric dentistry – A review,Scholars Journal of Dental Sciences,2017,"Saikiran KV, Kamatham R, Saha A",vancouver,"Homeopathy in Pediatric dentistry – A review Homeopathy in Pediatric dentistry – A review Saikiran KV, Kamatham R, Saha A Scholars Journal of Dental Sciences 2017","3. Saikiran KV, Kamatham R, Saha A, et al. Homeopathy in Pediatric dentistry – A review Homeopathy in Pediatric dentistry – A review. Scholars Journal of Dental Sciences. 2017;4:89-92."
8294,1272973,21211009,17,Study of the occurrence and control of Stephanitis chinensis Drake in the tea f ield of south Shaanxi,Shaanxi Journal of Agricultural Sciences,2014,"Wu, P.C",apa,"Study of the occurrence and control of Stephanitis chinensis Drake in the tea f ield of south Shaanxi Wu, P.C Shaanxi Journal of Agricultural Sciences 2014","Wu, P.C. & Li, Y.X. (2014). Study of the occurrence and control of Stephanitis chinensis Drake in the tea f ield of south Shaanxi. Shaanxi Journal of Agricultural Sciences, 60(3), 73-76."
8312,1370707,25456121,6,Dünya Hayatının Oyun ve Oyalanmadan İbaret Olup Olmadığı ile ilgili Âyetlerin Müşkil,ül-Kur’ân Bağlamında Yorumlanması,2024,"Bedir, Lokman",quoted,"Dünya Hayatının Oyun ve Oyalanmadan İbaret Olup Olmadığı ile ilgili Âyetlerin Müşkil Bedir, Lokman ül-Kur’ân Bağlamında Yorumlanması 2024","Bedir, Lokman. “Dünya Hayatının Oyun ve Oyalanmadan İbaret Olup Olmadığı ile ilgili Âyetlerin Müşkil’ül-Kur’ân Bağlamında Yorumlanması”. Genç Mütefekkirler Dergisi 5/2 (Haziran 2024), 273-290."
8331,1195230,17617395,45,Sosyal bilgiler ders kitaplarında öğrenme stratejileri,Gazi Üniversitesi Kırşehir Eğitim Fakültesi Dergisi,2005,"Tay, B",apa,"Sosyal bilgiler ders kitaplarında öğrenme stratejileri Tay, B Gazi Üniversitesi Kırşehir Eğitim Fakültesi Dergisi 2005","Tay, B. (2005). Sosyal bilgiler ders kitaplarında öğrenme stratejileri. Gazi Üniversitesi Kırşehir Eğitim Fakültesi Dergisi, 6(1), 209-225."
8336,1157694,17411092,20,,,2000,,unparsed,,"20.Guo, B., Yang, J., Lu, R., Yu, S. 2000. Effect of KOMIX on the growth and fruiting of Red Fuji apple variety. Journal of Fruit Sci. 17(1):73-75."
8338,1157694,17411128,56,,,2011,,unparsed,,"56.Bozyiğit, R., Güngör, Ş. 2011. Konya Ovası’nın toprakları ve sorunları. Marmara Coğrafya Dergisi 24:169-200."
8346,1252628,20188847,9,"Ege Bölgesi Clytrinae (Coleoptera, Chrysomelidae) altfamilyası üzerine faunistik çalışmalar",Türk Entomoloji Dergisi,1990,"Aydın, E",apa,"Ege Bölgesi Clytrinae (Coleoptera, Chrysomelidae) altfamilyası üzerine faunistik çalışmalar Aydın, E Türk Entomoloji Dergisi 1990","Aydın, E. & Kısmalı, Ş. (1990). Ege Bölgesi Clytrinae (Coleoptera, Chrysomelidae) altfamilyası üzerine faunistik çalışmalar. Türk Entomoloji Dergisi, 14(1), 23- 35."
8401,1223299,18891135,23,Studying abroad: the role of college students' goals on the development of cross-cultural skills and global understanding,College Student Journal,2004,"Kitsantas, A",apa,"Studying abroad: the role of college students' goals on the development of cross-cultural skills and global understanding Kitsantas, A College Student Journal 2004","Kitsantas, A. (2004). Studying abroad: the role of college students' goals on the development of cross-cultural skills and global understanding. College Student Journal, 38(3), 441-453."
8402,1365715,25270223,7,Çin hegemonyasında yapay zekânın rolü: Stratejik analiz ve gelecek perspektifleri,Sosyoekonomik Araştırmalar Dergisi,2025,"Ayar, İ",apa,"Çin hegemonyasında yapay zekânın rolü: Stratejik analiz ve gelecek perspektifleri Ayar, İ Sosyoekonomik Araştırmalar Dergisi 2025","Ayar, İ. (2025). Çin hegemonyasında yapay zekânın rolü: Stratejik analiz ve gelecek perspektifleri. Sosyoekonomik Araştırmalar Dergisi, 2(1), 83–108."
8404,1183988,17066428,37,Türkiye ve Kanada’da işlenen fen ve teknoloji derslerinin karşılaştırmalı analizi,Atatürk Eğitim Fakültesi Eğitim Bilimleri Dergisi,2008,"Güven, İ",apa,"Türkiye ve Kanada’da işlenen fen ve teknoloji derslerinin karşılaştırmalı analizi Güven, İ Atatürk Eğitim Fakültesi Eğitim Bilimleri Dergisi 2008","Güven, İ. (2008). Türkiye ve Kanada’da işlenen fen ve teknoloji derslerinin karşılaştırmalı analizi. Atatürk Eğitim Fakültesi Eğitim Bilimleri Der- gisi, 34, 147–169."
8409,1285315,21731596,8,Toplumsal Cinsiyet Eşitsizliği Endeksi ve Türkiye,Toplumsal Politika Dergisi,2022,"Bardakçı, Ş",apa,"Toplumsal Cinsiyet Eşitsizliği Endeksi ve Türkiye Bardakçı, Ş Toplumsal Politika Dergisi 2022","Bardakçı, Ş. & Oğlak, S. (2022). Toplumsal Cinsiyet Eşitsizliği Endeksi ve Türkiye. Toplumsal Politika Dergisi, 3(1), 71-90."
8412,1332119,23907962,1,İktidarın Dört Atlısı: Michael Mann ve Tarihsel Sosyoloji.,Toplum ve Bilim,2012,"Ardıç, Nurullah",quoted,"İktidarın Dört Atlısı: Michael Mann ve Tarihsel Sosyoloji. Ardıç, Nurullah Toplum ve Bilim 2012","Ardıç, Nurullah. “İktidarın Dört Atlısı: Michael Mann ve Tarihsel Sosyoloji.” Toplum ve Bilim, sy 123 (2012): 258–285."
8418,1197991,17939287,9,,,2011,,unparsed,,"Sarıözkan, S. (2011). Türkiye’de Manda Yetiştiriciliği’nin Önemi, Kafkas Üniv Vet Fak Derg, 17(1):163-166"
8457,1361581,25083313,48,,,2024,,unparsed,,Escribano Ferrer JM. Estrategia CHIVA. Angiología. 2024;76:241-5.
8465,1253692,20239661,50,,,2018,,unparsed,,"Sengalevich, Georgi (Сенгалевич, Георги). “Византийска сграфито керамика с монограми на Палеолозите (Vizantiı̆ska Sgrafito Keramika s Monogrami na Paleolozite)”. Bulgarskoe- Spisanie za Arkheologiia 6 (2018): 157-168."
8482,1189260,17592212,14,"Halkla ilişkiler sektörünün sinemada temsili: “Again you?”,“Sex and the City” ve “Thank you for smoking” filmlerinde halkla ilişkiler mesleği ve halkla ilişkiler uzmanının temsili",Gümüşhane Üniversitesi İletişim Fakültesi Elektronik Dergisi,2012,"Gürkan, H",apa,"Halkla ilişkiler sektörünün sinemada temsili: “Again you?”,“Sex and the City” ve “Thank you for smoking” filmlerinde halkla ilişkiler mesleği ve halkla ilişkiler uzmanının temsili Gürkan, H Gümüşhane Üniversitesi İletişim Fakültesi Elektronik Dergisi 2012","Gürkan, H. (2012). Halkla ilişkiler sektörünün sinemada temsili: “Again you?”,“Sex and the City” ve “Thank you for smoking” filmlerinde halkla ilişkiler mesleği ve halkla ilişkiler uzmanının temsili. Gümüşhane Üniversitesi İletişim Fakültesi Elektronik Dergisi, 1(3), 135-158."
8504,1305625,22594665,32,Profile and clinical relevance of autoantibodies in patients with chronic hepatitis B infection,Int J Clin Exp Med,2017,"Lu J, Lv Y, Dai E, Liu Y, Gao H, Tsuji NM",vancouver,"Profile and clinical relevance of autoantibodies in patients with chronic hepatitis B infection Lu J, Lv Y, Dai E, Liu Y, Gao H, Tsuji NM Int J Clin Exp Med 2017","32. Lu J, Lv Y, Dai E, Liu Y, Gao H, Tsuji NM, et al. Profile and clinical relevance of autoantibodies in patients with chronic hepatitis B infection. Int J Clin Exp Med 2017;10:3568-74."
8507,1301566,22440997,40,Wound healing following tooth extraction. Histochemical study in rats,Revista da Faculdade de Odontologia de Aracatuba,1973,"Okamoto, T., & de Russo, M.C",apa,"Wound healing following tooth extraction. Histochemical study in rats Okamoto, T., & de Russo, M.C Revista da Faculdade de Odontologia de Aracatuba 1973","Okamoto, T., & de Russo, M.C. (1973). Wound healing following tooth extraction. Histochemical study in rats. Revista da Faculdade de Odontologia de Aracatuba, 2(2), 153–169."
8540,1287154,21812566,2,Infectious spondylodiscitis: diagnosis and treatment,Mo Med,2013,"Amini MH, Salzman GA",vancouver,"Infectious spondylodiscitis: diagnosis and treatment Amini MH, Salzman GA Mo Med 2013","2. Amini MH, Salzman GA. Infectious spondylodiscitis: diagnosis and treatment. Mo Med 2013;110:80-84."
8541,1222678,19246245,10,,,2016,,unparsed,,"Er, F., Altuntaş, S. 2016. “Hemşirelerin tıbbi hata yapma durumları ve nedenlerine yönelik görüşlerinin belirlenmesi”, Sağlık ve Hemşirelik Yönetimi Dergisi, 3(3), 132-9."
8544,1299778,22359379,32,,,,,unparsed,,"Işık Ö, Aydınlıoğlu HM, Koç S, Gündoğdu O, Korkmaz G, Ay A. Afet Yönetimi ve Afet Odaklı Sağlık Hizmetleri. 28(2):82-123."
8565,1199059,17830335,10,Yabancılara Türkçe Öğretiminde Dil İhtiyaç Analizi: Bosna Hersek Örneği,Abant İzzet Baysal Üniversitesi Eğitim Fakültesi Dergisi,2013,"Çalışkan, N",apa,"Yabancılara Türkçe Öğretiminde Dil İhtiyaç Analizi: Bosna Hersek Örneği Çalışkan, N Abant İzzet Baysal Üniversitesi Eğitim Fakültesi Dergisi 2013","Çalışkan, N. ve Çangal, Ö. (2013). Yabancılara Türkçe Öğretiminde Dil İhtiyaç Analizi: Bosna Hersek Örneği. Abant İzzet Baysal Üniversitesi Eğitim Fakültesi Dergisi, 13(2), 310-334."
8569,1188024,17242069,24,,,1994,,unparsed,,"Önder, Mehmet. “30 Yıllık Bir Hatıra: Hacı Bektaş Dergahı Nasıl Açıldı?”. Türk Kültürü ve Hacı Bektaş Velî Araştırma Dergisi 1 (1994), 35-39."
8572,1352122,24687542,11,Dahili ve cerrahi kliniklerindeki hastaların öğrenim gereksinimlerinin belirlenmesi [Identification of learning needs of patients in medical and surgical units],Dokuz Eylül Üniversitesi Hemşirelik Fakültesi Elektronik Dergisi,2017,"Çetinkaya F, Aşiret GD",vancouver,"Dahili ve cerrahi kliniklerindeki hastaların öğrenim gereksinimlerinin belirlenmesi [Identification of learning needs of patients in medical and surgical units] Çetinkaya F, Aşiret GD Dokuz Eylül Üniversitesi Hemşirelik Fakültesi Elektronik Dergisi 2017","Çetinkaya F, Aşiret GD. Dahili ve cerrahi kliniklerindeki hastaların öğrenim gereksinimlerinin belirlenmesi [Identification of learning needs of patients in medical and surgical units]. Dokuz Eylül Üniversitesi Hemşirelik Fakültesi Elektronik Dergisi. 2017;10(2):93-9. [Link]"
8577,1381134,25798240,92,,,2023,,unparsed,,"92. Tosun, Ş., Ülkeryıldız, E., Mimarlık Öğrencilerinin Temel Tasarım Eğitiminde Edindikleri Tasarım İlkelerinin Algısal Değişimi Üzerine Bir İnceleme, PLANARCH-Design and Planning Research, 7 (2), 153-162, 2023."
8611,1260482,20532881,1,Değer eğitimi akımlarına genel bir bakış,Değerler Eğitimi Dergisi,2008,"Akbaş, O",apa,"Değer eğitimi akımlarına genel bir bakış Akbaş, O Değerler Eğitimi Dergisi 2008","Akbaş, O. (2008). Değer eğitimi akımlarına genel bir bakış. Değerler Eğitimi Dergisi, 6(16), 9–27."
8658,1322649,23499471,16,İran’ın idari teşkilat sistemi,Oğuzhan Sosyal Bilimler Dergisi,2020,"Fanid, N",apa,"İran’ın idari teşkilat sistemi Fanid, N Oğuzhan Sosyal Bilimler Dergisi 2020","Fanid, N. A. (2020). İran’ın idari teşkilat sistemi. Oğuzhan Sosyal Bilimler Dergisi, 2(2), 134–157."
8667,1274616,21154953,24,Çocuklar için bilgisayar oyun bağımlılığı ölçeği,Türk PDR (Psikolojik Danışma ve Rehberlik) Dergisi,2008,"Horzum, M",apa,"Çocuklar için bilgisayar oyun bağımlılığı ölçeği Horzum, M Türk PDR (Psikolojik Danışma ve Rehberlik) Dergisi 2008","Horzum, M. B., Ayas, T. & Çakır Balta, Ö. (2008). Çocuklar için bilgisayar oyun bağımlılığı ölçeği. Türk PDR (Psikolojik Danışma ve Rehberlik) Dergisi, 3(30), 76-88."
8688,1225137,19352979,17,Kapsayıcı eğitimin Türk eğitim sistemindeki yeri ve önemi,Studies in Educational Research and Development,2021,"Aydın Güngör, T., & Pehlivan, O",apa,"Kapsayıcı eğitimin Türk eğitim sistemindeki yeri ve önemi Aydın Güngör, T., & Pehlivan, O Studies in Educational Research and Development 2021","Aydın Güngör, T., & Pehlivan, O. (2021). Kapsayıcı eğitimin Türk eğitim sistemindeki yeri ve önemi. Studies in Educational Research and Development, 5(1), 48-71."
8711,1244350,20754812,36,,,2022,,unparsed,,"Nasrat, Qaisar. Cryonics: Tıp Hukukunda Tartışmalı Bir Konu. Tıp Hukuku Dergisi, 3/ 22 (2022): 399-410."
8716,1330834,23844867,8,Effects of Etymological Elaboration on the EFL Learners’ Comprehension and Retention of Idioms,Journal of Pan-Pacific Association of Applied Linguistics,2010,"Bagheri, M",apa,"Effects of Etymological Elaboration on the EFL Learners’ Comprehension and Retention of Idioms Bagheri, M Journal of Pan-Pacific Association of Applied Linguistics 2010","Bagheri, M. S., & Fazel, I. (2010). Effects of Etymological Elaboration on the EFL Learners’ Comprehension and Retention of Idioms. Journal of Pan-Pacific Association of Applied Linguistics, 14(1), 45-55."
8718,1339113,24163472,8,Cancer is a disorder or a survival mechanism: A review article,Res Rev J Med Health Sci,2017,"Mujahid M, Ghani F",vancouver,"Cancer is a disorder or a survival mechanism: A review article Mujahid M, Ghani F Res Rev J Med Health Sci 2017","Mujahid M, Ghani F. Cancer is a disorder or a survival mechanism: A review article. Res Rev J Med Health Sci 2017;6(2):1–7."
8726,1352751,24714261,22,Androgen influence on the meibomian gland,Invest Ophthalmol Vis Sci,2000,"Sullivan DA, Sullivan BD, Ullman MD, Rocha EM, Krenzer KL, Cermak JM",vancouver,"Androgen influence on the meibomian gland Sullivan DA, Sullivan BD, Ullman MD, Rocha EM, Krenzer KL, Cermak JM Invest Ophthalmol Vis Sci 2000","Sullivan DA, Sullivan BD, Ullman MD, Rocha EM, Krenzer KL, Cermak JM, et al. Androgen influence on the meibomian gland. Invest Ophthalmol Vis Sci. 2000;41(12):3732-42. [PubMed]"
8749,1224773,19492513,47,Yapısal kırılmaların varlığı durumunda geliştirilen birim-kök testleri. Gazi Üniversitesi İktisadi ve İdari Bilimler Fakültesi Dergisi,2(2,2000,"Yurdakul, F",apa,"Yapısal kırılmaların varlığı durumunda geliştirilen birim-kök testleri. Gazi Üniversitesi İktisadi ve İdari Bilimler Fakültesi Dergisi Yurdakul, F 2(2 2000","Yurdakul, F. (2000). Yapısal kırılmaların varlığı durumunda geliştirilen birim-kök testleri. Gazi Üniversitesi İktisadi ve İdari Bilimler Fakültesi Dergisi. 2(2), 21-34."
8783,1247806,20072311,18,,,2009,,unparsed,,"Onsekiz, D. and Sezer, O. (2009). Kumarlı semt parkında tasarım özelliklerinin değerlendirilmesi, itüdergisi/a mimarlık, planlama, tasarım, 8(2), 3-14."
8785,1201615,17949740,29,,,2017,,unparsed,,"Jha P, Saraf A, Rath D, Sharma D 2017. Green Synthesis and Antimicrobial Property of Gold Nanoparticles : a Review. World J. Pharm. Medical Res. 3(8), 431–435."
8790,1233334,19745044,26,"‘‘Influence of deficit irrigation and nitrogen fertilization on potato yield, water productivity and net profit’’",CIGR Journal,2020,"Elmetwalli, A",volume_pages,"‘‘Influence of deficit irrigation and nitrogen fertilization on potato yield, water productivity and net profit’’ Elmetwalli, A CIGR Journal 2020","Elmetwalli, A. H., Elnemr, M. K. 2020. ‘‘Influence of deficit irrigation and nitrogen fertilization on potato yield, water productivity and net profit’’. CIGR Journal, 22(3), 61-68."
8816,1262596,20618023,40,"Spectrophotometric determination of terbinafine HCl, telmisartan and ramipril through redox reactions using bromate-bromide mixture",International Journal of Pharmaceutical Chemical and Biological Sciences,2015,"Afaf, A.E., Hanaa, M.S., Magda, M.E., Basma, E.G",apa,"Spectrophotometric determination of terbinafine HCl, telmisartan and ramipril through redox reactions using bromate-bromide mixture Afaf, A.E., Hanaa, M.S., Magda, M.E., Basma, E.G International Journal of Pharmaceutical Chemical and Biological Sciences 2015","40. Afaf, A.E., Hanaa, M.S., Magda, M.E., Basma, E.G. (2015) Spectrophotometric determination of terbinafine HCl, telmisartan and ramipril through redox reactions using bromate-bromide mixture. International Journal of Pharmaceutical Chemical and Biological Sciences, 5(1), 328-346."
8831,1305486,22967970,1,Kastamonu ve yöresi ağızlarında mantar adları,Uluslararası Beşeri Bilimler ve Eğitim Dergisi,2018,"Acar, E",apa,"Kastamonu ve yöresi ağızlarında mantar adları Acar, E Uluslararası Beşeri Bilimler ve Eğitim Dergisi 2018","Acar, E. (2018). Kastamonu ve yöresi ağızlarında mantar adları. Uluslararası Beşeri Bilimler ve Eğitim Dergisi, 4(9), 177-228."
8846,1368099,26587334,16,,,2013,,unparsed,,"16. Canale ST, Beaty JH. Campbell’s Operative Orthopaedics. 11th ed. İstanbul: Güneş Tıp Kitabevleri; 2013:3193-3217."
8850,1238172,20388459,8,,,2009,,unparsed,,"[8] H. Gabrijelčič, R. Urbas, F. Sluga, “Influence of Fabric Constructional Parameters and Thread Colour on UV Radiation Protection”, Fibres &Textiles in Eastern Europe, Vol.17, No.1, 46-54, 2009."
8852,1375844,25643110,31,,,2014,,unparsed,,"Ferah, Nimet. “Bireysel Psikoloji ve Din”. Toplum Bilimleri Dergisi 8/15 (2014), 195-208."
8854,1375844,25643159,80,,,2011,,unparsed,,"Şimşir, Mehmet. “Hz. Peygamber ve Râşid Halifeler Döneminde Özel İz ve İşaret Olarak Kullanılan Parola ve Bayraklar”. İSTEM 17 (2011), 155-175."
8858,1319539,23352293,21,Investigation of Escherichia coli O157:H7 in childhood age group diarrhea,Van Med J,2007,"Ekşi F, Karslıgil T, Bayram A",vancouver,"Investigation of Escherichia coli O157:H7 in childhood age group diarrhea Ekşi F, Karslıgil T, Bayram A Van Med J 2007","21. Ekşi F, Karslıgil T, Bayram A. Investigation of Escherichia coli O157:H7 in childhood age group diarrhea. Van Med J 2007;14:15-8."
8886,1348682,24556741,39,A brief history of genre pedagogy in Australian curriculum and practice,Sprogforum,2016,"Jones, P",apa,"A brief history of genre pedagogy in Australian curriculum and practice Jones, P Sprogforum 2016","[39] Jones, P. ve Derewianka, B. (2016). A brief history of genre pedagogy in Australian curriculum and practice. Sprogforum, 63, 24-34."
8907,1349634,25188887,1,Türk müziğinde çokseslilik yaklaşımları,İnönü Üniversitesi Sanat ve Tasarım Dergisi,2011,"Albuz, A",apa,"Türk müziğinde çokseslilik yaklaşımları Albuz, A İnönü Üniversitesi Sanat ve Tasarım Dergisi 2011","Albuz, A. (2011). Türk müziğinde çokseslilik yaklaşımları. İnönü Üniversitesi Sanat ve Tasarım Dergisi, 1(1), 51- 66."
8909,1207469,18220105,57,,,1994,,unparsed,,"Toprak, Zafer. 1994. “Türkiye’de Siyaset ve Kadın: Kadınlar Halk Fırkası’ndan (Arşıulusal Kadınlar Birliği Kongresine (1923-1935)”. Kadın Araştırmaları Dergisi. 2: 5-12."
8915,1371509,25486457,35,Türk Basınında Yeni Türk Devletinin İsmi Hakkında Yaşanan Tartışmalar (Eylül-Ekim 1923),Tarih Dergisi,2013,"Sancaktar, F",apa,"Türk Basınında Yeni Türk Devletinin İsmi Hakkında Yaşanan Tartışmalar (Eylül-Ekim 1923) Sancaktar, F Tarih Dergisi 2013","Sancaktar, F. M. (2013). Türk Basınında Yeni Türk Devletinin İsmi Hakkında Yaşanan Tartışmalar (Eylül-Ekim 1923). Tarih Dergisi, 0(56), 129-145."
8916,1231967,19531382,1,Takım liderinin çalışanların motivasyonu üzerindeki etkisi: Çağrı merkezi incelemesi,Akademik Bakış Dergisi,2012,"Aksu, A",apa,"Takım liderinin çalışanların motivasyonu üzerindeki etkisi: Çağrı merkezi incelemesi Aksu, A Akademik Bakış Dergisi 2012","Aksu, A. G. G. (2012). Takım liderinin çalışanların motivasyonu üzerindeki etkisi: Çağrı merkezi incelemesi. Akademik Bakış Dergisi, 32, 1-21."
8924,1343314,24341977,2,,,2014,,unparsed,,"(2) Aslan, Zeynep - Güneren, Ebru ve Çoban, Gamze (2014), “Destinasyon Markalaşma Sürecinde Yöresel Mutfağın Rolü: Nevşehir Örneği”, Journal of Tourism and Gastronomy Studies, 2/4, 3-13."
8925,1343314,24342009,34,,,2012,,unparsed,,"(34) Sağır, Adem (2012), “Bir Yemek Sosyolojisi Denemesi Örneği Olarak Tokat Mutfağı”, International Periodical for the Languages, Literature and History of Turkish, 7/4, 2675-2695."
8932,1295949,22170982,59,Kalkınmada Kadın Girişimciliği ve Kapsayıcılık,"Uluslararası Sosyal ve Ekonomik Çalışmalar Dergisi, Cilt 4, Sayı 1",2023,"Tunç, M",apa,"Kalkınmada Kadın Girişimciliği ve Kapsayıcılık Tunç, M Uluslararası Sosyal ve Ekonomik Çalışmalar Dergisi, Cilt 4, Sayı 1 2023","Tunç, M. (2023). Kalkınmada Kadın Girişimciliği ve Kapsayıcılık. Uluslararası Sosyal ve Ekonomik Çalışmalar Dergisi, Cilt 4, Sayı 1, 96-110."
8938,1320373,23392129,2,Din Kültürü ve Ahlak Bilgisi derslerinde kavram haritalarının kullanımı,Değerler Eğitimi Dergisi,2003,"Akyürek, S",apa,"Din Kültürü ve Ahlak Bilgisi derslerinde kavram haritalarının kullanımı Akyürek, S Değerler Eğitimi Dergisi 2003","Akyürek, S. (2003). Din Kültürü ve Ahlak Bilgisi derslerinde kavram haritalarının kullanımı. Değerler Eğitimi Dergisi, 1(3), 65-86."
8942,1339395,25008338,11,Recovery of cervical vestibular evoked myogenic potentials after repositioning maneuver in benign paroxysmal positional vertigo,J Audiol Otol,2021,"Park JS, Kim MB, Lee JD",vancouver,"Recovery of cervical vestibular evoked myogenic potentials after repositioning maneuver in benign paroxysmal positional vertigo Park JS, Kim MB, Lee JD J Audiol Otol 2021","11. Park JS, Kim MB, Lee JD. Recovery of cervical vestibular evoked myogenic potentials after repositioning maneuver in benign paroxysmal positional vertigo. J Audiol Otol. 2021;25(1):6–11."
8961,1182013,17124597,9,,,,,unparsed,,"DÜSTUR, “Aşiret Süvari Alayları Hakkında Nizamnâme”, Tertip 2, C. 4, 372-397."
8978,1371644,25491563,4,Israrlı takip suçu ve koruma tedbirleri,Ceza Hukuku Dergisi,2022,"Akıncı, M",apa,"Israrlı takip suçu ve koruma tedbirleri Akıncı, M Ceza Hukuku Dergisi 2022","Akıncı, M. (2022). Israrlı takip suçu ve koruma tedbirleri. Ceza Hukuku Dergisi, 17(1), 211–214."
8996,1163490,16552803,48,,,1910,,unparsed,,"Örhan Tahsin. (1910). Ispirtizma, Manyetizma, Ispirtizm. Darüşşafaka, 1(11), 497-504."
9010,1379978,25761632,18,"The effect of environmental awareness, knowledge level, price perception, battery charging power on electric vehicle purchasing intention: A quantitative research","Ekonomi, İşletme ve Bilişim Dergisi",2024,"Bozkurt, M",apa,"The effect of environmental awareness, knowledge level, price perception, battery charging power on electric vehicle purchasing intention: A quantitative research Bozkurt, M Ekonomi, İşletme ve Bilişim Dergisi 2024","Bozkurt, M. E. (2024). The effect of environmental awareness, knowledge level, price perception, battery charging power on electric vehicle purchasing intention: A quantitative research. Ekonomi, İşletme ve Bilişim Dergisi, 1(1), 21-43."
9018,1202905,18007705,5,İletişim becerisinin gelişimi için etkili bir araç: Matematiksel modelleme etkinlikleri,MATDER Matematik Eğitimi Dergisi,2011,"Doruk, B",apa,"İletişim becerisinin gelişimi için etkili bir araç: Matematiksel modelleme etkinlikleri Doruk, B MATDER Matematik Eğitimi Dergisi 2011","Doruk, B. K. (2011). İletişim becerisinin gelişimi için etkili bir araç: Matematiksel modelleme etkinlikleri. MATDER Matematik Eğitimi Dergisi, 1(1), 1-12."
9038,1385180,25946494,35,Status Quo of Quality Roughage Resources in Türkiye,Turkish Journal of Scientific Compilations,2016,"Özkan, U., & Şahin Demirbağ, N",apa,"Status Quo of Quality Roughage Resources in Türkiye Özkan, U., & Şahin Demirbağ, N Turkish Journal of Scientific Compilations 2016","Özkan, U., & Şahin Demirbağ, N. (2016). Status Quo of Quality Roughage Resources in Türkiye. Turkish Journal of Scientific Compilations, 9(1): 23-27."
9062,1227362,19099208,15,,,2005,,unparsed,,"Croushore, D. (2005). Tüketici güven endeksleri tüketici harcamalarının gerçek zamanlı olarak tahmin edilmesine yardımcı oluyor mu? Kuzey Amerika Ekonomi ve Finans Dergisi , 16(3), 435-450."
9064,1302402,23396167,1,,,2006,,unparsed,,"Alexiou K, Kappert U, Knaut M, Matschke K, Tugtekin SM. Entrapped coronary catheter remnants and stents: Must they be surgically removed? Tex Heart Inst J 2006;33:139-42."
9066,1173651,16597436,14,Long-term outcome at adjacent levels of lumbar arthrodesis,Rev Chir Orthop Reparatrice Appar Mot,1997,"Guigui P, Lambert P, Lassale B, Deburge A",vancouver,"Long-term outcome at adjacent levels of lumbar arthrodesis Guigui P, Lambert P, Lassale B, Deburge A Rev Chir Orthop Reparatrice Appar Mot 1997","14. Guigui P, Lambert P, Lassale B, Deburge A. Long-term outcome at adjacent levels of lumbar arthrodesis. Rev Chir Orthop Reparatrice Appar Mot. 1997;83:685-96."
9089,1241831,19748135,2,Development and validation of the e-health literacy scale and investigation of the relationships between e-health literacy and healthy behavior among undergraduate students in Taiwan,"Formosa J Ment Health, 28: 3",2015,"Chiang, C., Yang, S., & Hsu, W",apa,"Development and validation of the e-health literacy scale and investigation of the relationships between e-health literacy and healthy behavior among undergraduate students in Taiwan Chiang, C., Yang, S., & Hsu, W Formosa J Ment Health, 28: 3 2015","Chiang, C., Yang, S., & Hsu, W. (2015). Development and validation of the e-health literacy scale and investigation of the relationships between e-health literacy and healthy behavior among undergraduate students in Taiwan. Formosa J Ment Health, 28: 3, 389–420."
9097,1306172,23600134,7,Organizational research: Determining appropriate sample size for survey research,ITLPJ,2001,"Bartlett JE, Kotrlik JW, Higgins C",vancouver,"Organizational research: Determining appropriate sample size for survey research Bartlett JE, Kotrlik JW, Higgins C ITLPJ 2001","7. Bartlett JE, Kotrlik JW, Higgins C. Organizational research: Determining appropriate sample size for survey research. ITLPJ 2001; 19: 43-50."
9099,1227776,19439048,10,Problems related to asymmetric information in the health services market and proposed solutions,Hacettepe Journal of Health Administration,2009,"Bilgili, E., & Ecevit, E",apa,"Problems related to asymmetric information in the health services market and proposed solutions Bilgili, E., & Ecevit, E Hacettepe Journal of Health Administration 2009","Bilgili, E., & Ecevit, E. (2009). Problems related to asymmetric information in the health services market and proposed solutions. Hacettepe Journal of Health Administration, 11(2), 201-228."
9111,1332489,24688982,8,"The impact of hospital brand image on service quality, patient satisfaction and loyalty",Afr J Bus Manage,2011,Wu C-C,vancouver,"The impact of hospital brand image on service quality, patient satisfaction and loyalty Wu C-C Afr J Bus Manage 2011","8. Wu C-C. The impact of hospital brand image on service quality, patient satisfaction and loyalty. Afr J Bus Manage. 2011;5:4873-82."
9120,1359303,25007527,5,Türkiye’de değişen bölgesel kalkınma politikaları,Karadeniz Sosyal Bilimler Dergisi,2013,"Akpınar, R",apa,"Türkiye’de değişen bölgesel kalkınma politikaları Akpınar, R Karadeniz Sosyal Bilimler Dergisi 2013","Akpınar, R. (2013). Türkiye’de değişen bölgesel kalkınma politikaları. Karadeniz Sosyal Bilimler Dergisi, 4(6), 29-46."
9121,1359303,25007570,48,Kent Kültürünün Kentsel Girişimciliğe Etkileri,Econharran,2024,"Karaman, U., & Karasu, M",apa,"Kent Kültürünün Kentsel Girişimciliğe Etkileri Karaman, U., & Karasu, M Econharran 2024","Karaman, U., & Karasu, M. A. (2024). Kent Kültürünün Kentsel Girişimciliğe Etkileri. Econharran, 8(13), 21-32."
9127,1264941,20844659,76,İş yerinde tekno-stres merkezi: Müşteri ve bankacılık sektöründe bir araştırma,Çalışma İlişkileri Dergisi,2015,"Türen, U., Erdem, H",apa,"İş yerinde tekno-stres merkezi: Müşteri ve bankacılık sektöründe bir araştırma Türen, U., Erdem, H Çalışma İlişkileri Dergisi 2015","Türen, U., Erdem, H. & Kalkin, G. (2015). İş yerinde tekno-stres merkezi: Müşteri ve bankacılık sektöründe bir araştırma. Çalışma İlişkileri Dergisi, 6 (1), 1-19."
9158,1182760,17108019,52,Endüstri 4.0 teknolojilerinin turizm sektörüne yansımaları: Literatür incelemesi,Journal of Tourism Intelligence and Smartness,2021,"Okatan, D",apa,"Endüstri 4.0 teknolojilerinin turizm sektörüne yansımaları: Literatür incelemesi Okatan, D Journal of Tourism Intelligence and Smartness 2021","Okatan, D. & Yıldırım, Y. (2021). Endüstri 4.0 teknolojilerinin turizm sektörüne yansımaları: Literatür incelemesi. Journal of Tourism Intelligence and Smartness, 4(2), 168-185."
9159,1182760,17108032,65,Metin madenciliği yöntemleri ile online yorumların kümelenmesi: Bakü otelleri örneği,Selçuk Turizm ve Bilişim Araştırmaları Dergisi,2019,"Tengilimoğlu, E., Öztürk, Y",apa,"Metin madenciliği yöntemleri ile online yorumların kümelenmesi: Bakü otelleri örneği Tengilimoğlu, E., Öztürk, Y Selçuk Turizm ve Bilişim Araştırmaları Dergisi 2019","Tengilimoğlu, E., Öztürk, Y. (2019). Metin madenciliği yöntemleri ile online yorumların kümelenmesi: Bakü otelleri örneği. Selçuk Turizm ve Bilişim Araştırmaları Dergisi, 1(1), 1-8."
9169,1231948,19358746,55,,,1934,,unparsed,,"Köymen, N. K. (Kasım, 1934). İradecilik ve köycülük. Ülkü. 21(4), 236-237."
9180,1209792,18420506,10,,,1992,,unparsed,,"CANPOLAT Mustafa (1992), “Eski Anadolu Türkçesindeki Belirtme Durumu (Accusativus) Ekinin Kökeni Üzerine”. Türkoloji Dergisi, 10: 9-13."
9181,1209792,18420508,12,“Çok İşlevlilik Açısından Türkçe Edatların Söz Dizimsel ve Anlam Bilimsel Yapısı”,Dil Araştırmaları,2014,"DOĞAN, Nuh",apa,"“Çok İşlevlilik Açısından Türkçe Edatların Söz Dizimsel ve Anlam Bilimsel Yapısı” DOĞAN, Nuh Dil Araştırmaları 2014","DOĞAN, Nuh (2014). “Çok İşlevlilik Açısından Türkçe Edatların Söz Dizimsel ve Anlam Bilimsel Yapısı”. Dil Araştırmaları, 15: 105-119."
9194,1283626,21621945,14,"In vitro antileishmanial activity of extracts of Warburgia ugandensis (Canellaceae), a Kenyan medicinal plant",Journal of Medicinal Plants Research,2009,"Ngure, P.K., Tonui, W.K., Ingonga, J., Mutai, C., Kigondu, E., Ng’ang’a, Z., Rukunga, G., & Kimutai, A",apa,"In vitro antileishmanial activity of extracts of Warburgia ugandensis (Canellaceae), a Kenyan medicinal plant Ngure, P.K., Tonui, W.K., Ingonga, J., Mutai, C., Kigondu, E., Ng’ang’a, Z., Rukunga, G., & Kimutai, A Journal of Medicinal Plants Research 2009","Ngure, P.K., Tonui, W.K., Ingonga, J., Mutai, C., Kigondu, E., Ng’ang’a, Z., Rukunga, G., & Kimutai, A. (2009). In vitro antileishmanial activity of extracts of Warburgia ugandensis (Canellaceae), a Kenyan medicinal plant. Journal of Medicinal Plants Research, 3(2), 061–066."
9206,1275527,21191726,11,Conducting a Market Opportunity Analysis for Air Cargo Operations,Transportation Journal,2003,"Golicic, S",apa,"Conducting a Market Opportunity Analysis for Air Cargo Operations Golicic, S Transportation Journal 2003","Golicic, S. L., Teresa, M. M. and Mentzer, J. T. (2003). Conducting a Market Opportunity Analysis for Air Cargo Operations. Transportation Journal, 42(4), 5–15."
9218,1247529,20048394,21,Agent-based modelling on a national scale–experiences from SWISSland,Agroscope Science,2016,"Möhring A., Mack G., Zimmermann A., Ferjani A., Schmidt A., Mann S",loose_year,"Agent-based modelling on a national scale–experiences from SWISSland Möhring A., Mack G., Zimmermann A., Ferjani A., Schmidt A., Mann S Agroscope Science 2016","Möhring A., Mack G., Zimmermann A., Ferjani A., Schmidt A., Mann S., 2016. Agent-based modelling on a national scale–experiences from SWISSland. Agroscope Science, 30: 1-56."
9225,1354408,24780948,31,Minibüs işletmeciliğinde teknoloji kullanımı ve hizmet kalitesi,Teknoloji ve Ulaşım Dergisi,2023,"Yılmaz, T., & Karataş, M",apa,"Minibüs işletmeciliğinde teknoloji kullanımı ve hizmet kalitesi Yılmaz, T., & Karataş, M Teknoloji ve Ulaşım Dergisi 2023","Yılmaz, T., & Karataş, M. (2023). Minibüs işletmeciliğinde teknoloji kullanımı ve hizmet kalitesi. Teknoloji ve Ulaşım Dergisi, 15(2), 189–205."
9235,1346823,24478826,43,18. yüzyılın ikinci yarısında Osmanlı saray ehl-i hıref (sanatkarlar) teşkilatı. Rektör Prof. Dr,"Hasan Gürbüz’e Armağan, Süleyman Demirel Üniversitesi İlâhiyat Fakültesi Dergisi",1996,"Yaman, B",apa,"18. yüzyılın ikinci yarısında Osmanlı saray ehl-i hıref (sanatkarlar) teşkilatı. Rektör Prof. Dr Yaman, B Hasan Gürbüz’e Armağan, Süleyman Demirel Üniversitesi İlâhiyat Fakültesi Dergisi 1996","Yaman, B. (1996). 18. yüzyılın ikinci yarısında Osmanlı saray ehl-i hıref (sanatkarlar) teşkilatı. Rektör Prof. Dr. Hasan Gürbüz’e Armağan, Süleyman Demirel Üniversitesi İlâhiyat Fakültesi Dergisi, 3, 273-292."
9247,1305847,22602368,15,,,2014,,unparsed,,"Ghanem. S., & Olama, Z. (2014). Antimicrobial potential of Lebanese cedar extract against human pathogens and food spoilage microorganisms. EJBPSP 1:13-26."
9254,1224232,18930537,16,İrademiz Özgür Değil: Metafizik Bir Problem Olarak Özgür İrade,MetaZihin: Yapay Zeka ve Zihin Felsefesi Dergisi,2020,"Onur, F",apa,"İrademiz Özgür Değil: Metafizik Bir Problem Olarak Özgür İrade Onur, F MetaZihin: Yapay Zeka ve Zihin Felsefesi Dergisi 2020","Onur, F. (2020). İrademiz Özgür Değil: Metafizik Bir Problem Olarak Özgür İrade. MetaZihin: Yapay Zeka ve Zihin Felsefesi Dergisi, 3(1), 13-40."
9281,1338379,24978065,18,,,1996,,unparsed,,"Manning, C. 1996. Ergativity: Argument Structure and Grammatical Relations. Stanford: CSLI. Meral, S. B. ve H. M. Meral 2018. “On Single Argument Verbs in Turkish”, Bilig, 86, 115-136."
9361,1180760,16904872,45,,,2013,,unparsed,,"Yağmurlu, Aslı. 2013. “Diyalojik İletişim Çerçevesinden Ankara Büyükşehir Belediyesi Sosyal Medya Uygulamaları.” Selçuk İletişim Dergisi 8(1): 95- 115."
9363,1261247,20560992,8,An effect of mathematical intervention strategies for dyscalculia students,Journal of Language and Linguistic Studies,2021,"Devisri, K., & Tharani, S",apa,"An effect of mathematical intervention strategies for dyscalculia students Devisri, K., & Tharani, S Journal of Language and Linguistic Studies 2021","Devisri, K., & Tharani, S. (2021). An effect of mathematical intervention strategies for dyscalculia students. Journal of Language and Linguistic Studies, 17(4), 3496-3500."
9368,1229574,19554367,23,,,2009,,unparsed,,"Şimşek, N. ve Sadat, S. A. (2009). “ECO Pazarında Türkiye: 1997-2005 Dönemi Rekabet Gücü Analizi”, Sosyo Ekonomi, 2, 135-158."
9386,1211670,18462304,40,Aşkınlık ve Yaşam: Nietzsche ve ‘Tanrının Ölümü,Üzerine,2013,"Roney, Patrick",quoted,"Aşkınlık ve Yaşam: Nietzsche ve ‘Tanrının Ölümü Roney, Patrick Üzerine 2013","Roney, Patrick. “Aşkınlık ve Yaşam: Nietzsche ve ‘Tanrının Ölümü’ Üzerine”. çev. Elis Şimşon. Kaygı 20 (2013), 305-322."
9410,1179846,16860188,37,Öğretmen adaylarının günümüz dünya sorunlarına yönelik tutumlarının bazı değişkenler açısından incelenmesi,Ondokuz Mayıs Üniversitesi Eğitim Fakültesi Dergisi,2021,"Yıldız, E., Akdağ, S., & Ünlü, Y",apa,"Öğretmen adaylarının günümüz dünya sorunlarına yönelik tutumlarının bazı değişkenler açısından incelenmesi Yıldız, E., Akdağ, S., & Ünlü, Y Ondokuz Mayıs Üniversitesi Eğitim Fakültesi Dergisi 2021","Yıldız, E., Akdağ, S., & Ünlü, Y. (2021). Öğretmen adaylarının günümüz dünya sorunlarına yönelik tutumlarının bazı değişkenler açısından incelenmesi. Ondokuz Mayıs Üniversitesi Eğitim Fakültesi Dergisi, 40(1), 497–517."
9416,1281894,21527203,92,,,1996,,unparsed,,"93. Linz GM, Blixt DC, Bergman DL, Bleier WJ: Responses of red-winged blackbirds, yellow-headed blackbirds and marsh wrens to glyphosateinduced alterations in cattail density (Respuesta de Agelaius phoeniceus, Xanthocephalus xanthocephalus y Cistothorus palustris a Alteración en la Densidad de Eneas Tratadas con Yerbicidas. J Field Ornithol, 67 (1): 167- 176, 1996."
9426,1282955,21581038,17,Türk mutfak kültürü ve yeme içme alışkanlıkları,Dumlupınar Üniversitesi Sosyal Bilimler Dergisi,2010,"Güler, S",apa,"Türk mutfak kültürü ve yeme içme alışkanlıkları Güler, S Dumlupınar Üniversitesi Sosyal Bilimler Dergisi 2010","Güler, S. (2010). Türk mutfak kültürü ve yeme içme alışkanlıkları. Dumlupınar Üniversitesi Sosyal Bilimler Dergisi, 26, 24-30."
9438,1183721,17158861,6,Influence of sucrose solution concentration and temperature on mass exchange during osmotic dehydration of eggplant (Solanum melongena L.) cubes,International Food Research Journal,2015,"Ganjloo, A",loose_year,"Influence of sucrose solution concentration and temperature on mass exchange during osmotic dehydration of eggplant (Solanum melongena L.) cubes Ganjloo, A International Food Research Journal 2015","Ganjloo, A. and Bimakr, M. 2015. Influence of sucrose solution concentration and temperature on mass exchange during osmotic dehydration of eggplant (Solanum melongena L.) cubes. International Food Research Journal, 22(2): 807-811."
9462,1278068,21302635,18,Suriyeli Sığınmacıların Sosyo-Ekonomik ve Kültürel Uyum Düzeylerinin Karşılaştırılması: Kilis ve Batman Örneği,Anemon Muş Alparslan Üniversitesi Sosyal Bilimler Dergisi,2020,"Bimay, M",apa,"Suriyeli Sığınmacıların Sosyo-Ekonomik ve Kültürel Uyum Düzeylerinin Karşılaştırılması: Kilis ve Batman Örneği Bimay, M Anemon Muş Alparslan Üniversitesi Sosyal Bilimler Dergisi 2020","Bimay, M. (2020b). Suriyeli Sığınmacıların Sosyo-Ekonomik ve Kültürel Uyum Düzeylerinin Karşılaştırılması: Kilis ve Batman Örneği. Anemon Muş Alparslan Üniversitesi Sosyal Bilimler Dergisi, 8 (6), 1931-1943."
9515,1303633,22520539,16,,,2006,,unparsed,,"16. Sircar D, Ghosh B, Ghosh A, Haldar S. Juvenile idiopathic arthritis. Indian Pediatr 2006;43:429-33."
9525,1321281,23441794,20,Remote sensing for water quality monitoring in Lake Victoria,"African Journal of Science, Technology, Innovation and Development",2013,"Ndungu, L",apa,"Remote sensing for water quality monitoring in Lake Victoria Ndungu, L African Journal of Science, Technology, Innovation and Development 2013","Ndungu, L. W., Ndiritu, G. G., & Mutua, B. M. (2013). Remote sensing for water quality monitoring in Lake Victoria. African Journal of Science, Technology, Innovation and Development, 5(5), 399–409."
9526,1206584,18160284,87,İlköğretim 6. sınıf öğrencilerinin dinleme becerisi farkındalıklarının sosyo-ekonomik düzeye göre incelenmesi,Çankırı Karatekin Üniversitesi Sosyal Bilimler Enstitüsü Dergisi,2011,"Şahin, A",apa,"İlköğretim 6. sınıf öğrencilerinin dinleme becerisi farkındalıklarının sosyo-ekonomik düzeye göre incelenmesi Şahin, A Çankırı Karatekin Üniversitesi Sosyal Bilimler Enstitüsü Dergisi 2011","Şahin, A. (2011). İlköğretim 6. sınıf öğrencilerinin dinleme becerisi farkındalıklarının sosyo-ekonomik düzeye göre incelenmesi. Çankırı Karatekin Üniversitesi Sosyal Bilimler Enstitüsü Dergisi, 2(1), 178-188."
9554,1167365,16828833,41,,,2018,,unparsed,,"Tuncel, O. (2018). Futbolda dayanıklılık performansı. Iğdır Üniversitesi Spor Bilimleri Dergisi, 1(1): 16-23."
9557,1228640,19171730,31,In vitro anti-mycotic activity of some medicinal plants containing flavonoids,Boll Chim Farm,2000,"Trovato A, Monforte MT, Forestieri AM, Pizzimenti F",vancouver,"In vitro anti-mycotic activity of some medicinal plants containing flavonoids Trovato A, Monforte MT, Forestieri AM, Pizzimenti F Boll Chim Farm 2000","31. Trovato A, Monforte MT, Forestieri AM, Pizzimenti F. In vitro anti-mycotic activity of some medicinal plants containing flavonoids. Boll Chim Farm, 2000; 139(5): 225-7."
9560,1375615,25634730,41,,,1999,,unparsed,,"Köksal, İsmail. “Fıkıh ve Tasavvuf İlişkisi”. Tasavvuf İlmî ve Akademik Araştırma Dergisi 1/2 (1999), 83-104."
9581,1287314,21921216,43,Adoption and Evaluation of Mobile Commerce in Chile,The Electronic Journal Information Systems Evaluation,2009,"Kini, R",apa,"Adoption and Evaluation of Mobile Commerce in Chile Kini, R The Electronic Journal Information Systems Evaluation 2009","Kini, R. B. (2009). Adoption and Evaluation of Mobile Commerce in Chile. The Electronic Journal Information Systems Evaluation, 12(1), 75–88."
9595,1276403,21231775,11,Late Quaternary vegetation history of northern Turkey,Palaeohistoria,1993,"Bottema, S., Woldring, H., Aytuğ, B",apa,"Late Quaternary vegetation history of northern Turkey Bottema, S., Woldring, H., Aytuğ, B Palaeohistoria 1993","Bottema, S., Woldring, H., Aytuğ, B. (1993). Late Quaternary vegetation history of northern Turkey. Palaeohistoria, 35 (36), 12–72."
9608,1321842,23463019,40,Sorgulamaya dayalı öğretime yönelik inanç ölçeği: Geçerlik ve güvenirlik çalışması,Batı Anadolu Eğitim Bilimleri Dergisi (BAED,2016,"Kocagül Sağlam, M",apa,"Sorgulamaya dayalı öğretime yönelik inanç ölçeği: Geçerlik ve güvenirlik çalışması Kocagül Sağlam, M Batı Anadolu Eğitim Bilimleri Dergisi (BAED 2016","Kocagül Sağlam, M. ve Şahin, M. (2016). Sorgulamaya dayalı öğretime yönelik inanç ölçeği: Geçerlik ve güvenirlik çalışması. Batı Anadolu Eğitim Bilimleri Dergisi (BAED), 7(14), 1-20."
9609,1321842,23463044,65,Fen eğitiminde araştırmaya dayalı öğrenme yaklaşımının akademik başarıya etkisi,Hacettepe Üniversitesi Eğitim Fakültesi Dergisi,2006,"Tatar, N",apa,"Fen eğitiminde araştırmaya dayalı öğrenme yaklaşımının akademik başarıya etkisi Tatar, N Hacettepe Üniversitesi Eğitim Fakültesi Dergisi 2006","Tatar, N. ve Kuru, M. (2006). Fen eğitiminde araştırmaya dayalı öğrenme yaklaşımının akademik başarıya etkisi. Hacettepe Üniversitesi Eğitim Fakültesi Dergisi, 31(31), 147-158."
9619,1212733,19437409,30,,,2002,,unparsed,,"Yılmaz, B. (2002). The Role of Trade Strategies for Economic Development, Russian and East European Finance and Trade, 38(2), 59 – 78."
9639,1262095,21662740,18,The relatıonshıp of the enneagram personalıty types and the early maladaptıve schemas to dependent personalıty dısorder,Journal of Positive School Psychology,2022,"FIROOZAN, T., KHOSROPOUR, F",apa,"The relatıonshıp of the enneagram personalıty types and the early maladaptıve schemas to dependent personalıty dısorder FIROOZAN, T., KHOSROPOUR, F Journal of Positive School Psychology 2022","FIROOZAN, T., KHOSROPOUR, F. & ANARI, A.M.Z. (2022). The relatıonshıp of the enneagram personalıty types and the early maladaptıve schemas to dependent personalıty dısorder. Journal of Positive School Psychology, 6(7), 159-166."
9647,1156126,16206145,51,Türkiye’de devletçilik politikasının gelişimi üzerine,Karınca Dergisi,2000,"Yayman, H",apa,"Türkiye’de devletçilik politikasının gelişimi üzerine Yayman, H Karınca Dergisi 2000","Yayman, H. (2000). Türkiye’de devletçilik politikasının gelişimi üzerine. Karınca Dergisi, 65(757), 35-41."
9658,1331640,23884076,60,"Descriptive study of lampbrush chromosomes in the genus Pleurodeles (Amphibian, Urodele)",Ann Embr Morph,1968,"Lacroix, J.C",apa,"Descriptive study of lampbrush chromosomes in the genus Pleurodeles (Amphibian, Urodele) Lacroix, J.C Ann Embr Morph 1968","Lacroix, J.C. (1968). Descriptive study of lampbrush chromosomes in the genus Pleurodeles (Amphibian, Urodele). Ann Embr Morph, 1, 179- 202."
9664,1275313,21184082,8,"Kimim ben? Göçmen, sığınmacı, mülteci, yabancı, vatansız ve geçici koruma: Türkiye’deki Suriyeliler",Antakiyat,2021,"Fansa, M",apa,"Kimim ben? Göçmen, sığınmacı, mülteci, yabancı, vatansız ve geçici koruma: Türkiye’deki Suriyeliler Fansa, M Antakiyat 2021","Fansa, M. (2021). Kimim ben? Göçmen, sığınmacı, mülteci, yabancı, vatansız ve geçici koruma: Türkiye’deki Suriyeliler. Antakiyat, 4(2), 289-306."
9665,1275313,21184127,53,"Türkiye’deki Suriyeli öğrencilerin okula uyumlarına yönelik öğretmen, okul yöneticileri ve öğrencilerin görüşleri",Ondokuz Mayıs Üniversitesi Eğitim Fakültesi Dergisi,2021,"Yiğit, A., Şanlı, E",apa,"Türkiye’deki Suriyeli öğrencilerin okula uyumlarına yönelik öğretmen, okul yöneticileri ve öğrencilerin görüşleri Yiğit, A., Şanlı, E Ondokuz Mayıs Üniversitesi Eğitim Fakültesi Dergisi 2021","Yiğit, A., Şanlı, E. ve Gökalp, M. (2021). Türkiye’deki Suriyeli öğrencilerin okula uyumlarına yönelik öğretmen, okul yöneticileri ve öğrencilerin görüşleri. Ondokuz Mayıs Üniversitesi Eğitim Fakültesi Dergisi, 40(1), 471-496."
9674,1155923,15795045,43,Gastronomi ve aşçılık programlarında gıda güvenliği donanım altyapısının değerlendirilmesi,Uluslararası Alanya İşletme Fakültesi Dergisi,2015,"Sevim, B., Görkem, O",apa,"Gastronomi ve aşçılık programlarında gıda güvenliği donanım altyapısının değerlendirilmesi Sevim, B., Görkem, O Uluslararası Alanya İşletme Fakültesi Dergisi 2015","Sevim, B., Görkem, O. (2015). Gastronomi ve aşçılık programlarında gıda güvenliği donanım altyapısının değerlendirilmesi. Uluslararası Alanya İşletme Fakültesi Dergisi, 7(1), 59-67."
9684,1307282,23631008,3,,,1912,,unparsed,,"Ahmet Hikmet. (1912, Mayıs, 2). “Türk Dili ve Edebiyatı Hakkında Mütalaalar”. Türk Yurdu, C. 1, S. 12, 345-351."
9685,1307282,23631014,9,,,1909,,unparsed,,"Celal Sahir. (1909, Mart, 4). “Kaht-ı Edebi”. Servet-i Fünûn, C. 36, S. 927, 263-266."
9704,1305489,22589324,26,İşgörenlerin Paternalist Liderlik Algılarının Duygusal Emek Düzeyleri Üzerine Etkisi: İstanbul'daki Yiyecek İçecek İşletmeleri Üzerine Bir Araştırma,Sosyal Bilimler Metinleri,2017,"Cinnioğlu, H",apa,"İşgörenlerin Paternalist Liderlik Algılarının Duygusal Emek Düzeyleri Üzerine Etkisi: İstanbul'daki Yiyecek İçecek İşletmeleri Üzerine Bir Araştırma Cinnioğlu, H Sosyal Bilimler Metinleri 2017","Cinnioğlu, H. & Salha, H. (2017). İşgörenlerin Paternalist Liderlik Algılarının Duygusal Emek Düzeyleri Üzerine Etkisi: İstanbul'daki Yiyecek İçecek İşletmeleri Üzerine Bir Araştırma. Sosyal Bilimler Metinleri, 2017(2), 68-77."
9705,1305489,22589369,71,Hekimlerin duygusal emek kullanımı ile iş doyumu ve tükenmişlik düzeyleri arasındaki ilişkiler üzerine bir araştırma,Süleyman Demirel Üniversitesi İktisadi ve İdari Bilimler Fakültesi Dergisi,2011,"Oral, A",apa,"Hekimlerin duygusal emek kullanımı ile iş doyumu ve tükenmişlik düzeyleri arasındaki ilişkiler üzerine bir araştırma Oral, A Süleyman Demirel Üniversitesi İktisadi ve İdari Bilimler Fakültesi Dergisi 2011","Oral, A. G. L. & Köse, S. (2011). Hekimlerin duygusal emek kullanımı ile iş doyumu ve tükenmişlik düzeyleri arasındaki ilişkiler üzerine bir araştırma. Süleyman Demirel Üniversitesi İktisadi ve İdari Bilimler Fakültesi Dergisi, 16(2), 463-492."
9723,1249569,20869925,6,Akut romatizmal ateş ̧ insidansı ve romatizmal kalp hastalıkları prevelansı,Türk Kardiyol Dern Arş,1978,"Saraçlar M, Ertuğrul A, Özme S",vancouver,"Akut romatizmal ateş ̧ insidansı ve romatizmal kalp hastalıkları prevelansı Saraçlar M, Ertuğrul A, Özme S Türk Kardiyol Dern Arş 1978","6. Saraçlar M, Ertuğrul A, Özme S. Akut romatizmal ateş ̧ insidansı ve romatizmal kalp hastalıkları prevelansı. Türk Kardiyol Dern Arş. 1978;7:50-54."
9724,1249569,20869935,16,Akut romatizmal ateş tanısı konulan hastaların klinik özellikleri ve ekokardiyografik bulguları,Selçuk Tıp Derg,2015,"Yılmaz İ, Güvenç O, Yılmaz FH, Çimen D, Arslan D, Oran B",vancouver,"Akut romatizmal ateş tanısı konulan hastaların klinik özellikleri ve ekokardiyografik bulguları Yılmaz İ, Güvenç O, Yılmaz FH, Çimen D, Arslan D, Oran B Selçuk Tıp Derg 2015","16.Yılmaz İ, Güvenç O, Yılmaz FH, Çimen D, Arslan D, Oran B. Akut romatizmal ateş tanısı konulan hastaların klinik özellikleri ve ekokardiyografik bulguları. Selçuk Tıp Derg. 2015;31(2):73-76."
9760,1199498,17848704,35,Treating the love-sick patient,The Israel Journal of Psychiatry and Related Sciences,1995,"Moss, E",apa,"Treating the love-sick patient Moss, E The Israel Journal of Psychiatry and Related Sciences 1995","Moss, E. (1995). Treating the love-sick patient. The Israel Journal of Psychiatry and Related Sciences, 32(3), 167-173."
9763,1340985,24235519,21,Lotka Yasası ve Türkiye,de Kütüphane ve Bilgi Bilimi Literatürü,2002,"Yılmaz, Murat",quoted,"Lotka Yasası ve Türkiye Yılmaz, Murat de Kütüphane ve Bilgi Bilimi Literatürü 2002","Yılmaz, Murat. “Lotka Yasası ve Türkiye’de Kütüphane ve Bilgi Bilimi Literatürü”. Türk Kütüphaneciliği 16, sy.1 (2002): 61-69."
9791,1222162,18855232,28,,,2018,,unparsed,,"28. Tekez, E.K. (2018) Failure modes and effects analysis using fuzzy TOPSIS in knitting process, Tekstil ve Konfeksiyon, 28(1), 21-26."
9807,1324064,23559629,3,Türkiye’de TÜFE’nin akaryakıt tüketimine olan etkisi: 2012-2022 nedensellik analizi,Uluslararası Ekonomik Araştırmalar Dergisi,2023,"Bayraktar, N",apa,"Türkiye’de TÜFE’nin akaryakıt tüketimine olan etkisi: 2012-2022 nedensellik analizi Bayraktar, N Uluslararası Ekonomik Araştırmalar Dergisi 2023","Bayraktar, N. T. (2023). Türkiye’de TÜFE’nin akaryakıt tüketimine olan etkisi: 2012-2022 nedensellik analizi. Uluslararası Ekonomik Araştırmalar Dergisi, 9(1), 27-40."
9815,1237988,22682256,32,International Law and the Balfour Decision,Journal of Levantine Studies,2018,"Watson, G",apa,"International Law and the Balfour Decision Watson, G Journal of Levantine Studies 2018","Watson, G. R. (2018). International Law and the Balfour Decision. Journal of Levantine Studies, 8(1), 101-120."
9822,1375948,25646690,4,Tükenmişliği ölçmede alternatif bir araç: Kopenhag Tükenmişlik Envanterinin Marmara Üniversitesi akademik personeli üzerine uyarlaması,İstanbul Üniversitesi Yönetim Dergisi,2009,"Bakoğlu-Deliorman, R., Taştan-Boz, İ., Yiğit, İ., & Yıldız, S",apa,"Tükenmişliği ölçmede alternatif bir araç: Kopenhag Tükenmişlik Envanterinin Marmara Üniversitesi akademik personeli üzerine uyarlaması Bakoğlu-Deliorman, R., Taştan-Boz, İ., Yiğit, İ., & Yıldız, S İstanbul Üniversitesi Yönetim Dergisi 2009","Bakoğlu-Deliorman, R., Taştan-Boz, İ., Yiğit, İ., & Yıldız, S. (2009). Tükenmişliği ölçmede alternatif bir araç: Kopenhag Tükenmişlik Envanterinin Marmara Üniversitesi akademik personeli üzerine uyarlaması. İstanbul Üniversitesi Yönetim Dergisi, 20(63), 77-98."
9864,1358947,24981860,7,"""Avrupa Komşuluk Politikası Bağlamında AB-Ermenistan İlişkileri ve Rusya Etkisi",Avrasya Etüdleri,2022,"Avan, Esengül Ayaz",volume_pages,"""Avrupa Komşuluk Politikası Bağlamında AB-Ermenistan İlişkileri ve Rusya Etkisi Avan, Esengül Ayaz Avrasya Etüdleri 2022","Avan, Esengül Ayaz. (2022). ""Avrupa Komşuluk Politikası Bağlamında AB-Ermenistan İlişkileri ve Rusya Etkisi."" Avrasya Etüdleri, 61, 45–90."
9889,1311846,22850743,23,Eski Türk dininin kozmolojisi ve kozmogonisi,Türk Dünyası Araştırmaları Dergisi,2018,"Ahbetbeyoğlu, A., & Şen, H",apa,"Eski Türk dininin kozmolojisi ve kozmogonisi Ahbetbeyoğlu, A., & Şen, H Türk Dünyası Araştırmaları Dergisi 2018","Ahbetbeyoğlu, A., & Şen, H. (2018). Eski Türk dininin kozmolojisi ve kozmogonisi. Türk Dünyası Araştırmaları Dergisi, 119(234), 45-74."
9914,1246301,19921916,5,Nitel araştırmalarda örnekleme yöntemleri ve örnek hacmi sorunsalı üzerine kavramsal bir inceleme,Bitlis Eren Üniversitesi Sosyal Bilimler Dergisi,2018,"Baltacı, A",apa,"Nitel araştırmalarda örnekleme yöntemleri ve örnek hacmi sorunsalı üzerine kavramsal bir inceleme Baltacı, A Bitlis Eren Üniversitesi Sosyal Bilimler Dergisi 2018","Baltacı, A. (2018). Nitel araştırmalarda örnekleme yöntemleri ve örnek hacmi sorunsalı üzerine kavramsal bir inceleme. Bitlis Eren Üniversitesi Sosyal Bilimler Dergisi, 7(1), 231-274."
9931,1362407,25121617,15,The relation between military expenditure and economic growth: Evidence from Türkiye,Balkan Journal of Social Sciences,2019,"Çevik, E",apa,"The relation between military expenditure and economic growth: Evidence from Türkiye Çevik, E Balkan Journal of Social Sciences 2019","Çevik, E. İ., & Bektaş, G. (2019). The relation between military expenditure and economic growth: Evidence from Türkiye. Balkan Journal of Social Sciences, 8(16), 229-236."
9937,1379135,25737003,7,,,1928,,unparsed,,"Alişan, İsmail Hakkı. “Ömer Hayyam III”. İctihâd XXIV/260 (15 Eylül 1928), 5028-5030."
9964,1256536,23015718,23,,,2022,,unparsed,,"Ketpanich, N., Saowaluck, Y., Kongmun, P., Tossapol M.K., Teepalak, R. 2022. Effect of lactobacillus paracasei inoculation at different level on fermentation quality and chemical composition of ensiled total mixed ration (eTMR)”. Khon Kaen Agriculture Journal 50 (2): 586-596."
9967,1199956,17891530,6,Gruplar arası karşılaştırmalarda ölçme değişmezliğinin test edilmesi: PISA öğrenci anketi örneği [Examination of Measurement Invariance at Groups’ Comparisons: A Study on PISA Student Questionnaire],Hacettepe Üniversitesi Eğitim Fakültesi Dergisi,2015,"Başusta, N",apa,"Gruplar arası karşılaştırmalarda ölçme değişmezliğinin test edilmesi: PISA öğrenci anketi örneği [Examination of Measurement Invariance at Groups’ Comparisons: A Study on PISA Student Questionnaire] Başusta, N Hacettepe Üniversitesi Eğitim Fakültesi Dergisi 2015","Başusta, N. B., & Gelbal, S. (2015). Gruplar arası karşılaştırmalarda ölçme değişmezliğinin test edilmesi: PISA öğrenci anketi örneği [Examination of Measurement Invariance at Groups’ Comparisons: A Study on PISA Student Questionnaire]. Hacettepe Üniversitesi Eğitim Fakültesi Dergisi, 30(4), 80-90."
9970,1199956,17891579,55,Factors accounting for mathematics achievement of singaporean eighth-graders,The Asia-Pacific Education Researcher,2012,"Mohammadpour, E",apa,"Factors accounting for mathematics achievement of singaporean eighth-graders Mohammadpour, E The Asia-Pacific Education Researcher 2012","Mohammadpour, E. (2012). Factors accounting for mathematics achievement of singaporean eighth-graders. The Asia-Pacific Education Researcher, 21(3), 507-518."
9983,1249697,20094943,9,Measuring the Impact of Dollarization on Economic Growth in Ecuador Using the ARDL Autoregressive Model for the Period (1970-2021),European Journal of Business Startups and Open Society,2023,"Bazzaz, N",apa,"Measuring the Impact of Dollarization on Economic Growth in Ecuador Using the ARDL Autoregressive Model for the Period (1970-2021) Bazzaz, N European Journal of Business Startups and Open Society 2023","Bazzaz, N. H. S. ve Ahmed, S. A. (2023). Measuring the Impact of Dollarization on Economic Growth in Ecuador Using the ARDL Autoregressive Model for the Period (1970-2021). European Journal of Business Startups and Open Society, 3(6), 63-73."
9993,1367325,25796138,9,Narsistik annelerin çocukları üzerindeki etkileri,Psikoloji Dergisi,2018,"Bakan, G",apa,"Narsistik annelerin çocukları üzerindeki etkileri Bakan, G Psikoloji Dergisi 2018","Bakan, G. ve Gültekin, E. (2018). Narsistik annelerin çocukları üzerindeki etkileri. Psikoloji Dergisi, 25(3), 201-214."
9994,1367325,25796176,50,Gender differences in digital media engagement among young adults,Digital Psychology Review,2023,"Martin, A., Smith, T",apa,"Gender differences in digital media engagement among young adults Martin, A., Smith, T Digital Psychology Review 2023","Martin, A., Smith, T. ve Weber, S. (2023). Gender differences in digital media engagement among young adults. Digital Psychology Review, 31(1), 45-59."
9998,1275192,21179539,8,Hz. Peygamber,Savaşlarında İlahi Yardım,2010,"Balcı, İsrafil",quoted,"Hz. Peygamber Balcı, İsrafil Savaşlarında İlahi Yardım 2010","Balcı, İsrafil. “Hz. Peygamber’in Savaşlarında İlahi Yardım”. Ondokuz Mayıs Üniversitesi İlahiyat Fakültesi Dergisi 29 (2010), 81-135."
