sample_index,publication_id,reference_id,match_status,match_score,matched_source,matched_title,matched_author,matched_year,matched_publisher,matched_isbn,matched_url,raw_context
3,1310658,22786126,strong,1.0,openlibrary,Milli Bir Edebiyat Yaratabilir miyiz?,Nusret Safa Coskun,2018,,,https://openlibrary.org/works/OL26260861W,"Coşkun, Nusret Safa. Millî Bir Edebiyat Yaratabilir Miyiz?. Hazırlayan Şaban Özdemir. Ankara: Çolpan Yayınları, 2019."
4,1186783,17188825,no_match,0.0,,,,,,,,"Bozer Ali/Göle Celal, Kıymetli Evrak Hukuku, 9. Bası, Banka ve Ticaret Hukuku Araştırma Enstitüsü Yayınları, Ankara 2020."
10,1272759,21059412,strong,1.0,openlibrary,Modern Milliyetcilik ve Din,Salo Wittmayer Baron,2008,,,https://openlibrary.org/works/OL26406566W,"Baron, S. W. (2007). Modern milliyetçilik ve din. Açılım Kitap."
11,1272759,21059430,no_match,0.0,,,,,,,,"Kedourie, E. (1971). Avrupa’da milliyetçilik. Milli Eğitim Basımevi."
20,1379429,25746865,strong,1.0,openlibrary,Participatory Action Research,Robin McTaggart,1997,,,https://openlibrary.org/works/OL8358291W,"McTaggart, R. (Ed.). (1997). Participatory action research: International contexts and consequences. Suny Press."
21,1379429,25746888,possible,0.709,crossref_book,Twenty Questions about Precalculus,Steen Lynn Arthur,2006,The Mathematical Association of America,,https://doi.org/10.5948/upo9781614443025.004,"Steen, L. A. (1999). Twenty questions about mathematical reasoning. In L. V. Stiff and F. R. Curcio (Eds.), Developing Mathematical Reasoning in Grades K-12 (pp. 270-285). Reston, VA: National Council of Teachers of Mathematics."
25,1241401,19728759,no_match,0.0,,,,,,,,"Girsberger D und Hermann JL, Basler Kommentar, Obligationenrecht I (Art. 1-529 OR), Fünfter Titel: Die Abtretung von Forderungen und die Schuldübernahme (7. Auflage, Helbing Lichtenhahn Verlag 2020)."
28,1376353,25660388,strong,1.0,openlibrary,Stress and job performance,Steve M. Jex,1998,,,https://openlibrary.org/works/OL1908471W,"Jex, S. M. (1998). Stress and job performance: Theory, research, and implications for managerial practice. Sage Publications Ltd."
29,1376353,25660402,no_match,0.0,,,,,,,,"Yetim, A., & Cengiz, R. (2010). İletişim ve Spor. Berikan Yayınevi"
54,1188828,17270326,no_match,0.0,,,,,,,,"Ward, C. (1990). The child in the country. Bedford Square Press."
57,1257490,20398368,no_match,0.0,,,,,,,,"Amerikan Psikiyatri Birliği. (2014). Tanı ölçütleri başvuru el kitabı (5. baskı, E. Köroğlu, Çev.). HYB Yayınları."
58,1257490,20398386,no_match,0.0,,,,,,,,"Büyüköztürk, Ş. (2002). Sosyal bilimler için veri analiz el kitabı. Pegem Yayıncılık."
65,1253700,20240148,no_match,0.0,,,,,,,,"Lohmann, Hans. “Risultati di una survey condotta nella penisola di Kazıklı,” Iasos e la Caria. Nuovi studi e ricerche (La Parola del Passato, 60/2-6). Ed. Raffaella Pierobon Benoit. Napoli: Macchiaroli Editore, 2005, 332-356."
76,1287910,22427156,no_match,0.0,,,,,,,,"Martin, B. (2013). Asılı Adam Ai Weiwei’nin Tutuklanışı, Metis Yayınları, İstanbul."
108,1275479,21189673,no_match,0.0,,,,,,,,"Marschner, H. (1995). Mineral nutrition of higher plants (2nd edition), Academic Press, London, 889p."
110,1185267,17118518,no_match,0.0,,,,,,,,"Çift, Salih. Mısır’da Bektaşilik. İstanbul: Dergâh Yayınları, 2013."
111,1185267,17118528,strong,0.982,openlibrary,Kaygusuz Abdal (Alâaddin Gaybı̂),Abdurrahman Güzel,1981,,,https://openlibrary.org/works/OL12823532W,"---. Kaygusuz Abdal (Alâaddin Gaybî). Ankara: Akçağ Yayınları, 2004."
117,1379811,25757028,strong,1.0,openlibrary,Temel Tasavvufi Kavramlar,Süleyman Uludag,2021,,,https://openlibrary.org/works/OL26268491W,"Uludağ, Süleyman. Temel Tasavvufi Kavramlar. İstanbul: Ketebe Yayınları, 2021."
198,1329123,23768334,no_match,0.0,,,,,,,,"Gałkowski, J. P., & Kotarski, H. (2015). Cultural capital of the young intelligentsia of Central and Eastern Europe. In H. Kotarski (Ed.), Pragmatics of social and cultural capital (pp: 11-23). Wydawnictwo Uniwersytetu Rzeszowskiego."
208,1213959,18546295,no_match,0.0,,,,,,,,"Perry, A. G., Potter, P. A. (2011). Klinik uygulama becerileri ve yöntemleri, arteriyel kan basıncının değerlendirilmesi T.A. Aştı,A. Karadağ ve R. Acaroğlu (Ed). Adana: Nobel Tıp Kitabevi."
211,1292063,22020643,no_match,0.0,,,,,,,,"Karpat, K. H. (2010). Osmanlı Nüfusu 1830-1914. (B. Tırnakçı, Çev.) İstanbul: Timaş Yayınları."
213,1292063,22020660,strong,1.0,openlibrary,Urartu Tarihi ve Kulturu,Mirjo Salvini,2006,,,https://openlibrary.org/works/OL26408262W,"Salvini, M. (2006). Urartu Tarihi ve Kültürü. (B. Aksoy, Çev.) İstanbul: Arkeoloji ve Sanat Yayınları."
214,1292063,22020669,no_match,0.0,,,,,,,,"Türkiye Cumhuriyeti Başbakanlık İstatistik Genel Direktörlüğü. (1937). 20 İlkteşrîn (Ekim) 1935 Genel Nüfus Sayımı, Cilt:60, Neşriyat No:75. Ankara."
222,1247341,19961051,no_match,0.0,,,,,,,,"İbn Nedim, Muhammed b. İshâk. el-Fihrist. Beyrut: Dâru’l-Maarif, t.y."
232,1368470,25976638,no_match,0.0,,,,,,,,"Görcelioğlu, E. (2003). Sel ve çığ kontrolü. İÜ Orman Fakültesi Yayınları, (4415/473,384)."
236,1198973,17827447,no_match,0.0,,,,,,,,"Karavelioğlu, M. (2008). XV. ve XVI. Yüzyıl Divanlarında Bursa (Ed. Fatma Meliha Şen, Reyhan Çorak ve Murat Karavelioğlu). 15 ve 16. yüzyıl Divanlarında Edirne, Bursa ve İstanbul. İstanbul: BİSAV Yayınları."
252,1326236,23643258,no_match,0.0,,,,,,,,"Büyükşahin, F. (2018). Sarıkeçili Yörükler’in kültür-çevre ilişkisi içerisinde geleneksel ekolojik bilgilerinin araştırılması. Hiper Yayın."
254,1326236,23643280,no_match,0.0,,,,,,,,"Şahin, İ. (2006). Osmanlı döneminde konar-göçerler. Eren Yayıncılık."
255,1385013,25941123,no_match,0.0,,,,,,,,"Baʿlebekkî, Rûḥî - Baʿlebekkî, Munîr. el-Mevrid. Beyrut: Dâru’l-ʿİlm li’l-Melâyîn, 2014."
256,1385013,25941141,no_match,0.0,,,,,,,,"Shlaim, Avi. Demir Duvar İsrail ve Arap Dünyası. çev. Tuba Demirci. İstanbul: Küre Yayınları, 2. Basım, 2022."
261,1216803,19013443,no_match,0.0,,,,,,,,"KAHYA, Esin, ‘’Sağlık Kuruluşlarımıza Bir Örnek: Safranbolu’da Frengi Hastahanesi’’, IX. Türk Tarih Kongresi, Cilt: 3, TTK Yayınları, Ankara 1989, s.1291-1296."
278,1325495,23614679,no_match,0.0,,,,,,,,"Sallâbî, Ali Muhammed. Hz. Osman. çev. Mehmet Akbaş. İstanbul: Ravza Yayınları, 2009."
284,1192205,17460769,no_match,0.0,,,,,,,,"Ali el-Kârî, Ebu’l-Hasen Nûrüddîn Alî b. Sultân Muhammed el-Kârî el-Herevî. el-Esrâru’l-Merfûʿa fi’l-Ahbâri’l-Mevzûʿa. thk. Muhammed es-Sabbâğ. Beyrut: Dâru’l-Emâne, 1971."
292,1207628,18246696,strong,1.0,openlibrary,Dersim olayı,Baki Öz,2004,,,https://openlibrary.org/works/OL1787417W,"Öz, Baki. Dersim Olayı. İstanbul: Can Yayınları, 2008."
309,1341339,24251276,no_match,0.0,,,,,,,,"Şeşen, Ramazan, “Eyyubiler”. Türkiye Diyanet Vakfı İslam Ansiklopedisi. İstanbul: TDV yayınları, 1995, 12/22-31."
320,1377979,25703558,no_match,0.0,,,,,,,,"Kentler, Helmut. Çocuğuma Nasıl Cinsel Eğitim Verebilirim? çev. Gülderen Pamir. İstanbul: Turkuaz Yayıncılık, 2008."
322,1365738,25271092,no_match,0.0,,,,,,,,"Dahl, Robert A. (1971). Polyarchy: participation and opposition, New Haven: Yale University Press."
323,1365738,25271095,possible,0.814,crossref_book,The New Industrial State,Galbraith John Kenneth,2015,Princeton University Press,9781400873180,https://doi.org/10.2307/j.ctvcm4hjz,"Galbraith, J. K. (1985). The new industrial state (revised ed.). Oxford: Princeton University Press."
343,1280396,21539710,no_match,0.0,,,,,,,,"Tütengil, C.O. (1969). Türkiye’de Köy Sorunu. İstanbul: Kitaş Yayınları."
348,1303023,22496552,strong,1.0,openlibrary,Nitel Araştırmacılar İçin Kodlama El Kitabı,Johnny Saldana,2019,,,https://openlibrary.org/works/OL26217523W,"Saldana, J. (2022). Nitel araştırmacılar için kodlama el kitabı [The coding manual for qualitative researchers]. (2nd Edition), (A. Tüfekçi & S. N. Şad Trans. Eds.), Ankara: Pegem Akademi."
367,1247129,20046294,no_match,0.0,,,,,,,,"Pompian, M. (2006). Behavioral Finance and Wealth Management: How to Build Optimal Portfolios that Account for Investor Biases. USA: John Wiley & Sons, Inc."
371,1382016,26526473,no_match,0.0,,,,,,,,"SÜMER, H. Hadi, İş Hukuku, 26. Bası, Seçkin Yayıncılık, Ankara, 2022."
384,1258328,20441066,no_match,0.0,,,,,,,,"Namlı Mert, İcra Hukukunda Taşınmaz Malların Haczi ve Paraya Çevrilmesi, On İki Levha Yayınları, İstanbul 2019 (Namlı, Taşınmaz Mallar)."
385,1258328,20441082,no_match,0.0,,,,,,,,"Üstündağ Saim, İcra Hukukunun Esasları, 8. Bası, İstanbul 2004."
416,1350230,24622469,no_match,0.0,,,,,,,,"Yağmurlu A, Baskan S. Akademik yükseltme ve atamalarda ulusal süreli yayınlarımız. Yılmaz O, editör. Sağlık Bilimlerinde Süreli Yayıncılık. 1. Baskı. Ankara: Baskı Matbaası; 2005. p.21-32."
424,1331894,23898885,strong,1.0,openlibrary,Yahudi Sorunu Üzerine,Karl Marx,2015,,,https://openlibrary.org/works/OL26409740W,"Marx, K. (1997). Yahudi Sorunu. Ankara: Sol Yayınları."
456,1288891,21889119,no_match,0.0,,,,,,,,"GÜNAY, U. (2008). Türkiye’de Âşık Tarzı Şiir Geleneği ve Rüya Motifi, Ankara: Akçağ Yayınları."
459,1292224,22027011,strong,0.984,crossref_book,The Experience of Ancient Egypt,David Rosalie,2002,Routledge,9781134968008,https://doi.org/10.4324/9780203404935,"David, Rosalie. The Experince of Ancient Egypt. London and New York: Routledge, 2002."
476,1285035,21716346,no_match,0.0,,,,,,,,"Carrier, M. (2020). Tarihsel Yaklaşımlar: Kuhn, Lakatos ve Feyerabend. (Ö. F. Anlı, Çev.) Bilim Felsefesi, (J. R. Brown, Ed.) içinde (ss. 187-212). Ankara: Fol Kitap."
477,1285035,21716351,no_match,0.0,,,,,,,,"Feyerabend, P. (1991). Özgür Bir Toplumda Bilim (A. Kardam, Çev.). İstanbul: Ayrıntı Yayınları."
483,1350986,24648486,no_match,0.0,,,,,,,,"İmre Z, Doktrinde ve Türk Hukukunda Kusursuz Mesuliyet Hâlleri (İsmail Akgün Matbaası 1949)."
488,1160131,17148146,no_match,0.0,,,,,,,,"Harman, Ömer Faruk. (2000). İbrahim. İslam Ansiklopedisi. Türkiye Diyanet Vakfı Yayınları. 21, 266-272."
504,1293021,23006338,no_match,0.0,,,,,,,,"20. Gürsoy O, Kesenkaş H. Peynir Mikrobiyolojisi. İçinde: Hayaloğlu AA, Özer B, editörler. Peynir Biliminin Temelleri. Ankara: Nobel Akademik Yayıncılık; 2021:99-138."
510,1212126,20058658,no_match,0.0,,,,,,,,"Yücel, Fatih. ‘‘Mansûr-Billâh’’. İslam Düşünce Atlası. ed. İbrahim Halil Üçer. 5/1842, 1843. İstanbul: Konya Büyükşehir Belediyesi Kültür Yayınları-İLEM, 2022."
512,1191817,17425199,no_match,0.0,,,,,,,,"Eygü, H. (2020). Çözümlü güncel örneklerle olasılık ve istatistik. Ankara: Nobel Yayınları."
513,1191817,17425222,no_match,0.0,,,,,,,,"Stock, H. J. ve Watson, W. M. (2011). Inroduction to econometrics. 2th edition, (Çev: B. Saraçoğlu), Ankara: Elif Yayınevi."
542,1300076,22518971,no_match,0.0,,,,,,,,"Ukaylî, Muhammed b. Amr. eḍ-Ḍuʿafâʾü’l-kebîr. nşr. Abdulmu‘tî Emîn Kal‘aci. 4 Cilt. Beyrut: Dâru’l-Kütübi’l-İlmiyye, 1983."
544,1311465,22821666,no_match,0.0,,,,,,,,"İbn Kudâme, M. (1417/1997). el-Muġnî. Riyad: Dâru ‘Âlemi’l-Kutub."
555,1204349,18161737,no_match,0.0,,,,,,,,"Sezginer, M. (2017). Dünden bugüne Conseil D'etat ve Danıştayın inceleme ve danışma fonksiyonu. Danıştay ve İdari Yargı Günü 149. Yıl Sempozyumu (s. 101-133). Ankara: Danıştay Yayınları."
558,1213865,18953626,no_match,0.0,,,,,,,,"Bayrak, M. (2005). Alevi-Bektaşi edebiyatında Ermeni âşıkları [aşuğlar]. Ankara: Öz-Ge Yayınları."
571,1292420,22034195,no_match,0.0,,,,,,,,"Erman, A. (2016) Tanrı Dini Şamanizm, Ankara: Gece Kitaplığı Yayınları."
572,1292420,22034198,no_match,0.0,,,,,,,,"İnan, A. (1986).Tarihte ve Bugün Şamanizm, Ankara: Türk Tarih kurumu Basımevi."
575,1184669,17099650,no_match,0.0,,,,,,,,"ÖZGENÇ, İzzet, Suç Örgütleri, Seçkin Yayıncılık, Ankara, 2022."
586,1228312,19463496,no_match,0.0,,,,,,,,"Dedeoğlu, Beril. (2018), Uluslararası Güvenlik ve Strateji (4. Baskı) (İstanbul: Yeniyüzyıl Yayınları)."
594,1176762,16726761,no_match,0.0,,,,,,,,"Dehkhoda, Ali Akbar. Loghatnâmeh-ye Dehkhoda. XV. Chief Editor Moin.M. Tehran: Tehran University Publishing, 1998."
611,1286854,21793961,no_match,0.0,,,,,,,,"Zerkeşî, Ebû Abdillah Bedruddin Muhammed b. Bahâdır. el-Burhân fî ʿulûmi’l-Kur’ân. thk. Yusuf Abdurrahman el-Maraşî - Cemal Hamdi ez-Zehebî. 4 Cilt. Beyrut: Dâru’l-Meʿârif, 1990."
638,1233702,19815892,no_match,0.0,,,,,,,,"[2] C. U. Grosse, M. Ohtsu, “Acoustic Emission Testing, Basics for Research-Applications in Civil Engineering, Springer-Verlag, Berlin, Heidelberg, 2008."
671,1210345,18383609,strong,1.0,openlibrary,Türk dili el kitabı,Nurettin Demir,2003,,,https://openlibrary.org/works/OL23893993W,"Demir, N. & Yılmaz, E. (2010). Türk dili el kitabı. Grafiker."
685,1356930,24889226,no_match,0.0,,,,,,,,"Durmuş B., Yurtkoru E. S. ve Çinko, M. (2018). Sosyal bilimlerde SPSS’le veri analizi. İstanbul: Beta Yayıncılık."
694,1298316,23218609,no_match,0.0,,,,,,,,"Beyhakî, Ahmed b. el-Huseyn b. Ali. es-Sünenü’l-kübrâ. tah. M. Abdülkadir Atâ. Beyrut: Dâru’l- kütübi’l-ilmiyyeh,1423/2003."
713,1219930,19162170,strong,1.0,openlibrary,Politikada halkla ilişkiler,Mahmut Oktay,2002,,,https://openlibrary.org/works/OL44485430W,"Oktay, M. (2002). Politikada halkla ilişkiler. Derin Yayınları."
720,1322927,23511339,no_match,0.0,,,,,,,,"Cihangir, E. (2002) technical manual series: Dimensions in apparel industry. Istanbul Textile and Apparel Exporter Associations (ITKIB) Publishing."
731,1374156,25582177,no_match,0.0,,,,,,,,"Ülgener, S. F. (1983). Zihniyet Aydınlar ve İzm’ler. Ankara: Mayaş Yayınları."
745,1280722,21458625,no_match,0.0,,,,,,,,"—— “Beşinci Kitap”, Son Şiirleri (20. Baskı, Adam 1999)."
747,1280722,21458699,no_match,0.0,,,,,,,,"—— “Üçüncü Kitap”, Son Şiirleri (20. Baskı, Adam 1999)."
748,1326897,24463095,no_match,0.0,,,,,,,,"Yaylagül, L. (2018). Kitle ı̇letişim kuramları, eleştirel ve egemen yaklaşımlar. Dipnot Yayınları."
750,1347808,24520736,no_match,0.0,,,,,,,,"Fığlalı, Ethem Ruhi. İbâdiye’nin Doğuşu ve Görüşleri. Ankara: Ankara Üniversitesi Basımevi, 1983."
767,1284463,21668560,no_match,0.0,,,,,,,,"Barthold, V. V. (2022). Halife ve Sultan İslam’da İktidarın Serüveni. (İlyas Kemaloğlu. Çev.). İstanbul: Yeditepe Yayınevi."
785,1226999,19079620,strong,0.979,crossref_book,Mohammed and Charlemagne,Pirenne Henri,2013,Routledge,9781135030186,https://doi.org/10.4324/9780203706886,"Pirenne, H. (1959). Mohammed and Charlmagne. Meridien Books."
789,1279484,21381380,strong,0.925,crossref_book,Sosyal Bilimlerde Nicel Araştırma Yöntemleri,Büyükyılmaz Ozan,2024,Akademisyen Kitabevi,9786253751609,https://doi.org/10.37609/akya.3369.c8916,"Gürbüz, S. ve Şahin F. (2015). Sosyal bilimlerde araştırma yöntemleri: Felsefe - yöntem - analiz (2. baskı). Seçkin Yayıncılık San. ve Tic. A.Ş."
808,1276970,21410120,no_match,0.0,,,,,,,,"Clauson, S. G. (1972). An etymological dictionary of pre-thirteenth-century Turkish. Oxford University Press."
810,1209559,18340200,possible,0.667,openlibrary,The Uncanny,Nicholas Royle,2002,,,https://openlibrary.org/works/OL7943084W,"Royle, N. (2003). The Uncanny (Manchester: Manchester University Press."
815,1278251,21312910,no_match,0.0,,,,,,,,"Buruma, I., & Margalit, A. (2009). Garbiyatçılık. Yapı Kredi Yayınları."
816,1278251,21312937,strong,1.0,openlibrary,Azgelişmiş ülke milliyetçiliği,Baskın Oran,1977,,,https://openlibrary.org/works/OL1786721W,"Oran, B. (1977). Azgelişmiş Ülke Milliyetçiliği. Ankara Üniversitesi Basımevi."
817,1278251,21312944,possible,0.625,openlibrary,Authority,Richard Sennett,1980,,,https://openlibrary.org/works/OL1870893W,"Sennett, R. (2005). Otorite. Ayrıntı Yayınları."
852,1355598,24838450,no_match,0.0,,,,,,,,"Attum B, Thompson JH. Humerus fractures overview. 2022 Aug 8. In: StatPearls [Internet]. Treasure Island (FL): StatPearls Publishing; 2022 Jan–."
868,1378338,25713700,no_match,0.0,,,,,,,,"Oxford, R. (2001). Integrated skills in the ESL/EFL classrooms. ESL Magazine, 6(1), 5–12."
894,1270270,20939486,no_match,0.0,,,,,,,,"Baysun, M. Cavid. ""Emir Sultan"". İslam Ansiklopedisi. 4/261-263, İstanbul: Milli Eğitim Basımevi, 1977."
915,1231148,19699754,no_match,0.0,,,,,,,,"Acıkgöz-Ün, K. (2014). Aktif öğrenme. Biliş Yayınevi."
932,1347983,24526428,no_match,0.0,,,,,,,,"Rudlin, J. (2000). Commedia dell’Arte. (Çev: Ezgi Ege İpekli). Mitos Boyut Yayınları."
933,1347983,24526436,strong,1.0,openlibrary,The commedia dell'arte,Winifred Smith,1912,,,https://openlibrary.org/works/OL153972W,"Winifred, S. (1964). Commedia dell Arte. Columbia: Columbia University Press."
944,1290718,21971180,no_match,0.0,,,,,,,,"Çelebi, Ahmed. İslam’da Eğitim Öğretim Tarihi. çev. Ali Yıldırım. İstanbul: Damla Yayınevi, 4. Basım, 2013."
946,1240714,19700557,strong,1.0,openlibrary,Culture and Economics,Eelke de Jong,2013,,,https://openlibrary.org/works/OL25161109W,"Jong, E. De (2009). Culture and Economics: On Values, Economics, and International Business. Routledge."
977,1159591,16933307,no_match,0.0,,,,,,,,"39. Eren, Ş., Razbonyalı, M., Şengonca, H., Okatan, A., Yazıcı, A., Erten, M., Arsan, T., Duru, N., Çölkesen, T., Turan, A., Uğurkaya, C., Sarıdoğan, E., Acar, A., Bilgisayar Mühendisliğine Giriş, Papatya Yayıncılık Eğitim, İstanbul, Türkiye, 2020."
984,1286710,21783979,no_match,0.0,,,,,,,,Jandarma Okulu Subay Kısmı müfredat programı. (1937). Jandarma Genel Komutanlığı Matbaası.
985,1286710,21783991,no_match,0.0,,,,,,,,"Ozanalp, O. (1937). Kaza Jandarma komutanı ve ödevleri. Jandarma Genel Komutanlığı Matbaası."
986,1286710,21783998,no_match,0.0,,,,,,,,"Piyer, C. (1927). Eşkal ve alâmat-ı mahsûsanın sûret-i tavsif ve tespiti. (R. Ömer, Çev.). Jandarma Matbaası. (1911)."
993,1223040,18881958,strong,0.78,openlibrary,Türk evinde çıkma,"Mesut Evren, İstanbul Teknik Üniversitesi. Mimarlık Fakültesi",1959,,,https://openlibrary.org/works/OL44193428W,"Evren, M. (1959), Türk Evinde Çıkma, İstanbul: Fakülteler Matbaası."
994,1224282,19335287,no_match,0.0,,,,,,,,"Kilkelly, U. (2001). Özel Hayata ve Aile Hayatına Saygı Gösterilmesi Hakkı: AİHS’nin 8. Maddesinin Uygulanmasına İlişkin Klavuz. İnsan Hakları El Kitapları, No:1. Strasbourg, Cedex: Avrupa Konseyi Yayınları."
1002,1211991,18657343,no_match,0.0,,,,,,,,"Arendt, Hannah. 2013. İnsanlık Durumu. İstanbul: İletişim Yayınları."
1029,1384878,26637630,no_match,0.0,,,,,,,,"Foucault, M. (2013). Hapishanenin doğuşu: gözetim altında tutmak ve cezalandırmak. (M. A. Kılıçbay, Çev.). İmge Yayınevi."
1030,1384878,26637651,no_match,0.0,,,,,,,,"Zencirkıran, M. (2017). Sosyoloji. Dora Yayıncılık."
1031,1202014,17965268,no_match,0.0,,,,,,,,"Abdülcebbâr, Ebü’l-Hasen Kādı’l-kudât Abdülcebbâr b. Ahmed b. Abdilcebbâr el-Hemedânî. el-Muġnî fî ebvâbi’t-tevḥîd ve’l-ʿadl. thk. Mahmûd Muhammed Kasım. 16 Cilt. Mısır: Dâru’l-Kütübi’l-Mısriyye, 1953."
1032,1202014,17965281,no_match,0.0,,,,,,,,"Ebû Dâvûd, Suleymân b. el-Eşʿaŝ es-Sicistânî. Sunenu Ebî Dâvûd. nşr. Şuʿayb el-Arnaût. 6 Cilt. Dımaşk: Dâru'r- Risâleti'l-ʿÂlemiyye, 1430/2009."
1035,1221268,18820275,no_match,0.0,,,,,,,,"İbn ʿAbdülber en-Nemerî, Ebû Ömer Cemâlüddîn Yûsuf b. ʿAbdillâh b. Muhammed. el-İstizkâr. thk. Sâlim Muhammed ʿAtâ, Muhammed ʿAlî Muʿavvıd. 9 Cilt. Beyrut: Dâru’l-Kutubi’l-ʿİlmiyye, 1421/2000."
1036,1221268,18820291,no_match,0.0,,,,,,,,"Safedî, Salâhuddîn Halil b. Aybek (ö. 764/1363) es-. el-Vâfî bi’l-vefeyât. thk. Ahmed el-Arnâût, Türkî Mustafa. Beyrut: Dâru İhyâi’t-Türâs, 2000."
1040,1290206,22912814,no_match,0.0,,,,,,,,"Abdurrahman, Taha. (2022). Modernlik Ruhu: İslami Bir Modernlik İnşasına Giriş (M. E. Maşalı & M. Maşalı, Çev.). Pınar Yayınları."
1041,1290206,22912834,no_match,0.0,,,,,,,,İbn Sa’d. (1968). Et-Tabakatü’l-kübra (1-10). Dâru Sadır.
1048,1305653,23710885,strong,1.0,crossref_book,Gelişim ve Öğrenme,"UMMANEL Azize, DİLEK Aytaç",2016,Pegem Akademi Yayıncılık,,https://doi.org/10.14527/9786053185598.02,"Erdem, M., & Akman, Y. (2002). Gelişim ve öğrenme. Ankara: Arkadaş Yayınevi."
1052,1253092,20212272,strong,1.0,crossref_book,Sosyal Bilimlerde Nitel Araştırma Yöntemleri,Kavut Sevgi,2024,Akademisyen Kitabevi,9786253751609,https://doi.org/10.37609/akya.3369.c8919,"Yıldırım, A. ve Şimşek, H. (2016). Sosyal bilimlerde nitel araştırma yöntemleri. 10. Baskı, Ankara: Seçkin Yayıncılık."
1063,1291586,22002426,strong,1.0,openlibrary,100 soruda tasavvuf,Abdülbâki Gölpınarlı,1969,,,https://openlibrary.org/works/OL42602734W,"Gölpınarlı, Abdülbakî. 100 Soruda Tasavvuf. İstanbul: Gerçek Yayınevi, 1985."
1064,1291586,22002460,no_match,0.0,,,,,,,,"Taberî, Ebu Cafer Muhammed b. Cerîr. Câmiu’l-beyân an te’vili âyi’l-Kur’ân. Kahire: Dâru Hicr, 2001."
1066,1310685,22787499,strong,1.0,openlibrary,Edebiyat ve Kotuluk,Georges Bataille,2014,,,https://openlibrary.org/works/OL26375886W,"Bataille, Georges. Edebiyat ve Kötülük. Çeviren Ayşegül Sönmezay. İstanbul: Ayrıntı Yayınları, 2004."
1067,1310685,22787515,no_match,0.0,,,,,,,,"Özkök, Seher. “Beyaz Lâle: Negatif Öteki’nin Söylemi ve Eylemi Üzerinden İnşa Edilen Millî Bilinç.” T. C. Gönen Belediyesi 1. Dünden Bugüne Ömer Seyfettin Sempozyumu Bildirileri içinde, 125-130. Balıkesir: Gönen Belediyesi Yayınları, 2007."
1069,1328609,23748879,no_match,0.0,,,,,,,,"Çabuk, A. (2013), “Finansal Analiz Teknikleri”, içinde: S. Önce (ed.), Finansal Tablolar Analizi (Ünite 3), Eskişehir: Anadolu Üniversitesi Yayınları."
1074,1224300,19337900,no_match,0.0,,,,,,,,"Kurnaz, C. (2012). Hayali Bey Divanının Tahlili. Ankara: Kurgan Edebiyat Yayınları."
1082,1368301,25371590,no_match,0.0,,,,,,,,"Yavaş, H. (2005). Doğal afetler yönüyle Türkiye’de belediyelerde kriz yönetimi, Orion Yayınevi, Ankara."
1085,1315860,23137717,strong,0.851,crossref_book,Öğretmen Adaylarının Bilimsel Araştırmaya Yönelik Tutumlarının İncelenmesi,"Çetin Şaban, Çetin Filiz, Bingöl A. Selcan",2020,Ankara Pegem Akademi Yayıncılık,9786257228589,https://doi.org/10.14527/9786257228589.21,"Sadık, R. (2018). Öğretmen adaylarının satranç oyununa yönelik tutumlarının incelenmesi. S. Devecioğlu (Ed.), 1. Uluslararası Beden Eğitimi, Spor, Rekreasyon ve Dans Kongresi (ss. 258-264) içinde. Asos Yayınevi."
1094,1214482,18901332,strong,1.0,openlibrary,Kapımızdaki Yabancılar,Zygmunt Bauman,2018,,,https://openlibrary.org/works/OL26371312W,"Bauman, Z. (2018). Kapımızdaki yabancılar. (E. Barca, Çev.) Ayrıntı Yayınları."
1106,1327057,23674334,no_match,0.0,,,,,,,,"Alpar, R. (2021). Çok değişkenli istatistiksel yöntemler. Ankara: Detay Yayıncılık."
1108,1182528,17001779,no_match,0.0,,,,,,,,"Barutçugil, İ. (2013). Stratejik Yönetim. İstanbul: Kariyer Yayıncılık."
1120,1306087,23648317,strong,1.0,openlibrary,Making health policy,Kent Buse,2005,,,https://openlibrary.org/works/OL16953580W,"Buse, K., Mays, N., & Walt, G. (2012). Making health policy. Open University Press."
1128,1306501,22620864,no_match,0.0,,,,,,,,"Ocak, A. Y. Bektaşî Menâkıbnâmelerinde İslâm Öncesi İnanç Motifleri. İstanbul. 1983. Ocak, A. Y. “Bektaşîlik”. Türkiye Diyanet Vakfı İslâm Ansiklopedisi. 5/373-379. İstanbul: TDV Yayınları, 1992."
1149,1283799,21631041,no_match,0.0,,,,,,,,"Chin, W. W. (1998). The partial least squares approach for structural equation modeling. In G. A. Marcoulides (Ed.), Modern methods for business research (pp. 295–336). Lawrence Erlbaum Associates Publishers."
1164,1294734,23190880,strong,1.0,openlibrary,Mukayeseli İslâm hukuku,Hayreddin Karaman,1974,,,https://openlibrary.org/works/OL1606716W,"Karaman, Hayreddin. Mukayeseli İslâm Hukuku. İz Yayıncılık 296. İstanbul: İz Yayıncılık, 2016."
1191,1189149,17284245,no_match,0.0,,,,,,,,"Acemoğlu, D. (der.) (2022) Yapay Zekayı Yeniden Tasarlamak: Otomasyon Çağında İş, Demokrasi ve Adalet, Ankara: Efil Yayınevi."
1211,1375931,25646116,no_match,0.0,,,,,,,,"Bauman, Z. (2011), Wasted Lİves: Modernity and It’s Outcast. Cambridge: Polity."
1212,1375931,25646129,no_match,0.0,,,,,,,,"Kristeva, J. (2014). Korkunun Güçleri; İğrençlik Üzerine Deneme (Çev. Nilgün Tutal), 2. Baskı, İstanbul: Ayrıntı Yayınları."
1215,1351878,24680225,no_match,0.0,,,,,,,,"Doğan, E. (2012). Hitit hukuku: Belleklerdeki kayıp (1. baskı). Fam Yayınları."
1219,1354843,24799490,strong,0.867,openlibrary,"Confirmatory Factor Analysis for Applied Research, Second Edition",Timothy A. Brown,2014,,,https://openlibrary.org/works/OL20310348W,"Brown, T. A. (2006). Confirmatory factor analysis for applied research. Guilford Publications."
1226,1312206,22870852,no_match,0.0,,,,,,,,"Uysal, V. (2006). Geleneksellik-Çağdaşlık Bağlamında Türkiye’de Dindarlık ve Kadın. D.E.M. Yayınları"
1231,1241215,19723047,no_match,0.0,,,,,,,,"Janoff-Bulman R (1992) Shattered Assumptions: Towards A New Psychology of Trauma. Glencoe, IL, Free Press."
1254,1272058,21029491,no_match,0.0,,,,,,,,"Karaman, Hayrettin vd., Kur’ân Yolu Meâl ve Tefsir. Ankara: Diyanet İşleri Başkanlığı Yayınları, 2021."
1285,1302076,22460938,no_match,0.0,,,,,,,,"Reinhart, C. M. & Rogoff, K. S. (2010). Bu defa farklı: Finansal çılgınlığın 800 yıllık tarihi. NTV Yayınları."
1286,1160061,16652308,no_match,0.0,,,,,,,,"Kutlu, D. (2015) Türkiye’de Sosyal Yardım Rejiminin Oluşumu: Birikim, Denetim, Disiplin. Ankara: NotaBene Yayınları."
1298,1266556,20808850,no_match,0.0,,,,,,,,"Jensen, A. H. (1988). Geography, history, and concepts. (Translated by B. Fullerton), New York: Barnes and Noble Books."
1300,1266556,20808859,no_match,0.0,,,,,,,,"Sözer, S. (1993). Türkiye'de coğrafya eğitimi ve araştırmaları: Tarihi gelişimi ve günümüzdeki durumu. İstanbul: Türk Coğrafya Kurumu Yayınları."
1301,1266556,20808875,no_match,0.0,,,,,,,,"Tuncel, H. et al. (2010). Türkiye coğrafya biblografyası kitaplar ve makaleler. Bilecik: Bilecik Üniversitesi Yayınları."
1310,1278195,21308426,no_match,0.0,,,,,,,,"İnalcık, H. (2017). Devlet-i ‘Aliyye: Osmanlı İmparatorluğu üzerine araştırmalar-I. Türkiye İş Bankası Yayınları."
1336,1201605,17949196,no_match,0.0,,,,,,,,"Banarlı, Nihat Sami. “Başlıksız.” Eski Şiirin Rüzgârıyle içinde, 144-149. İstanbul: Yahya Kemal Enstitüsü Yayınları, 1974."
1338,1176083,16702166,no_match,0.0,,,,,,,,"33. Feltz, D. L. ve Lirgg, C. D. (2001). Self-efficacy beliefs of athletes, teams and coaches. R.N. Singer, H.A. Hausenblas ve C.M. Janelle (Eds.), Handbook of Sport Psychology içinde (s. 340-361). New York: John Wiley & Sons, Inc."
1351,1373836,25570400,no_match,0.0,,,,,,,,"Gözeler, Esra. Kur’an Ayetlerinin Tarihlendirilmesi. İstanbul: Kuramer Yayınları, 2016."
1355,1290487,21960678,strong,1.0,openlibrary,Eski Anadolu Türkçesi,Gürer Gülsevin,2004,,,https://openlibrary.org/works/OL2331765W,"Gülsevin, G.& Boz, E. (2013). Eski Anadolu Türkçesi. Gazi Kitabevi."
1356,1290487,21960680,no_match,0.0,,,,,,,,"Karaağaç, G. (2012). Türkçenin Dilbilgisi. Akçağ Yayınları."
1357,1280528,21446204,no_match,0.0,,,,,,,,"Çeşmeli, İ. (2016). İskitler. Hunlar ve Göktürklerde Din ve Sanat. İstanbul: Cinius Yayınları."
1376,1343216,24338775,no_match,0.0,,,,,,,,"(112) HACIFETTAHOĞLU, İsmail, Sakarya Şehidi Binbaşı Hüseyin Avni Bey, Atlas Yayınları, 2. Baskı, Ankara 2003."
1381,1317772,23248989,strong,0.9,openlibrary,Golun Sirri,Jenny Erpenbeck,2010,,,https://openlibrary.org/works/OL26237863W,"Erpenbeck, Jenny (2022): Gölün Sırrı. 2. (Çev: D. Zaptçıoğlu). İstanbul: Can Sanat Yayınları. (Orijinal Basım Yılı: 2007)."
1393,1283314,21617677,strong,0.925,crossref_book,Sosyal Bilimlerde Nitel Araştırma Yöntemleri,Kavut Sevgi,2024,Akademisyen Kitabevi,9786253751609,https://doi.org/10.37609/akya.3369.c8919,"Yıldırım, A. & Şimşek, H. (2011). Sosyal Bilimlerde Nitel Araştırma Yöntemleri, Ankara: Seçkin Yayıncılık"
1401,1254836,20291976,no_match,0.0,,,,,,,,"Miles, M.B., & Huberman, A.M. (1994). An expanded sourcebook: Qualitative data analysis (2nd ed.). Thousand Oaks, CA: Sage Publications."
1435,1235850,21630073,no_match,0.0,,,,,,,,"Chartrand, G. and Zhang, P. 2013. “A First Course in Graph Theory”, Dover Publications, Inc., Mineola, New York."
1443,1307588,22660302,no_match,0.0,,,,,,,,"Heidegger, M. (2017b). Düşünmek nedir? (Çev. A. Aydoğan). Aydoğan, A. (Ed.), Düşüncenin çağrısı, (İçinde s: 47-68.), Say Yayınları."
1444,1307588,22660320,no_match,0.0,,,,,,,,"Kelly, K. (2016). Büyük teknolojik dönüşüm: Geleceğimizi şekillendirecek 12 teknolojik kuvvet (Çev. Ü. Şensoy). Türk Hava Yolları Yayınları."
1445,1307588,22660335,no_match,0.0,,,,,,,,"Özlem, D. (2015). Kant üstüne yazılar Notos Kitap Yayınevi."
1449,1300450,22390377,no_match,0.0,,,,,,,,"Hugo Victor, Bir İdam Mahkumunun Son Günü, Can Yayınları, İstanbul 2014, 15."
1459,1239956,19672914,no_match,0.0,,,,,,,,8. Efrad-ı Sıhhiye ders kitabı. Mektebi Fünun-u Harbiye-i Şahane Matbaası;1910.
1474,1216629,18643428,no_match,0.0,,,,,,,,"Cunningham G., Bell, J., Clementson, T. & Redston, C. (2013). Face2Face advanced student’s book. Cambridge: Cambridge University Press."
1476,1216629,18643466,strong,1.0,crossref_book,Sosyal Bilimlerde Nitel Araştırma Yöntemleri,Kavut Sevgi,2024,Akademisyen Kitabevi,9786253751609,https://doi.org/10.37609/akya.3369.c8919,"Yıldırım, A. & Şimşek, H. (2016). Sosyal bilimlerde nitel araştırma yöntemleri. Ankara: Seçkin Yayıncılık."
1482,1172825,16568444,no_match,0.0,,,,,,,,"Brickman, P., & Campbell, D. T. (1971). Hedonic relativism and planning in the good society. Academic Press."
1488,1215335,18949304,no_match,0.0,,,,,,,,"İlhan, M. N. ve Ölmezoğlu, N. İ. (2020). İş sağlığı ve güvenliği ile ilgili temel kavramlar ve tarihsel gelişim. Özen, S. ve Tok Özen, A. (Ed.), Paramedikler için İş Sağlığı ve Güvenliği içinde (s. 12-23). Ankara: Hedef CS Basın Yayın."
1492,1367590,25343244,no_match,0.0,,,,,,,,"Çetin, Abdurrahman. Kıraatlerin Tefsire Etkisi. İstanbul: Ensar Neşriyat, 2020."
1493,1367590,25343270,no_match,0.0,,,,,,,,"Karaçam, İsmail. Kur’an’ı Kerîm’in Faziletleri ve Okunma Kaideleri. İstanbul: İFAV Yayınları, 2012."
1494,1199024,17979086,strong,0.989,openlibrary,Eski Uygurca Edgü Ögli Tigin Anyig Ögli Tigin,Kenan Azili Mehmet Mahur Tulum,2015,,,https://openlibrary.org/works/OL26235098W,"Tulum, M. M., Azılı, K. (2015). Eski Uygurca Edgü Ögli Tigin Anyıg Ögli Tigin. İstanbul: Türkiyat Doğu Kütüphanesi Yayınları."
1496,1295436,22145809,no_match,0.0,,,,,,,,"Pamir, L. (t.y.). Çağdaş piyano eğitimi. Beyaz Köşk (Müzik Sarayı) Yayınları."
1507,1245316,19883341,no_match,0.0,,,,,,,,"Boydak, M. Ve Çalışkan S. 2014. Ağaçlandırma. Tohum, Ağaç Islahı, Fidanlık, Doğaya Yakın Ormancılık, Alan Hazırlığı, Ekim, Dikim, Yarı Kurak Alanlar, Endüstriyel Ağaçlandırmalar, Karstik Alanlar ve Özel Nitelikli Ağaçlandırmalar. OGEM-Vak. Yayınları, ISBN:978-975-93943-8-7, Ankara"
1510,1270249,20938792,no_match,0.0,,,,,,,,"Alkan, Mehmet Ö., Gönüllü Sürgünden İstibdada Muhalefet, İstanbul, Yapı Kredi Yayınları, 2007."
1511,1270249,20938815,no_match,0.0,,,,,,,,"Ortaylı, İlber, “Osmanlı Devleti ve Meşrutiyet”, Tanzimat’tan Cumhuriyete Türkiye Ansiklopedisi, İstanbul, İletişim Yayınları, 1985, Cilt 4, s. 953-960."
1515,1192449,17642771,no_match,0.0,,,,,,,,"Oğuzman, M. Kemal. Miras Hukuku, 4. bs., Filiz Kitabevi, İstanbul, 1990."
1524,1371296,25478665,strong,1.0,openlibrary,Klâsik dönem Türk şiiri incelemeleri,Adnan Karaismailoğlu,2001,,,https://openlibrary.org/works/OL6008304W,"Karaismailoğlu, A. (2001). Klasik dönem Türk şiiri incelemeleri. Akçağ Yayınları."
1564,1246677,20047144,no_match,0.0,,,,,,,,"Tarı, R. (2014). Ekonometri (14. Ed.). Kocaeli: Umuttepe Yayınları."
1568,1340587,24217868,no_match,0.0,,,,,,,,"Bozkurt, N. (2004). Mezarlık. İslam Ansiklopedisi, TDV Yayınları."
1571,1343368,24344613,no_match,0.0,,,,,,,,"Charoenpakdee, S. (2014). Using animal manure to grow lettuce (Lactuca sativa L.) in a Homemade Hydroponics System. KKU Res. J, 19, 256-261."
1572,1343368,24344624,no_match,0.0,,,,,,,,"Tittonell, P. A., Grazia, J. D., & Chiesa, A. (2003). Nitrate and dry matter concentration in a leafy lettuce (Lactuca sativa L.) cultivar as affected by N fertilization and plant population."
1578,1291021,22919051,no_match,0.0,,,,,,,,"Northouse, P. G. (2021). Leadership: Theory and practice. Sage publications."
1580,1319174,23333570,no_match,0.0,,,,,,,,"Gürses, Serdar Murat. Abdullah İbn Ömer’in Ayet ve Hadisleri Anlama ve Yorumlama Yöntemi. İstanbul: Kitabi Yayınevi, 2023."
1600,1263984,20904097,no_match,0.0,,,,,,,,"Yazıcıoğlu, Y. ve Erdoğan, S. (2004). Spss uygulamalı bilimsel araştırma yöntemleri (4. Baskı). Ankara: Detay Yayıncılık."
1614,1279681,21396907,no_match,0.0,,,,,,,,"Elmas, Ç.(2003). Bulanık Mantık Denetleyiciler, Seçkin Yayıncılık, Ankara."
1615,1279681,21396936,strong,0.867,openlibrary,Analitik Hiyerarsi Prosesi,Mehpare Timor,2016,,,https://openlibrary.org/works/OL26167921W,"Timor, M.(2011). Analitik Hiyerarşi Prosesi, Türkmen Kitabevi, İstanbul."
1623,1361489,25081117,no_match,0.0,,,,,,,,"Keyder, Çağlar. Türkiye’de Devlet ve Sınıflar. B. 23. İletişim Yayınları. İstanbul. 2022."
1625,1361489,25081146,no_match,0.0,,,,,,,,"Stalin, Joseph. Son Yazılar 1950-1953. 3. Baskı. Eriş Yayınları. (Basım yeri belli değil). 2005."
1638,1220631,19208505,no_match,0.0,,,,,,,,"Grolimund, Pascal & Loacker, Leander D. & Schnyder, Anton K. (Editörler) (2023) Basler Kommentar Versi- cherungsvertragsgesetz, Basel, 2. Baskı, Helbing Lich- tenhahn Verlag (BSK VVG-Bearbeiter)."
1661,1334638,24006424,no_match,0.0,,,,,,,,"Altunışık, R. (2022). Örnekleme ve örnekleme süreci. Altunışık, R., Boz, H., Gegez, E., Koç, E., Sığrı, Ü., Yıldız, E. ve Yüksel, A. (Eds.) İçinde Sosyal bilimlerde araştırma yöntemleri: Yeni perspektifler (ss.129-184), Ankara: Seçkin Yayıncılık"
1668,1352357,24700700,no_match,0.0,,,,,,,,"Reisoğlu, Seza: Vadeli Teminat Mektuplarından Ötürü Bankala- rın Sorumlu Tutulabilecekleri Süre, Prof. Dr. Osman Fazıl Berki’ye Armağan, Aühf Yayınları, No. 411, Ankara 1977."
1671,1369716,25419804,no_match,0.0,,,,,,,,"Yücel, B., Akdemir, A., Küey, A. G., Maner, F., & Vardar, E. (2013). Yeme bozuklukları ve obezite tanı ve tedavi kitabı. Ankara: Türkiye Psikiyatri Derneği Yayınları."
1694,1354356,24778927,no_match,0.0,,,,,,,,Türk Dil Kurumu. (1982). Türkiye’de Halk Ağzından Derleme Sözlüğü 12. hzl. Ö. A. Aksoy vd. Ankara: Türk Dil Kurumu Yayınları.
1706,1157805,15899272,no_match,0.0,,,,,,,,"DIEHL, Charles, Bizans İmparatorluğu Tarihi, çev. Cevdet R. Yularkıran, Kanaat Kitabevi, İstanbul 1939."
1707,1157805,15899296,no_match,0.0,,,,,,,,"McEVEDY, Colin, Ortaçağ Tarih Atlası, çev. Ayşen Anadol, Sabancı Üniversitesi Yayınları, İstanbul 2004."
1716,1329571,23790736,no_match,0.0,,,,,,,,"İkbal, Muhammed. İslâm’da Dini Düşüncenin Yeniden Doğuşu. çev. N. Ahmet Asrar. İstanbul: Birleşik Yayınları, ty."
1734,1263967,21109445,no_match,0.0,,,,,,,,"Aydın Mehmet. “İnsân-ı Kâmil”. TDV İslâm Ansiklopedisi. 22/330-331. TDV Yayınları, 2000."
1736,1263967,21109471,no_match,0.0,,,,,,,,"al-Hud̲j̲wīrī, Alī b. Uthmān. Hakikat Bilgisi: Keşfu’l-Mahcûb. ed. Süleyman Uludağ, Dergâh Yayınları, 2018."
1739,1268573,20852304,no_match,0.0,,,,,,,,"Başaran, İ.E. (1993). Eğitim Yönetimi. (3.baskı). Kadıoğlu Matbaası."
1763,1375683,25637070,no_match,0.0,,,,,,,,"SAID, E. (1978). Orientalism. New York: Pantheon Books."
1767,1312037,23435367,no_match,0.0,,,,,,,,"MERCAN Evren (2022). Modern Harp Gemileri 1850’den Günümüze, Kronik Yayınları, İstanbul."
1773,1182032,16985855,no_match,0.0,,,,,,,,"Argunşah, M. ve Güner, G. (2015). Codex Cumanicus. İstanbul: Kesit Yayınları."
1780,1327696,23703580,no_match,0.0,,,,,,,,"Abacı, Harun. Kur’ân’ın Mâtürîdî Yorumu. Ankara: Fecr Yayınları, 2020."
1782,1327696,23703621,no_match,0.0,,,,,,,,"Karadaş, Cağfer. “Eş’ârî Kelam Okulu”, Kelâm El Kitabı, ed. Şaban Ali Düzgün (Ankara: Grafiker Yayınları, 2022), 111-133."
1794,1298332,22580391,no_match,0.0,,,,,,,,"Gazâlî, Ebû Hâmid Muhammed b. Muhammed b. Muhammed b. Ahmed. el-Münkizu mine’d- Dalâl. Beyrut: Daru’l-Kütübi’l-İlmiyye, 2011."
1797,1298332,22580432,no_match,0.0,,,,,,,,"Üdfüvî, Kemâlüddin b. Cafer Sa’leb eş-Şâfiî. et-Tâli‘üs-Sa‘îd el-Câmi‘u li Esmâi Nücebâi’s-Sa‘îd. thk. Sa’d Muhammed Hasan. Kahire: ed-Daru’l-Mısriyye li’t-Telîfi ve’t- Tercüme, 1966."
1798,1179120,16821807,no_match,0.0,,,,,,,,"Şeker, M. (1997). Fetihlerele Anadolunun Türkleşmesi ve İslamlaşması. Diyanet İşleri Başkanlığı Yayınları."
1802,1264141,20669945,strong,1.0,openlibrary,Time and Narrative (Time & Narrative),Paul Ricœur,1985,,,https://openlibrary.org/works/OL8018160W,"Ricoeur, P. (2012). Time and narrative: volume I (K. McLaughlin & D. Pellauer, Trans.; 1st edition). The University of Chicago Press."
1806,1356472,24894918,no_match,0.0,,,,,,,,"Talmy, Leonard (1985). Lexicalization Patterns: Semantic Structure in Lexical Forms. T.Shopen (Ed.). Language Typology and Syntactic Description, 3 (99), (s. 36-149). Cambridge: Cambridge Univer- sity Press."
1810,1208585,18329636,no_match,0.0,,,,,,,,"Aktaş, A. (2002). Turizm İşletmeciliği ve Yönetimi. Antalya: Azim Matbaa Fatih Ofset."
1811,1208585,18329645,no_match,0.0,,,,,,,,"Burkart, A. J. ve Medlik, S. (1981). Tourism: Past, Present and Future. London: Heinmann Press."
1829,1379508,25749428,no_match,0.0,,,,,,,,"İbn Manzur, C. M. b. M. (1955). S-l-f. In Lisânü’l-ʿArab (Vol. 9, p. 158). Daru Sâdir."
1834,1229003,21599728,no_match,0.0,,,,,,,,"Demirtaş, B. K. (2022). Sahada Laboratuvar Deneyleri. Ahmet Arif Eren & Emre Günerşer Bozdağ (Ed.), Dünden Bugüne İktisadi ve Finansal Konular Üzerine Tartışmalar içinde (ss. 3-14). Ankara: Gazi Kitabevi."
1856,1285841,21766701,no_match,0.0,,,,,,,,"Oktay Belli (İstanbul: İstanbul Üniversitesi Yayınları, 2000): 342-344."
1862,1321603,23452063,no_match,0.0,,,,,,,,"AAOIFI. Faizsiz Finans Standartları. İstanbul: TKBB Yayınları, 2024."
1870,1302306,23397233,possible,0.774,openlibrary,Hadîs tarihi,Talât Koçyiğit,1977,,,https://openlibrary.org/works/OL43491615W,"Koçyiğit, T. (2011). Hadis Tarihi, Ankara: Türkiye Diyanet Vakfı Yayınları."
1874,1206963,18241150,strong,1.0,openlibrary,"Geçmişten günümüze Orta Doğu siyaset, savaş ve diplomasi",Tayyar Arı,2004,,,https://openlibrary.org/works/OL24197990W,"Arı, T. (2008). Geçmişten Günümüze Orta Doğu Siyaset, savaş ve Diplomasi. Mkm Yayıncılık."
1889,1259642,20708625,no_match,0.0,,,,,,,,"Hollingswort, M.(2009). Dünya Sanat Tarihi, çev. Rengin Küçükerdoğan ve Banu Ergüder, İstanbul: İnkîlap Kitabevi."
1897,1362104,25104246,possible,0.8,openlibrary,Studyguide for Qualitative Inquiry and Research Design,"Cram101 Textbook Reviews Staff,John W. Creswell",2013,,,https://openlibrary.org/works/OL38084473W,"Creswell, J. W. (2007). Qualitative Inquiry & Research Design: Choosing Among Five Approaches. Sage Publications."
1942,1155457,16167484,strong,1.0,openlibrary,Demokrasi Teorisine Geri Donus,Giovanni Sartori,2014,,,https://openlibrary.org/works/OL26237756W,"Sartori, G. (1996). Demokrasi teorisine geri dönüş. (Birinci Baskı). Ankara: Yetkin Yayınları."
1951,1307859,22672021,strong,1.0,openlibrary,"Enquiring teachers, enquiring learners",Catherine Twomey Fosnot,1989,,,https://openlibrary.org/works/OL4781180W,"Fosnot, C. (1989). Enquiring Teachers, Enquiring Learners: A Constructivist Approach for Teaching. New York: Teachers College Press."
1962,1328080,23724051,no_match,0.0,,,,,,,,"ATALAY, O. (2024). Türk’e Tapmak. İstanbul: İletişim Yayınları."
1963,1328080,23724054,strong,1.0,openlibrary,Gün doğmadan,Sezai Karakoç,2006,,,https://openlibrary.org/works/OL39804344W,"KARAKOÇ, S. (2004). Gün Doğmadan. İstanbul: Diriliş Yayınları."
1978,1247339,21556591,strong,1.0,openlibrary,Erdemli Yol,Ragip El-Isfahani,2009,,,https://openlibrary.org/works/OL33455164W,"İsfahânî, Ebu’l-Kâsım er-Râgıb. Erdemli Yol. çev. Muharrem Tan. İstanbul: İz Yayıncılık, 2019."
2005,1294786,22335891,no_match,0.0,,,,,,,,"İbn Ḥacer, Aḥmed b. ’Ali b. Muḥammed el-Asḳalânî, el-Kâfi’ş-şâf fî taḫrîci eḥâdîs̱i’l-Keşşâf. thk. Muḥibbuddîn Efendi. Beyrut: Dâru iḥyâi’t-turâs̱i’l-‘Arabî, 1418/1997."
2006,1294786,22335894,no_match,0.0,,,,,,,,"İzutsu, Toshihiko. Kur’an’da Dinî ve Ahlâkî Kavramlar, çev. Selâhattin Ayaz. İstanbul: Pınar Yayınları, 2013."
2007,1294786,22335927,no_match,0.0,,,,,,,,"Serdar, Murat vd. (ed.). Kur’ân Meâlleri -Sorunlar Çözüm Önerileri- Uluslararası Tartışmalı İlmî Toplantı. 3 Cilt. Konya: Kitap Dünyası, 2023."
2031,1216870,19014903,no_match,0.0,,,,,,,,"Çınar, T., Çiner, C.U. and Zengin, O. (2009). Büyükşehir yönetimi, bütünleşme süreci. Ankara: TODAİE Yayınları"
2048,1218566,19096859,no_match,0.0,,,,,,,,"Marx K. H.-Engels, (2003), Friedrich, Komünist Partisi Manifestosu, (Çev. Cenap Karakaya), 2. Baskı, Sosyal Yayınları, İstanbul."
2051,1315932,23140968,no_match,0.0,,,,,,,,"Özey, R. (2010) Dünya ve Türkiye ölçeğinde siyasi coğrafya (7. Baskı). İstanbul: Aktif yayıncılık."
2056,1284591,23039644,no_match,0.0,,,,,,,,"Diani, M. (2012). Charles Tilly’nin İdenties, Boundaires, and Social Ties adlı Çalışmasındaki İlişkisel Unsur (E. Göker ve G. Çeğin Der.), (Ö. Küçük Çev.), Tözcülüğün Tasfiyesi (1. Baskı, s. 245-256) içinde, Notabane Yayınları."
2057,1284591,23039654,no_match,0.0,,,,,,,,"Ives, P. (2011), Gramsci’de Dil ve Hegemonya (1.Baskı). Kalkedon Yayınları."
2058,1284591,23039675,no_match,0.0,,,,,,,,"Üstel, F. (2014). Makbul Vatandaşın Peşinde (5. Baskı). İletişim Yayınları."
2084,1341580,24269172,no_match,0.0,,,,,,,,"Apaydın, Hacı Yunus. “Şahit”. Türkiye Diyanet Vakfı İslam Ansiklopedisi. 38/278-283. İstanbul: TDV Yayınları, 2010."
2146,1348681,24556692,no_match,0.0,,,,,,,,Fisher BAJ. Techniques of Crime Scene Investigation. 7th ed. Boca Raton: CRC Press; 2004.
2149,1324986,23595230,strong,0.973,openlibrary,Masalin Bicimbilimi,Vladimir Propp,2015,,,https://openlibrary.org/works/OL26408889W,"Propp, V. (1985). Masalın Biçimbilimi. (M. Rıfat ve S. Rıfat, Çev.) Kent Basımevi."
2207,1195095,17974874,no_match,0.0,,,,,,,,"Aksoy, Pınar Çağlayan. Akıllı Sözleşmelerin Kuruluşu ve Geçerlilik Şartları. İstanbul: On iki Levha Yayıncılık, 2. Basım, 2021."
2211,1321608,23452469,no_match,0.0,,,,,,,,"İbn Kudâme, Abdullâh b. Ahmed el-Makdisî. el-Muğnî. Beyrut: Dâru’l-Fikr, 1405."
2213,1321608,23452481,no_match,0.0,,,,,,,,"Mergînânî, Ebü’l-Hasen Burhânüddîn Alî b. Ebî Bekr b. Abdilcelîl el-Fergânî. el-Hidâye şerh-i Bidâyetü’l-mübtedî. thk. Muhammed Adnân Dervîş. Beyrut: Dâru’l-Erkâm Bin Ebî’l-Erkâm, ts."
2218,1191721,17424849,no_match,0.0,,,,,,,,"GÖKBİLGİN, M. Tayyip (1994), “Edirne”, TDV İslâm Ansiklopedisi, 10, Türkiye Diyanet Vakfı Yayınları, İstanbul, 425- 431."
2233,1185911,17197617,strong,1.0,openlibrary,The Study of Second Language Acquisition,Rod Ellis,2008,,,https://openlibrary.org/works/OL20828370W,"Ellis, R. (1994). The study of second language acquisition. Oxford University Press."
2236,1212377,18489885,no_match,0.0,,,,,,,,"Bedük MN, Deniz İş Sözleşmesi (Ekin Yayınevi 2012)"
2240,1275030,21174819,no_match,0.0,,,,,,,,"Searle, P. (1995). Teaching the senior physics topic of force and motion using conceptual change approaches. In B. Hand, ve V. Prain (Eds.), Teaching and learning in science. The constructivist classroom (pp. 170-192). Harcourt Brace"
2256,1260310,20639620,no_match,0.0,,,,,,,,"Karpat K, Kısa Türkiye Tarihi 1800- 2012, (bs. 10 Timaş Yayınları, İstanbul, 2020)."
2286,1194226,17714208,strong,1.0,openlibrary,Ag Toplumu,Jan Van Dijk,2016,,,https://openlibrary.org/works/OL26232168W,"Van Dijk, Jan. Ağ Toplumu. İstanbul: Kafka Yayınları, 2018."
2288,1249502,20220404,no_match,0.0,,,,,,,,"Şenel (1995) Alâeddin, İlkel Topluluktan Uygar Topluma, Bilim ve Sanat Yayınları."
2306,1271222,21237566,no_match,0.0,,,,,,,,"Ball, J. A. (1987). Reactions to Mohterhood. The Role of Postnatal Care. Cambridge: Cambridge University Press."
2332,1269165,20883615,no_match,0.0,,,,,,,,"Rossi, U., 2017. Cities in global capitalism. John Wiley & Sons. Cambridge, Polity Press."
2338,1302683,22483588,no_match,0.0,,,,,,,,"10. Topçu AW, Söyletir G, Doğanay M. Menenjitler: Topçu-Willke A, Söyletir G, Doğanay M (editörler), Enfeksiyon Hastalıkları ve Mikrobiyolojisi: Sistemlere Göre Enfeksiyonlar. İstanbul: Nobel Tıp Kitabevi: 2017."
2340,1185023,17532997,no_match,0.0,,,,,,,,"Özervarlı, M. Sait. “Muhammed Abduh”. Türkiye Diyanet Vakfı İslâm Ansiklopedisi. 30/482-487. İstanbul: TDV Yayınları, 2005."
2346,1304546,22555902,no_match,0.0,,,,,,,,"Yetkin SK. 1984. İslâm ülkelerinde sanat. Cem Yayınevi, İstanbul, Türkiye, ss: 245."
2371,1187933,17238603,no_match,0.0,,,,,,,,"Yazır, Elmalı’lı Muhammed Hamdi. Hak Dini Kur’an Dili. 4/9 Cilt. İstanbul: Eser Neşriyat ve Dağıtım, 1979."
2372,1337712,24127606,no_match,0.0,,,,,,,,"Erdoğan, M. (2007). Güncel Dini Meseleler İstişare Toplantısı- II, Ankara: Diyanet İşleri Başkanlığı Yayınları."
2386,1345574,24437783,no_match,0.0,,,,,,,,"Ünsal, D., & Pulhan, G. (2012). Türkiye’de kültürel mirasın anlamı ve yönetimi. Aksoy, A. ve Ünsal, D. (Ed.). Kültürel Miras Yönetimi içinde (Ünite 2, 30-65). Anadolu Üniversitesi Yayınları."
2400,1214790,21570040,no_match,0.0,,,,,,,,"Jung, Carl Gustav. Analitik Psikolojinin Temel İlkeleri. (çev. K. Şipal). İstanbul: Cem Yayınevi. 1992."
2402,1161737,16447640,no_match,0.0,,,,,,,,"Özkan, Selim Hilmi, Osmanlı Devleti ve Diplomasi, İstanbul: İdeal Kültür Yayınları, 2017."
2435,1335040,24020222,no_match,0.0,,,,,,,,"Reeves, R.D. & Baker, A.J.M. (2000). Metal accumulating plants. In: Raskin, I. and Finsley, B.D., Eds., Phytoremediation of Toxic Metals: Using Plants to Clean up the Environment, Wiley, New York, 193-229."
2464,1250139,20090207,no_match,0.0,,,,,,,,"İbn Manzûr, Muhammed b. Mükerrem. Lisânü’l-ʿArab. 15 Cilt. Beyrut: Dâru Sâdır, 1414."
2488,1153636,15722161,no_match,0.0,,,,,,,,"Ebû Şâme, Makdisî. Mürşidü’l-vecîz. Thk. Tayyar Altıkulaç. Beyrut: Dâru Sâdır, 1975."
2500,1298327,22577190,no_match,0.0,,,,,,,,"Kudat, Aydın. “Haydar Hatipoğlunun El Yazma Tefsirinde Kıraat Olgusu”. Gaziantep İslam Bilim ve Teknoloji Üniversitesi Yakın Dönem Şark Âlimleri. ed. Adnan Akalın-Eyyüp Tuncer. 219-234. Ankara: Fcr Yayın, 2023."
2505,1174355,16629015,no_match,0.0,,,,,,,,"Schulze, G. & Watson, N.V. (1995). Comments On ‘Flavor Neophobia in Selected Rodent Species’. In R. Wong (Ed.), Biological Perspectives On Motivated Activities, 229–230. Norwood: Ablex Publishing Corporation."
2508,1238350,19609690,no_match,0.0,,,,,,,,"Erdem, Mehmet: Özel Hukukta Zamanaşımı, 1. Baskı, XII Levha Yayıncılık, İstanbul 2010, (Zamanaşımı)."
2512,1276330,21228131,no_match,0.0,,,,,,,,"Dölen, E. (2015). Kuruluşu İzmit’ten İzmir’e Kaçırılan Bir Kâğıt Fabrikası (1846). Kocaeli Büyükşehir Belediyesi Yayınları."
2523,1262114,20594638,no_match,0.0,,,,,,,,"AKDOĞAN, N. ve TENKER N., (2005). Finansal Tablolar ve Mali Analiz Teknikleri, 10. Baskı, Gazi Kitabevi, Ankara."
2536,1256289,20352664,no_match,0.0,,,,,,,,"Apuleius. (1822). The metamorphoses, or golden Ass. (Thomas Taylor, Trans.). London: W.J. Cosby Universal Press."
2537,1256289,20352671,no_match,0.0,,,,,,,,"Aristoteles. (2016). Oikonomika: Antik dönemde ekonomi kavramı üzerine genel değerlendirme. (Burak Takmer, Çev.). İstanbul: Kabalcı Yayınevi."
2543,1340269,24206696,no_match,0.0,,,,,,,,"Kara, İsmail (Haz.). 2019. Mızraklı İlmihâl. Dergâh Yayınları."
2553,1203416,18374256,possible,0.69,crossref_book,"Okuma Eğitimi: Kuram, Uygulama, Ölçme ve Değerlendirme",KARATAY Halit,2013,Pegem Akademi Yayıncılık,,https://doi.org/10.14527/9786053645269.10,"Karatay, H. (2014). Okuma eğitimi kuram ve uygulama (2. Baskı). Ankara: Pegem Akademi Yayıncılık."
2570,1270594,20955956,no_match,0.0,,,,,,,,"Tekin, Ş. (1960). Uygurca Metinler I - Kuanşi İm Pusar. Atatürk Üniversitesi Yayınları."
2573,1369123,25397874,possible,0.619,crossref_book,Affect and Problem Solving in an Elementary School Mathematics Classroom,"Thompson Alba G., Thompson Patrick W.",1989,Springer New York,9781461281788,https://doi.org/10.1007/978-1-4612-3614-6_11,"Carlson, M. A., Wickstrom, M. H., Burroughs, E. A., & Fulton, E. W. (2016). A case for mathematical modeling in the elementary school classroom. In C. R. Hirsch & A. R. McDuffie (Eds.), Mathematical modeling and modeling mathematics (pp. 121-129). National Council of Teachers of Mathematics."
2575,1244760,19857440,no_match,0.0,,,,,,,,"Demirel, Özcan. Genel Öğretim Yöntemleri. Ankara: Usem Yayınları, 2. Basım, 1996."
2586,1354928,24802211,no_match,0.0,,,,,,,,"Budak, G. (2016). Yetkinliğe dayalı insan kaynakları yönetimi (3. Basım). Ankara: Nobel Akademik Yayıncılık."
2609,1328172,24046835,no_match,0.0,,,,,,,,"DEMİRBAŞ, Timur; Ceza Hukuku Genel Hükümler, 17. Baskı, Seçkin Yayın- ları, Ankara, 2022"
2617,1206055,18214043,no_match,0.0,,,,,,,,"Bora, Aksu (1997) “Kamusal Alan/Özel Alan: Mahrumiyet-Özgürleşme İkileminin Ötesi”, Toplum ve Bilim Dergisi, Sayı:75, İstanbul: Birikim Yayıncılık."
2618,1206055,18214062,no_match,0.0,,,,,,,,"Lefebvre, Henri (1968/1996) Le droit a la ville, Paris: Anthropos. English translation ‘The Right to the City’, Part II in Kofman, Eleonore & Lebas, Elizabeth (1996) Lefebvre: Writings on Cities, Oxford: Blackwell Publishing."
2628,1244591,19850880,no_match,0.0,,,,,,,,"Malesevic, S. (2018). Savaşın ve şiddetin sosyolojisi (S. Sarı, çev.). Hece Yayınları."
2634,1340088,24201216,no_match,0.0,,,,,,,,"CENTEL, Nur / ZAFER, Hamide / ÇAKMUT, Özlem: Türk Ceza Hukukuna Giriş, 11. Baskı, Beta Yayıncılık, İstanbul, 2020 (11. Baskı)."
2658,1270483,21180130,no_match,0.0,,,,,,,,"Meclisî, Muhammed Bâkır. Bihârü’l-envâr. 110 Cilt. Beyrut: Dâru İhyâi’t-Turâsi’l-Arabî, 2. Basım, 1403/1982."
2672,1349203,24579396,no_match,0.0,,,,,,,,"(6) Altay, A. (2021), Kamu Alımlarında Elektronik İhale Uygulamalarının İdare ve İsteklilere Yansımaları, Erdem Bafra ve Mustafa Ç. Taşyürek (Ed.), Kamu Alımlarında Güncel Gelişmeler, Dijital Dönüşüm ve Sözleşme Yönetimi içinde (365-374), Ankara, Kamu İhale Kurumu Yayınları."
2717,1365041,25238233,no_match,0.0,,,,,,,,"Kanadoğlu, Osman Korkut ve Ahmet Mert DUYGUN, Anayasa Hukukunun Genel Esasları, 3. Baskı, On İki Levha Yayınları, İstanbul, 2023."
2719,1365041,25238250,no_match,0.0,,,,,,,,"Teziç, Erdoğan, Anayasa Hukuku, 16. Bası, Beta Yayınevi, İstanbul, 2013."
2741,1275930,21209740,no_match,0.0,,,,,,,,"İbn Ferhûn, Ebü’l-Vefâ Burhânüddîn İbrâhîm b. Alî b. Muhammed el-Ceyyânî. ed-Dîbâcü’l-müzheb fî ma‘rifeti a‘yân ‘ulemâ’i’l-mezheb. thk. Ebû’n-Nûr Muhammed el-Ahmedî. 2 Cilt. Kahire: Dâru’t-Türâs, 1972."
2752,1286713,21784117,no_match,0.0,,,,,,,,"Gazioğlu, A. C. (2000). Kıbrıs’ta Türkler 1570-1878, 308 yıllık Türk dönemine yeni bir bakış. Kıbrıs Araştırma ve Yayın Merkezi."
2758,1293587,23053578,no_match,0.0,,,,,,,,"Baltagi, B.H. (2005). Econometric analysis of panel data (3. Baskı). John Wiley & Sons Ltd., Chester."
2759,1293587,23053619,no_match,0.0,,,,,,,,"Wallerstein, I. (2011). Dünya sistemleri analizi bir giriş. Bgst Yayınları – 43, 2. Basım, Hazırlayan: Taylan Doğan, Ömer F. Kurhan, Çeviren: Ender Abadoğlu, Nuri Ersoy, İstanbul."
2765,1211825,18521184,no_match,0.0,,,,,,,,"Yılmaz, H. (2011). Güçlendirici liderlik. İstanbul: Beta Basım Yayın Dağıtım."
2768,1199126,17832511,no_match,0.0,,,,,,,,"Argunşah, M. (2018). Çağatay Türkçesi. İstanbul: Kesit Yayınları."
2773,1263393,20640664,no_match,0.0,,,,,,,,"Gürkan, S. L. (2006). Nazar. Türkiye Diyanet Vakfı İslam Ansiklopedisi (C. 32, 444-446) İstanbul: TDV Yayınları."
2776,1191621,17407751,no_match,0.0,,,,,,,,"BLACK, Henry Campbell: Black’s Law Dictionary, 4. Baskı, West Publishing Co, Saint Paul, Minnesota, 1968."
2786,1183136,17132803,no_match,0.0,,,,,,,,"İbnü’l-Esîr; El Kâmil Fi’t-Târîh Tercümesi, Cilt IX-X, (Çev. Abdülkerim Özaydın), Bahar Yayınları, İstanbul, 1991."
2807,1342796,24320661,no_match,0.0,,,,,,,,"Özbek V Ö, Doğan K and Bacaksız P, Türk Ceza Hukuku Özel Hükümler (18th edn. Seçkin Yayınevi 2023)"
2811,1223069,18883543,no_match,0.0,,,,,,,,"Cevherî, Ebû Nasr İsmâîl b. Hammâd. es-Sıhâh fi’l-luga. ed. Ahmed Abdülgafûr Attâr. Beyrut: Dâru’l-İlm li’l-Melâyîn, 4. Basım, 1987."
2812,1223069,18883583,no_match,0.0,,,,,,,,"Zehebî, Ebû Abdillâh Şemsüddîn Muhammed b. Ahmed b. Osmân et-Türkmânî el-Fârikî ed-Dımaşkî. Târîhu’l-İslâm ve vefeyâtü’l-meşâhîr ve’l-aʿlâm. ed. Ömer Abdüsselâm Tedmürî. Beyrut: Dâru’l-Kitâbi’l-ʿArabî, 2. Basım, 1993."
2827,1368317,25372594,no_match,0.0,,,,,,,,"Diderot, D. (1998). Konuşmalar (Entretiens) (A. Cemgil, Çev.). İstanbul: Milli Eğitim Basımevi."
2828,1368317,25372610,no_match,0.0,,,,,,,,"Melton, J. V. H. (2008). Aydınlanma Avrupası’nda kamunun yükselişi. (F. B. Aydar, Çev.). İstanbul: Boğaziçi Üniversitesi Yayınevi."
2854,1230508,19511287,no_match,0.0,,,,,,,,"Karahan, L. (2014). Anadolu Ağızlarının Sınıflandırılması, Ankara: Türk Dil Kurumu Yayınları."
2882,1376312,26278636,no_match,0.0,,,,,,,,"Grandits, Hannes, and Brunnbauer, Ulf. (2013). “The ambiguous nation: Socialist and post- socialist nation-building in Southeastern Europe in perspective”. The Ambiguous Nation: Case Studies from Southeastern Europe in the 20th Century, Eds. Grandits, Hannes, and Brunnbauer, Ulf: pp. 9-41). Oldenbourg Verlag."
2885,1193899,17569410,no_match,0.0,,,,,,,,"Varış, F. (1973). Cumhuriyetin 50. Yılında Türkiye’de Öğretmen Yetiştirmede Karşılaşılan Birkaç Sorun. 50. Yıla Armağan (s. 47-62). içinde Ankara: Ankara Üniversitesi Eğitim Fakültesi Yayınları."
2887,1325921,23629400,no_match,0.0,,,,,,,,"K. Kuratowski, Topology, Academic Press, 1966."
2889,1355330,24826626,no_match,0.0,,,,,,,,"Kuru B, İcra ve İflas Hukuku El Kitabı (2 Baskı Adalet Yayınevi 2013)"
2894,1358943,24981658,no_match,0.0,,,,,,,,"Tosh, J. & Dempsey, F. (2020) Sexual Abuse and Surviving with(in) Psychology. Lee, D. ve Palmer, E. haz. #MeToo: Survivors of Sexual Violence as Counsellors and Psychotherapists. Wyastone Leys: PCCS Books: 64-82."
2900,1356183,24860719,no_match,0.0,,,,,,,,"Smith, P. (2007). Kültürel kuram (S. Güzelsan & İ. Gündoğdu, Çev.; 2. bs). Babil Yayınları."
2901,1275840,21203902,no_match,0.0,,,,,,,,"Hançerlioğlu, O. (1975). İnanç Sözlüğü: Dinler, Mezhepler, Tarikatler, Efsaneler. İstanbul: Remzi Kitabevi."
2905,1335630,24046143,no_match,0.0,,,,,,,,"Engels, F. (1997). İngiltere’de emekçi sınıfın durumu. Ankara: Eriş Yayınları."
2918,1201237,18200071,strong,1.0,openlibrary,Oxford dictionary of English,Catherine Soanes,2003,,,https://openlibrary.org/works/OL19516907W,"Stevenson, A. (2010). Oxford Dictionary of English. New York: Oxford University Press."
2935,1187306,17211941,strong,1.0,openlibrary,The Cambridge handbook of situated cognition,Murat Aydede,2009,,,https://openlibrary.org/works/OL18679865W,"Robbins, P. & Aydede, M. (Eds). (2009). The Cambridge handbook of situated cognition. Cambridge: Cambridge University Press. Scharfstein, B. (1989). The dilemma of context. New York & London: New York University Press."
2942,1254814,20290914,no_match,0.0,,,,,,,,"Pulaşlı H, Kıymetli Evrak Hukukunun Esasları (9. Bası, Adalet 2021)."
2951,1186775,17188558,no_match,0.0,,,,,,,,"Râzî, Fahrüddîn Muhammed b. Ömer. Nihâyetü’l-‘ukûl. nşr. Sa‘îd Fûde. Beyrut: Dârü’z- Zehâir, 2015."
2953,1320183,24141497,no_match,0.0,,,,,,,,"Bozkurt, M. (2005). Video Sanatı Enstalasyon / Film / Performans, İstanbul: Bileşim Yayınevi"
2965,1288533,22538513,no_match,0.0,,,,,,,,"Büyüköztürk, Ş. (2007). Deneysel desenler ön test-son test kontrol grubu desen ve veri analizi (2. baskı). Ankara: Pegem A Yayıncılık."
2972,1268307,20840666,strong,1.0,openlibrary,Postmodernligin Durumu,David Harvey,2003,,,https://openlibrary.org/works/OL26276212W,"Harvey, D. (1999). Postmodernliğin Durumu. S. Savran (Çev.). İstanbul: Metis Yayınları."
2981,1303003,23499696,no_match,0.0,,,,,,,,"Benhabib, S. (2008) Çatışan Feminizmler- Felsefi Fikir Alışverişi. Çev. F. E. Sezer, İstanbul: Metis Yayınları."
2998,1286285,21771449,no_match,0.0,,,,,,,,"Argunşah, M. (2018). Tarihî Türk lehçeleri Çağatay Türkçesi. İstanbul: Kesit Yayınları."
3010,1365423,25258815,no_match,0.0,,,,,,,,"Narayan, U. (2019). Feminist Yöntem Nedir, Ne Değildir? İçinde; Türkiye’de Feminist Yöntem (Ed: E. Erdoğan ve N. Gündoğdu), ss. 37-51. İstanbul: Metis Yayınları."
3022,1352205,24691192,strong,1.0,openlibrary,Teokratik devlet ve lâik devlet,Sadri Maksudi Arsal,1940,,,https://openlibrary.org/works/OL1602962W,"Arsal, Sadri Maksûdi. “Teokratik Devlet ve Laik Devlet”. Tanzimat I içinde, 59-93. İstanbul: Maarif Matbaası, 1940."
3023,1352205,24691201,no_match,0.0,,,,,,,,"Bingöl, Sedat. Tanzimat Devrinde Osmanlı’da Yargı Reformu (Nizamiye Mahkemeleri’nin Kuruluşu ve İşleyişi 1840-1876). Eskişehir: T.C. Anadolu Üniversitesi Yayınları, 2004."
3025,1352205,24691221,no_match,0.0,,,,,,,,"İlhan, Cengiz. Günümüz Türkçe’siyle Mecelle (Mecelle-i Ahkâm-ı Adliye). Ankara: Yetkin Yayınları, 2014."
3032,1267076,20784363,no_match,0.0,,,,,,,,"13. Nixon MS, Aguado AS. Feature Extraction & Image Processing for Computer Vision. 3rd ed Else- vier: Academic Press, Cambridge MA USA; 2012"
3048,1225088,19353888,strong,0.896,crossref_book,34 ‘Cultural Criticism and Society’,Adorno Theodor W.,2003,Edinburgh University Press,9781474470230,https://doi.org/10.1515/9781474470230-045,"ADORNO, Theodor W. (1981), “Cultural Criticism and Society”, Çev. Samuel ve Shierry WEBER, Prisms, MIT Press, Cambridge, 17-34."
3050,1317521,23238508,no_match,0.0,,,,,,,,"Jones, William Thomas. Ortaçağ Düşüncesi Batı Felsefesi Tarihi. 2. cilt. çev. Hakkı Hünler. İstanbul: Paradigma Yayıncılık, 2006."
3061,1266320,20754520,no_match,0.0,,,,,,,,"___________. “Kadîm ile Cedîd Arasında: Muhâsebe Çağı’nda Tıp Bilimi.” İslâm Düşünce Atlası, c.5. Editör İbrahim Halil Üçer içinde 1817-1821. Konya: Konya Büyükşehir Belediyesi Kültür A.Ş. Yayınları, 2022."
3062,1283885,22189882,no_match,0.0,,,,,,,,"Sırkaşeva, L. T. ve Kuçigaşeva, N. A. (2000). Teleüt Ağzı Sözlüğü. Çeviren: Ş. H. Akalın ve Ç. Turgunbayev. Ankara: TDK Yayınları. (TAS)"
3091,1372487,25521439,no_match,0.0,,,,,,,,"Kâdî Abdülcebbar. Şerhu’l-Usûli’l-hamse. çev. İlyas Çelebi. 2 Cilt. İstanbul: Türkiye Yazma Eserler Kurumu Başkanlığı Yayınları, 2013."
3094,1221252,19236563,no_match,0.0,,,,,,,,"Bulut, Halil İbrahim. Dünden Bugüne Siyasi-İtikadî İslâm Mezhepleri Tarihi. Ankara: Ankara Okulu Yayınları, 1. Basım, 2011."
3095,1221252,19236565,strong,1.0,openlibrary,İslâm tarihi,Mehmet Zeki Cânan,1977,,,https://openlibrary.org/works/OL45366950W,"Canan, Mehmet Zeki. İslâm Tarihi. 2 Cilt. İstanbul: Yelken Matbaası, 1977."
3096,1221252,19236627,no_match,0.0,,,,,,,,"Şakir, Mahmut. Hz. Adem’den Bugüne Kadar İslam Tarihi. çev. Ferit Aydın. 8 Cilt. Istanbul: Kahraman Yayınları, 1993. Şehristânî, Ebu’Feth eş-. el-Milel ve’n Nihal. thk. Abdulaziz Muhammed el-Vekil. 3 Cilt. Kahire, 1968."
3105,1198651,17844602,no_match,0.0,,,,,,,,"Andersen , G. E. (2011). Tamamlanmamış devrim kadınların yeni rollerine uymak. İstanbul: İletişim Yayınları."
3107,1308089,22682742,no_match,0.0,,,,,,,,"Emecen, Feridun, ”Osmanlı Devleti’nin Kuruluşundan Fetret Dönemine”, Türkler, C.IX, Yeni Türkiye Yayınları, Ankara 2002, s. 24-55."
3108,1308089,22682772,no_match,0.0,,,,,,,,"Ortaylı, İlber, “Osmanlı İmparatorluğu’nda Millet Sistemi”, C.X, Türkler, Yeni Türkiye Yayınları, Ankara 2002, s. 216-220."
3109,1308089,22682782,no_match,0.0,,,,,,,,"Şehir ve Cemiyet (Weber-Tönnies-Simmel), Hazırlayan: Ahmet Aydoğan, İz Yayıncılık, İstanbul 2000."
3121,1248600,20009508,no_match,0.0,,,,,,,,"Gürkan, Salime Leyla. “Yahudilik”. Türkiye Diyanet Vakfı İslâm Ansiklopedisi. 43/187-197. İstanbul: TDV Yayınları, 2013."
3141,1246233,20072098,no_match,0.0,,,,,,,,"Şâtıbî, Ebû İshâk İbrahim b. Mûsâ. el-Muvâfakât. nşr. Ebû Ubeyde Meşhûr b. Hasen Âlu Selmân, 4 Cilt. Huber: Dâru İbn Affân, 1997/1317."
3142,1369352,25406421,strong,1.0,openlibrary,Educating for character,Thomas Lickona,1991,,,https://openlibrary.org/works/OL3537857W,"Lickona, T. (1991). Educating for character: How our schools can teach respect and responsibility. Bantam Books."
3159,1363801,25181983,no_match,0.0,,,,,,,,"Arık, Ömer. Hızır b. Muhammed el-Amâsî ve Gusûnü’l-usûl Adlı Eseri. Istanbul: Kitap Dünyası Yayınları, 2022."
3160,1160928,16060616,strong,1.0,openlibrary,Sosyal Medya Endustrisi,Tolga Kara,2013,,,https://openlibrary.org/works/OL26228006W,"Kara, T., (2013). Sosyal Medya Endüstrisi. İstanbul: Beta Yayınları."
3166,1251755,21239358,no_match,0.0,,,,,,,,"Yılmaz S/Çavuşoğlu G F, Kişisel Verileri Koruma Hukuku, Yetkin Yayınları, 2020."
3169,1239888,20195976,strong,1.0,openlibrary,i-Nesli,Jean M. Twenge,2018,,,https://openlibrary.org/works/OL26361922W,"TWENGE, J. (2018). İ nesli. İstanbul: Kaknüs Yayınları."
3188,1185850,17142716,strong,1.0,crossref_book,Sosyal Bilimlerde Nitel Araştırma Yöntemleri,Kavut Sevgi,2024,Akademisyen Kitabevi,9786253751609,https://doi.org/10.37609/akya.3369.c8919,"Yıldırım, A. ve Şimşek, H. (2016). Sosyal bilimlerde nitel araştırma yöntemleri. Ankara: Seçkin Yayıncılık."
3201,1198774,17880365,no_match,0.0,,,,,,,,"Eken, M. (2021). Pandemi sürecinde işlevsel bir araç olarak internet: Görünüş ile gerçeklik arasında etkileşimli yaşam deneyimi. İçinde F. Karaarslan, & S. Doğan (Editörler), Rutin ve Hayret: Bir İmkân ve İmtihan Olarak Pandemi (ss.149-168). Dün Bugün Yarın Yayınları."
3205,1201931,17961129,no_match,0.0,,,,,,,,"H. W. Dettmer, The Logical Thinking Process. Milwaukee, USA: ASQ Quality Press, 2007."
3249,1375388,25627379,no_match,0.0,,,,,,,,"Aydın, H. Veli. Osmanlı Maliyesinde Modern Bir İç Borçlanma Örneği Olarak Esham Uygulaması. Ankara: Abis Yayınları, 2022."
3251,1375388,25627403,no_match,0.0,,,,,,,,"Ulusoy, Ahmet. Devlet Borçlanması. Kocaeli: Umuttepe Yayınları, 11. Basım, 2018."
3254,1299018,22322691,strong,0.75,openlibrary,Kanar Türkçe-Farsça sözlük,Mehmet Kanar,2007,,,https://openlibrary.org/works/OL35583096W,"Kanar, M. (2010). Farsça-Türkçe sözlük. Say Yayınları."
3265,1355084,24814911,no_match,0.0,,,,,,,,"Wiles, P. (1969). A Syndrome, not a doctrine, G. Ionescu & E. Gellner (Ed.), Populism: Its Meanings and national characteristics içinde (166-179, ss.). The Garden City Press."
3272,1254034,20255800,strong,1.0,openlibrary,Grounds of judgment,Pär Kristoffer Cassel,2011,,,https://openlibrary.org/works/OL16517927W,"CASSEL, Pär K. Grounds of Judgment: Extraterritoriality and İmperial Power in Nineteenth-Century China and Japan. Oxford studies in international history. Oxford, New York: Oxford University Press, 2012."
3273,1253407,20225709,strong,1.0,openlibrary,"Delilik, siyaset ve toplum",Fatih Artvinli,2013,,,https://openlibrary.org/works/OL23351059W,"Artvinli, F. (2013). Delilik, siyaset ve toplum: Toptaşı Bimarhanesi (1873-1927). Boğaziçi Üniversitesi Yayınevi."
3274,1253407,20225723,no_match,0.0,,,,,,,,"Foucault, M. (2018). Kliniğin doğuşu. (Çev: Ş. Ünsaldı), Epos Yayınları."
3305,1202747,18050952,no_match,0.0,,,,,,,,"Yetişen, A., Pirli, A. & Gülgün, B. (2022). Manisa İli Merkez İlçeleri Kent Peyzajının Ekolojik Bağlantılılık Çerçevesinde Değerlendirilmesi. In: Yazıcı, K. (Ed), Güncel Gelişmeler Işığında Peyzaj Mimarlığı Çalışmaları-2022, 3-28p, İksad Publishing House."
3331,1321905,23465563,no_match,0.0,,,,,,,,"Bozkurt, Veysel. (2009). Değişen Dünyada Sosyoloji (Sociology in a Changing World). Bursa: Ekin Basım Dağıtım."
3340,1347318,24500113,no_match,0.0,,,,,,,,"Açıl, A. F. and Demirci, R. (1984). Agricultural Economics Courses. Ankara University, Agricultural Faculty Press: 880, Ankara, Türkiye (In Turkish)"
3354,1298683,23253852,strong,1.0,openlibrary,Qualitative research for nurses,Immy Holloway,1996,,,https://openlibrary.org/works/OL2690384W,"Holloway, I., & Wheeler, S. (1996). Qualitative research for nurses. Blackwell Science, Oxford; Cambridge, Mass."
3369,1298683,23254440,no_match,0.0,,,,,,,,"Altun M., Matematik Öğretimi (Ortaokullarda 5,6,7 Ve 8. Sınıflarda), 11. Baskı, Aktüel Yayıncılık, Bursa, 2015."
3370,1255180,20305519,no_match,0.0,,,,,,,,"Glover, J. (1970). On responsibility. New York: Humanities Press. Guba, E. G., & Lincoln, Y. S. (1994). Competing paradigms in qualitative research. Handbook of Qualitative Research, 2, 163-194."
3371,1255180,20305528,strong,1.0,openlibrary,Hayvan Çiftligi,George Orwell,2021,,,https://openlibrary.org/works/OL26156866W,"Orwell, G. (1945). Hayvan Çiftliği [Animal Farm] (C. Üster, Trans.). İstanbul: Can Yayınları."
3385,1171458,16850364,no_match,0.0,,,,,,,,"Miles, M, B. & Huberman, A. M. (1994). Qualitative data analysis: An expanded sourcebook (2nd ed.). Thousand Oaks, CA: Sage."
3392,1313989,22999873,strong,0.836,openlibrary,Sosyal Bilimlerde Ölcme Araci Hazirlama,Veysel Sönmez,2016,,,https://openlibrary.org/works/OL26210329W,"Sönmez, V., & Alacapınar, G. (2016). Sosyal bilimlerde ölçme aracı hazırlama. Anı Yayıncılık."
3397,1322455,23488308,no_match,0.0,,,,,,,,"Ülger, İ. K. (2003). Yugoslavya Neden Parçalandı? Balkan Dramının Perde Arkası, Ankara: Seçkin Yayınları."
3418,1352566,24708700,no_match,0.0,,,,,,,,"Câmî, A. (2011). Evliya Menkıbeleri: Nefahâtü’l-Üns. (çev. Lâmiî Çelebi). Haz. S. Uludağ, M. Kara. İstanbul: 1. Bs., Pinhan Yayıncılık."
3419,1352566,24708711,no_match,0.0,,,,,,,,"Mesnevihâ-yi Ḥakîm Senâî. (1348 hş.). Tsh. Müderris-i Razavî, M. T. Tahran: İntişârât-i Dânişgâh-i Tahrân. Mevlânâ Celâleddin-i Rûmî, (2015). Mesnevî-yi Ma‘evî. (çev. D. Örs, H. Kırlangıç). İstanbul: Türkiye Yazma Eserler Kurumu Başkanlığı Yayınları."
3424,1225769,19012049,no_match,0.0,,,,,,,,"Özdemir, Hayrunnisa. “Eser Sözleşmesi.” içinde Borçlar Hukuku Özel Hükümler. editör Turgut Öz, Ankara: Seçkin Yayınları, 2023."
3435,1263646,20648025,no_match,0.0,,,,,,,,"ADIR, Esma Kıraç, Ağır Bedensel Zarar Görenin Yakınlarının Manevi Tazminat Talebi, Yetkin Yayınları, Ankara, 2018."
3442,1301594,22442024,no_match,0.0,,,,,,,,"11. Green LA, Phillips RL, Fryer GE, et al. The nature of primary medical care. In: Jones R, Britten N, Culpepper L, et al., editors. Oxford Textbook of Primary Medical Care. 1st ed. New York: Oxford University Press; 2004:3-10."
3443,1350363,24627408,no_match,0.0,,,,,,,,"Sevüktekin M, Nargeleçekenler M, 2010. Ekonometrik Zaman Serileri Analizi – Eviews Uygulamalı. Nobel Yayın Dağıtım, Ankara."
3468,1186343,17541068,no_match,0.0,,,,,,,,Konter E. (1996). Bir lider olarak antrenör (1. Basım). İstanbul: Alfa Yayın.
3470,1293485,22076210,no_match,0.0,,,,,,,,"Ögel, B. (2022c). Türk Kültür Tarihine Giriş V. Ankara: Türk Tarih Kurumu Yayınları."
3475,1291270,21990256,strong,0.864,crossref_book,Karma Yöntem Araştırmaların Temel Özellikleri,ÇELİK Suat,2017,Pegem Akademi Yayıncılık,,https://doi.org/10.14527/9786053184720.01,"Teddlie, C. ve Tashakkori, A. (2020). Karma yöntem araştırmalarının temelleri (2.Bs.). (Çev.Ed., Y. Dede ve S. B. Demir), (1.Baskıdan çeviri). Anı Yayıncılık."
3481,1186825,17694386,no_match,0.0,,,,,,,,"Ateş, Süleyman. Kur’ân-ı Kerîm ve Yüce Meâli. İstanbul: Yeni Ufuklar Neşriyat, ts."
3499,1324283,23567283,no_match,0.0,,,,,,,,"Kabadayı, L. (2013). Film eleştirisi: Kuramsal çerçeve ve sinemamızdan örnek çözümlemeler. Ayrıntı Yayınları."
3506,1285983,21750829,no_match,0.0,,,,,,,,"Ansari, Hassan. “Mu‘tezilîliğin Şiî Alımlanması (1): Zeydîler”. çev. Orhan Şener Koloğlu. Başlangıçtan Günümüze İslâm Kelâmı. 255-273. İstanbul: Küre Yayınları, 2020."
3507,1285983,21750843,no_match,0.0,,,,,,,,"Hüseynî, Muhammed b. Şerefüddin b. Abdillah. Meṣâdıru ʿilmi’l-kelâmi’z-Zeydî. Riyâd: Dâru Fâris, 1443/2022."
3508,1369882,25426142,no_match,0.0,,,,,,,,"Taştan, K. (2021). Uzaktan çalışma örgütlenmesi. Ankara: Gazi kitabevi."
3530,1303661,22523910,no_match,0.0,,,,,,,,"Den Tandt, C. (1997). Oceanic discourse, empowerment and social accommodation in Kate Chopin's The Awakening and Henrik Ibsen's The Lady from the Sea. In M. Maufort (Ed.), Union in partition: Essays in honor of Jeanne Delbaere (pp. 71-80). Liège."
3561,1219195,19120418,no_match,0.0,,,,,,,,"Karacan, O. (2022). Yerel Demokrasi. Yerel Yönetimler. Y. Özkaya, V. Erat, K. Demirci & A. Duran (Ed.), Yerel Yönetimler, Kent ve Çevre Politikaları Ansiklopedisi (663-667) içinde. Ankara: Nobel Yayınevi."
3562,1219195,19120470,strong,0.762,openlibrary,United Nations e-Government Survey 2022,United Nations Publications,2022,,,https://openlibrary.org/works/OL32521597W,"United Nations, (2022). E-Government Survey 2022. New York: UN Publishing."
3568,1265908,20738872,no_match,0.0,,,,,,,,"37. Çokluk Ö, Şekercioğlu G, Büyüköztürk Ş. Sosyal Bilimler İçin Çok Değişkenli İstatistik: SPSS ve Lisrel Uygulamaları. 2. Baskı. Ankara, Pegem Akademi Yayıncılık, 2012; 136-94."
3575,1340051,24199200,no_match,0.0,,,,,,,,"YALÇIN M. Namık (Ed.) (2015) İstanbul Üniversitesi’nde Jeoloji Bir Asırlık Geçmiş 1915- 2015, Müessese İletişim Yayıncılık, İstanbul."
3583,1321584,23451165,no_match,0.0,,,,,,,,"Gottdiener, M. (2005). Postmodern Göstergeler/Maddi Kültür ve Postmodern Yaşam Biçimleri (Trans. Hakan Gür, Arhan Nur & Erdal Cengiz). Ankara: İmge Kitabevi Yayınları."
3584,1321584,23451199,no_match,0.0,,,,,,,,"Postman, N. (1994). Televizyon: Öldüren Eğlence (Trans. O. Akınhay). İstanbul: Ayrıntı Yayınları."
3585,1321584,23451215,no_match,0.0,,,,,,,,"Tavaslı, Y. (2020). Tavaslı Yayınları Salat-ı Tefriciye ve Esmaül-Hüsna Faziletleri. Tavaslı Yayınları."
3618,1298132,23224945,no_match,0.0,,,,,,,,"Tabachnick, B. G., & Fidell, L. S. (2013). Using multivariate statistics (Sixth Ed.). Pearson Publishing."
3619,1305110,22575696,no_match,0.0,,,,,,,,"Arslan, N. (2008), Neş’e Erdok. Eczacıbaşı Sanat Ansiklopedisi, C. 1, 468, İstanbul: YEM Yayınları."
3630,1343137,24335289,no_match,0.0,,,,,,,,"Latour, Bruno. Biz Hiç Modern Olmadık, 1. Baskı, Norgunk Yayıncılık, İstanbul, 2008."
3635,1334640,24006547,strong,1.0,openlibrary,Flora of Turkey and the East Aegean islands,P. H. Davis,1965,,,https://openlibrary.org/works/OL12315980W,"Davis, P. H. (1967). Flora of Turkey and the East Aegean Islands. Edinburgh University Press."
3639,1221581,18835181,no_match,0.0,,,,,,,,"Turgut, Ali. Tefsîr Usûlü ve Kaynakları. İstanbul: MÜİFV Yayınları, 1. Baım, 1991."
3646,1229000,21599308,no_match,0.0,,,,,,,,"Köksal, M. A. (2008). Peygamberler Peygamberi Hz. Muhammed (a.s.) ve İslamiyet. Erkam Yayınları."
3675,1379284,25742488,strong,1.0,openlibrary,Kıraat ilmi ve tarihi,Abdülhamit Birışık,2004,,,https://openlibrary.org/works/OL42496971W,"Birışık, Abdulhamit. Kıraat İlmi ve Tarihi. Bursa: Emin Yayınları, 2. Basım, 2014."
3693,1320203,23384139,no_match,0.0,,,,,,,,"Murat, M. (2007). Okuma eğitimi. F. Bölükbaşı (Ed.), Türkçe Öğretimi (s. 99-119) içinde. Lisans Yayıncılık."
3694,1320203,23384148,no_match,0.0,,,,,,,,"Robertson, A. K. (2004). Etkili Dinleme. (E. S. Yarmalı, Çev.). Hayat Yayınları."
3709,1341016,24236912,no_match,0.0,,,,,,,,"Esed, M. (1999). Kur’an mesajı meal-tefsir (5 b., Cilt 2). İstanbul: İşaret Yayınları."
3710,1341016,24236924,no_match,0.0,,,,,,,,İbnü’l-Cezerî. (1999). Müncidü’l-Mukri’în ve Mürşidü’t-Tâlibîn. Beyrut: Dâru’l-Kütübi’l İlmiyye.
3737,1282163,21546333,no_match,0.0,,,,,,,,"Turan, L. (2013). Çocuk yayınlarında yer alan bazı olumsuzluklar [Some negative aspects in children's publications]. In Eğitim Fakülteleri İçin Çocuk Edebiyatı (Yılar & Turan Eds.), pp. 201-224. Pegem Akademi."
3738,1230380,19261190,no_match,0.0,,,,,,,,"Erdoğan, S. (2005). Beslenme ve Besin Teknolojisi. Ankara: Detay Publishing."
3748,1180184,16933152,no_match,0.0,,,,,,,,"1.Nair PA, Patel BC. Herpes Zoster. [Updated 2021 Sep 9]. In: StatPearls [Internet]. Treasure Island (FL): StatPearls Publishing; 2021 Jan-."
3752,1241584,20872687,no_match,0.0,,,,,,,,"Gökyay, O. Ş. (1973). Dedem Korkut'un kitabı. İstanbul: Başbakanlık Kültür Müsteşarlığı Kültür."
3768,1351195,24655445,no_match,0.0,,,,,,,,"Yurtcan, Erdener, Şahsi Dava ve Uygulaması, 2. Baskı, Işın Yayıncılık, Ankara 1985."
3780,1320626,23406884,no_match,0.0,,,,,,,,"Ceylan, A., & Korkmaz , T. (2014). Finansal teknikler (8.Basım). Ekin Yayınevi ."
3781,1283310,21617576,strong,1.0,crossref_book,Sosyal Bilimlerde Nitel Araştırma Yöntemleri,Kavut Sevgi,2024,Akademisyen Kitabevi,9786253751609,https://doi.org/10.37609/akya.3369.c8919,"Yıldırım, A. ve Şimşek, H. (2021). Sosyal bilimlerde nitel araştırma yöntemleri. Seçkin Yayıncılık."
3793,1259978,20510315,no_match,0.0,,,,,,,,"12. Davis DD, Kane SM. Fifth-Toe Deformities.USA: StatPearls Publishing. 2022:32491393."
3802,1211651,18468040,no_match,0.0,,,,,,,,"Ağaoğlu, O.K. (1992). İşgücünü Verimli Kullanma Tekniklerinin Turizm Sektörüne Uygulanması. Ankara: Milli Prodüktivite Merkezi Yayınları."
3808,1263887,20801432,strong,1.0,openlibrary,Money and the morality of exchange,"Maurice Bloch, Jonathan P. Parry",1989,,,https://openlibrary.org/works/OL16948786W,"Maurice, Bloch – Jonathan, Parry (ed.). Money and the Morality of Exchange. Cambridge: Cambridge University Press, 1989."
3820,1351344,24661578,strong,1.0,crossref_book,Complexity Theory,Larsen-Freeman Diane,2017,John Benjamins Publishing Company,9789027213389,https://doi.org/10.1075/lllt.48.02lar,"(60) Larsen-Freeman, D. (2020). Complexity theory. In J. I. Liontas (Ed.), The TESOL Encyclopedia of English language teaching (pp. 1-6). John Wiley & Sons."
3826,1222919,18877390,no_match,0.0,,,,,,,,"İbrahim Halebî. Mülteka Tercümesi, (çev. Hüsamettin Vanlıoğlu), Yasin Yayınları, İstanbul 2014, C.3."
3834,1355038,25256074,no_match,0.0,,,,,,,,"Ülken, H. Z. (1994). Türkiye’de çağdaş düşünce tarihi (4. baskı). Ülken Yayınları."
3845,1177381,16748217,no_match,0.0,,,,,,,,"Taranoğlu, A. (2005). Konya Maarif Kolejinden Meram Anadolu Lisesine Elli Yılın Öyküsü. İstanbul: KMKD Yayınları."
3846,1217529,19038775,strong,1.0,openlibrary,İlkçağ Felsefe Tarihi 1,Ahmet Arslan,2017,,,https://openlibrary.org/works/OL26280113W,"Arslan, Ahmet. İlkçağ Felsefe Tarihi 1. İstanbul: Bilgi Üniversitesi Yayınları, 3. Ed., 2009."
3847,1371440,25483906,no_match,0.0,,,,,,,,"Ahipaşaoğlu, H. (2001). Turizmde rehberlik. Detay Yayıncılık."
3848,1371440,25483915,no_match,0.0,,,,,,,,"Çolakoğlu, O., Epik F., & Efendi, E. (2007). Tur yönetimi ve turist rehberliği. Detay Yayıncılık."
3866,1228985,19191331,no_match,0.0,,,,,,,,"Tunçay, M. (1989). Tc.'inde Tek Parti Yönetiminin Kurulması (1923-1931). İstanbul: Cem Yayınevi."
3879,1220815,19222669,strong,0.909,crossref_book,Comparative Study of Religions,,2017,Springer Netherlands,9789402408454,https://doi.org/10.1007/978-94-024-0846-1_100039,"Wach, J. (1958). The comparative study of religions (J. M. Kitagawa, Ed.). New York: Columbia University Press."
3891,1201210,17938038,no_match,0.0,,,,,,,,"Bozdoğan, S. (2008). Modernizmin ve ulusun inşası (T. Birkan Çev.). Metis yayınları."
3900,1305276,22581635,no_match,0.0,,,,,,,,"Gürbilek, N. (2007). Kör ayna, kayıp şark (2. bs.). İstanbul: Metis Yayınları."
3904,1379277,25742209,no_match,0.0,,,,,,,,"Berger, Peter L. Kutsal Şemsiye. çev. Ali Coşkun. İstanbul: Rağbet Yayınları, 2011."
3907,1245183,19886839,no_match,0.0,,,,,,,,"Stepʿanos Tarōnecʿi Asołik, Patmutʿiwn Tiezerakan, ed. S. Malxaseancʿ, St Petersburg, 1885; English trans. T. Greenwood, The Universal History of Stepʿanos Tarōnecʿi (Oxford University Press), Oxford, 2017."
3909,1238237,19600936,strong,0.962,openlibrary,Kadin bilinci erkek dunyasi,Sheila Rowbotham,1987,,,https://openlibrary.org/works/OL810547W,"Rowbotham, Sheila. Kadın Bilinci Erkek Dünyası. çev. Şükrü Alpagut (İstanbul: Payel Yayınları, 1998)."
3922,1317356,23230204,strong,1.0,openlibrary,Igneous Rocks - A Classification and Glossary of Terms,"R. W. Le Maitre, A. Streckeisen, B. Zanettin, M. J. Le Bas, B. Bonin",2002,,,https://openlibrary.org/works/OL25662954W,"Le Maitre, R.W. (Ed) (1989) A Classification of Igneous Rocks and Glossary of Terms. Blackwall, Oxford."
3949,1333084,23951966,no_match,0.0,,,,,,,,"Deringil, Selim, İktidarın Sembolleri ve İdeoloji. İstanbul: Doğan Kitap, 2014."
3951,1375531,25632450,strong,1.0,openlibrary,Gelisim Psikolojisi,Bekir Onur,1997,,,https://openlibrary.org/works/OL26278917W,"Onur, B. (2021). Gelişim psikolojisi. Ankara: İmge Kitabevi."
3954,1316183,23154085,no_match,0.0,,,,,,,,"3. The Oxford English Dictionary. 2. Baskı. Oxford: Clarendon Press; 1989. Tuber, tubercle, tubercule, tuberculosis; Cilt 18, ss. 642-644."
3955,1316183,23154086,no_match,0.0,,,,,,,,4. Porter R. Kan revan içinde: Tıbbın kısa tarihi. 3. Baskı. İstanbul: Metis Yayınları; 2021. s. 16.
3973,1356277,24864265,no_match,0.0,,,,,,,,"Bişirici, D.A. (2021). Hilmi Ziya Ülken’de Anadolu kavramı ve Anadoluculuk. ÖZNE, felsefe, bilim ve sanat yazıları, 34. kitap, Çizgi Kitabevi."
3990,1257947,20670750,no_match,0.0,,,,,,,,"23. Boylestad R. L., Louis N., Electronic Devices and Circuit Theory, Palme Publishing, 10th Edition, 2015, Ankara."
4013,1324383,23571801,no_match,0.0,,,,,,,,"Bağdâdî, İsmâil Paşa. Hediyyetü’l-‘Ârifîn Esmâü’l-Müellifîn Ve Âsâru’l-Musannifîn. 1. cilt. İstanbul: Milli Eğitim Basımevi, 1951."
4032,1299598,22387339,no_match,0.0,,,,,,,,"Tezcan D ve Erdem MR ve Sancakdar O ve Önok RM, İnsan Hakları El Kitabı (Seçkin Yayıncılık 2010)."
4034,1186056,17152007,no_match,0.0,,,,,,,,"Lange, G., Neumann, K., & Ziesenis, W. (Hrsg). (2000). Produktiver Umgang mit Litaratur im Unterricht Band 1. Hohengehren: Schneider Verlag."
4036,1213094,18519485,no_match,0.0,,,,,,,,Gül ile Sitemkâr / Zaman-ı Sabıkda Cereyan Eden Bir Vaka-yı Âşıkane. (1332). İstanbul: Şems Matbaası.
4065,1219251,21590466,no_match,0.0,,,,,,,,"Kaltschmıtt, M. & Wiese, A. (2007a). Energy balance of the earth. In M. Kaltschmitt, W. Streicher and A. Wiese (Eds.). Renewable energy: Technology, economics and environment, (ss. 23-31). Springer."
4082,1387822,26025828,no_match,0.0,,,,,,,,"Kutluer, İlhan. “Hayy ve Kâmil: İki ‘Otodidakt’ın Serüveni”. Akıl ve İtikad: Kelâm-Felsefe İlişkileri Üzerine Araştırmalar. 109-146. İstanbul: İz Yayıncılık, 1996."
4108,1358404,24945951,no_match,0.0,,,,,,,,"Foucault, M. (1987). Söylemin düzeni. Hil Yayınları."
4120,1296652,22205211,no_match,0.0,,,,,,,,"Giroux, H. A. (2007). Eleştirel pedagoji ve neoliberalizm. (Çev. B. Baysal). Kalkedon Yayınları."
4121,1296652,22205215,no_match,0.0,,,,,,,,"Illich, I. (2009). Okulsuz toplum (Çev. M. Özay). Şule Yayınları."
4122,1336199,24070112,no_match,0.0,,,,,,,,"Turan, O. (1969). Selçuklular Tarihi ve Türk-İslam Medeniyeti. Turan Neşriyat."
4126,1335635,24046379,no_match,0.0,,,,,,,,"Laster, Kathy, and Veronica Taylor. 1994. Interpreters and the Legal System. Sydney: The Federation Press."
4198,1245678,19898569,no_match,0.0,,,,,,,,"Alan, A. (2019). İçerik Pazarlaması/Müşteriye Bilgi Sunma Sanatı. Kriter Yayınevi."
4199,1245678,19898595,no_match,0.0,,,,,,,,"Handley, ., & Chapman, C.C. (2017). Dijital Çağda İçerik Yönetiminin Kuralları. Zeynep Kökkaya (Çev). İstanbul: MediaCat Yayınları."
4229,1273351,21099565,no_match,0.0,,,,,,,,"Yaltırık, F., 1993. Dendroloji Ders Kitabı II. Angiospermae (Kapalı Tohumlular), İstanbul Üniversitesi Orman Fakültesi Basımevi, İstanbul."
4234,1253711,20240595,no_match,0.0,,,,,,,,"Rice, Tamara Talbot. Bizans’ta Günlük Yaşam. Bizans’ın Mücevheri Konstantinopolis. Çev. Bilgi Altınok. İstanbul: Özne Yayınları, 1998)."
4238,1367404,25820333,possible,0.667,openlibrary,Graphic Design,Stephen J. Eskilson,2007,,,https://openlibrary.org/works/OL7914510W,"Eskilson, S. J. (2012). Graphic Design A New History. Laurence King Publishing."
4259,1303831,23529409,no_match,0.0,,,,,,,,"Appelbaum, E., & Batt, R. (1993). High-performance work systems: American models of workplace transformation. ILR Press."
4263,1190552,17347873,strong,0.892,openlibrary,Byzantium in the iconoclast era (c. 680-850),Leslie Brubaker,2010,,,https://openlibrary.org/works/OL15883846W,"Brubaker, Leslie & John Haldon. Byzantium in the Iconoclast Era, c. 680-850: A History. Cambridge: Cambridge University Press, 2011."
4265,1315331,23103776,strong,0.933,openlibrary,Mukaddime Cilt,Ibn - i Haldun,2018,,,https://openlibrary.org/works/OL26276674W,"Ibn Haldun (2007), Mukaddime Cilt 1. (Haz. Süleyman Uludağ). Dergah Yayınları"
4294,1352568,24708761,no_match,0.0,,,,,,,,"Curcanî, A. İbn M. es-Seyyid eş-Şerîf (1997). Tarifat, wer. A.Erkan, İstanbul: Bahar Yayınları."
4300,1199061,17830507,no_match,0.0,,,,,,,,MEB. (2018a). Medya Okuryazarlığı Dersi Öğretim Programı. Ankara: MEB Yayınları.
4301,1280741,21460222,no_match,0.0,,,,,,,,"Giddens, A. (2000). Sosyoloji. (H. Özel, & C. Güzel, Dü) Ankara: Ayraç yayınevi."
4305,1296597,22203053,no_match,0.0,,,,,,,,"Önder, A. ve Özkan, B. (2013). Sürdürülebilir çocuk gelişimi okul öncesinde etkinliklerle çevre eğitimi (1. baskı). Anı Yayıncılık."
4316,1217797,18684575,no_match,0.0,,,,,,,,"Mîr Dâmâd, Muhammed Bâkır el-Huseynî el-Esterâbâdî. er-Ravâşihu’s-Semâviyye. thk. Gulamhuseyn Kayseriyyehâ-Nimetullah el-Celîlî. Kum: Dâru’l-Hadis, 1 basım, 2001."
4324,1207470,18220257,no_match,0.0,,,,,,,,"Gökdemir, Ahmet Ender.1998. Cenub-i Garbi Kafkas Hükümeti, Ankara: Atatürk Araştırma Merkezi Yayınları."
4325,1207470,18220276,no_match,0.0,,,,,,,,"Kansu, Mazhar Müfit.1968. Erzurum’dan Ölümüne Kadar Atatürk’le Beraber, 2.Cilt, Ankara: Türk Tarih Kurumu Yayınları."
4337,1305826,22601859,no_match,0.0,,,,,,,,"Grant, Robert, Tracy, David. A Short History of the Interpretation of the Bible, Washington: Fortress Press, 1984."
4338,1305826,22601873,no_match,0.0,,,,,,,,"Mevlana. Mesnevî-i Şerîf-VI, Çev. Veled İzbudak, Ankara: MEB Yayınları, 1988."
4354,1204080,18064987,no_match,0.0,,,,,,,,"MAZOWER, Mark, Selanik: Hayaletler Şehri: Hristiyanlar, Müslümanlar ve Yahudiler (1430-1950), çev. Gül Çağalı Güven, 1. Baskı, İstanbul, Yapı Kredi Yayınları, 2007."
4357,1193128,18931218,no_match,0.0,,,,,,,,"Ali el-Kârî, Ebu’l-Hasen Nûrüddîn Ali b. Sultan Muhammed el-Kârî el-Herevî. Mirkâtu’l-mefâtîh şerhu mişkâti’l-mesâbîh. 9 Cilt. Beyrut: Dâru’l-Fikr, 1. Basım, 1422."
4369,1214399,18899265,no_match,0.0,,,,,,,,"Öneş, H. (2008). Turizm yeşeriyor. Gastronomi, Sayı:68, Şubat – Mart 2008, İstanbul: Boyut Yayıncılık AŞ."
4387,1160408,16073969,no_match,0.0,,,,,,,,"Melikoff, Irene. 2011. Uyur İdik Uyardılar. Çev. Turan Alptekin. 3. Basım. İstanbul: Demos Yayınları."
4389,1365822,25275274,no_match,0.0,,,,,,,,"Wilkens, J. ve Nugteren, H. (2023). Grammaticalisation and lexicalisation of the Old Turkic verb ur-. Ö. Ayazlı, T. Karaayak ve U. Uzunkaya (Ed.), Doğumunun 60. Yılında Mehmet Ölmez Armağanı Bilge Biliglig Bahşı Bitigi içinde (ss. 643-663). Çanakkale: Paradigma Akademi Yayınları."
4392,1199289,17838859,no_match,0.0,,,,,,,,"BOTTÉRO, J., 2013. Gılgamış Destanı. Ölmek İstemeyen Büyük İnsan, Çev.: Orhan Suda, Yapı Kredi Yayınları, İstanbul."
4399,1204145,18208185,no_match,0.0,,,,,,,,"Akyıldız, Ali. (2019). Osmanlı'da Ulaşımın Modernleşmesi. İstanbul, Timaş Yayınları."
4404,1245978,19910172,no_match,0.0,,,,,,,,"15. Ziyalar, N. (2020). ""Çocuk İstismarı ve Çocukla Adli Görüşme Teknikleri"". 1. Baskı, Ankara, Seçkin Yayıncılık."
4409,1159182,15992035,no_match,0.0,,,,,,,,"Aziz, A. (2020), Sosyal Bilimlerde Araştırma Yöntemleri ve Teknikleri (13. Basım), Ankara: Nobel Akademik Yayıncılık."
4417,1288476,21873871,no_match,0.0,,,,,,,,"Ünlü, S. (2001). Psikoloji. Eskişehir: Anadolu Üniversitesi Açıköğretim Fakültesi Yayınevi."
4422,1389822,26097889,no_match,0.0,,,,,,,,"FAWCETT, J.E.S.: The Law of Nations, Oxford 1968."
4470,1206118,18136561,strong,0.9,crossref_book,What is an Author? 1,Foucault Michel,2017,Routledge,9781351226387,https://doi.org/10.4324/9781351226387-36,"Foucault, M. (1994) “What is an Author?”, çev. Harari, J. V., Aesthetics, Method, and Epistemology, (ed. Faubion, James D.), 205–222, New York: The New Press."
4480,1314929,23081014,no_match,0.0,,,,,,,,"Topur, T.: Dünya ve Türkiye - AB - Kıbrıs Üçgeni, Yeni Türkiye Yayınları, 2002."
4494,1244261,19838533,no_match,0.0,,,,,,,,"Sirak. Kullanılan Metin ve Çeviri: (2015), Sirak, Kutsal Kitap ve Deuterokanonik Kitaplar, Deuterokanonik (Apokrif) Kitaplar içinde (87-160), Kitabı Mukaddes Şirketi, Korea."
4497,1244261,19838540,no_match,0.0,,,,,,,,"Susa, Ahmet (2015), Tarihte Araplar ve Yahudiler, (Çev. A. Batur), Selenge Yayınları, İstanbul."
4579,1261897,20588323,no_match,0.0,,,,,,,,Van Valiliği (1998). Cumhuriyetin 75. yılında Van. ERK Yayıncılık.
4583,1291024,22939366,no_match,0.0,,,,,,,,"Diyanet İşleri Başkanlığı. Türkiye’de Dini Hayat Araştırması. Ankara: Diyanet İşleri Başkanlığı Yayınları, 2014."
4584,1291024,22939386,no_match,0.0,,,,,,,,"Korkmaz, Mehmet. Din Öğretimi Teknolojisi ve Materyal Geliştirme. Kayseri: Tezmer Yayınları, 2014."
4586,1304955,22570889,no_match,0.0,,,,,,,,Akalın İ (1995). DİSK Kısa Tarihi (1960-1980). İstanbul: Öteki Yayınevi.
4587,1304955,22570943,strong,1.0,openlibrary,İngiliz İşçi Sınıfının Oluşumu,E. P. Thompson,2015,,,https://openlibrary.org/works/OL26374631W,"Thompson E P (2004). İngiliz İşçi Sınıfının Oluşumu. Çev. U Kocabaşoğlu, İstanbul: Birikim Yayınları."
4599,1358365,24944489,possible,0.667,crossref_book,Panic disorder and social phobia,Clark David M.,2015,Oxford University Press,,https://doi.org/10.1093/med:psych/9780192627254.003.0006,"Clark, D. M. & Wells, A. (1995). A cognitive model of social phobia. In R. G. Heimberg, M. R. Liebowitz, D. A. Hope, & F. R. Schneier (Eds.), Social phobia: Diagnosis, assessment and treatment (pp. 69–93). Guilford Press."
4608,1356961,24890047,strong,0.925,crossref_book,Sosyal Bilimlerde Nicel Araştırma Yöntemleri,Büyükyılmaz Ozan,2024,Akademisyen Kitabevi,9786253751609,https://doi.org/10.37609/akya.3369.c8916,"(18) Gürbüz, S., & Şahin, F. (2018). Sosyal bilimlerde araştırma yöntemleri: Felsefe - yöntem - analiz. Seçkin Yayıncılık."
4629,1244342,20913007,no_match,0.0,,,,,,,,"Demirayak, Kenan. Arap Edebiyatı Tarihi II Sadrul İslam Dönemi. Erzurum: Fenomen, 2013. Doğan, Mehmet. Büyük Türkçe Sözlük. İstanbul: Vadi Yayınları, 2003."
4634,1168724,16840665,strong,1.0,crossref_book,Nitel Araştırma Yöntemleri,Aydın Nurşen,2023,Özgür Yayınları,9789754478259,https://doi.org/10.58830/ozgur.pub377,"Şimşek, H. ve Yıldırım, A. (2021). Nitel araştırma yöntemleri. Ankara: Seçkin Yayıncılık."
4637,1233156,19412411,strong,1.0,openlibrary,Eski Türkçede İkilemeler,Ahmet Karaman,2022,,,https://openlibrary.org/works/OL34944205W,"Karaman, A. (2022). Eski Türkçede ikilemeler. Türk Dil Kurumu Yayınları."
4639,1379977,25761572,no_match,0.0,,,,,,,,"Kalın, İ. (2021a). Ben öteki ve ötesi (22. Basım). İnsan Yayınları."
4640,1379977,25761607,no_match,0.0,,,,,,,,"Uzun, N. (2012). Avrupa’da İslamofobi. Pınar Yayınları."
4642,1376073,25651412,no_match,0.0,,,,,,,,"İbnü’l-Hümâm, Kemâlüddîn Muhammed b. Abdilvâhid b. Abdilhamîd es-Sivâsî. Fetḥu’l-ḳadîr (Bâbertî’nin el-İnâyesi ve Sa’di Çelebi’nin haşiyesi ile). 10 Cilt. Beyrut: Dâru’l-Fikr, ts."
4646,1252567,20192635,no_match,0.0,,,,,,,,"Giddens, A., (2010). Kapitalizm ve Modern Sosyal Teori. (2. Basım), Çev. Ümit T., İstanbul: İletişim Yayınları"
4649,1284481,21709774,strong,1.0,openlibrary,"Insan ve ""Herkes""",José Ortega y Gasset,2007,,,https://openlibrary.org/works/OL26365381W,"Y. Gasset, Ortega. (2014) İnsan ve “Herkes”. (N. G. Işık, Çev.). İstanbul: Metis Yayınları."
4670,1363348,25171700,no_match,0.0,,,,,,,,"Seneca, L. A. (2019). Mutlu yaşam üzerine (3. baskı). (C. C. Çevik, Çev.). Türkiye İş Bankası Kültür Yayınları. (Özgün eser basım yak. MS 58)"
4677,1299565,22348183,no_match,0.0,,,,,,,,"Gözübüyük A Ş, Yönetim Hukuku (33. bs, Turhan Kitabevi, 2015)."
4678,1299565,22348190,no_match,0.0,,,,,,,,"Patton M Q, Nitel Araştırma ve Değerlendirme Yöntemleri, Çev. Ed: Mesut Bütün ve Selçuk Beşir Demir, 5. Bölüm Çev: İnanç Eti ve Buket Turhan Türkkan (2. bs, Pegem Akademi Yayınevi, 2018)."
4686,1201597,17948667,no_match,0.0,,,,,,,,"Watt, Ian. Romanın Yükselişi. Çeviren Ferit Burak Aydar. İstanbul: Metis Yayınları, 2007."
4702,1332065,24674406,no_match,0.0,,,,,,,,"Ömer Seyfettin. “Yeni Lisan.” Bütün Eserleri: Makaleler 1, haz. Hülya Argun- şah, 102-114. İstanbul: Dergâh Yayınları, 2001."
4716,1270348,20942604,no_match,0.0,,,,,,,,"Gözübüyük, A. Şeref/Tan, Turgut (2003) İdare Hukuku, Ankara, Turan Kitabevi."
4717,1270348,20942609,no_match,0.0,,,,,,,,"Kaboğlu, İbrahim (1999) Özgürlükler Hukuku, 5. Baskı, İstanbul, AFA Yayınları."
4720,1286357,21806729,no_match,0.0,,,,,,,,"Şirvani, S. A. (2005). Seçilmiş Eserleri 1.Cilt. Avrasiya Press."
4739,1183284,17149377,no_match,0.0,,,,,,,,"Çinar, Fatih. “Dijitalleşen Çağda Online Nikâh Akdi Meselesi”. İslam ve Yorum V. ed. Harun Bekiroğlu vd. 461-486. Malatya: İnönü Üniversitesi Yayınları, 2021."
4743,1183284,17149428,no_match,0.0,,,,,,,,"Şâtıbî, Ebû İshak. el-Muvâfakât. Kahire: Dâru’l-Hadîs, 2006."
4750,1282293,21546615,no_match,0.0,,,,,,,,"Davies, Glyn. A History of Money From Ancient Times to The Present Day. Cardiff: University of Wales Press, 2002."
4766,1301157,22420550,no_match,0.0,,,,,,,,"EKMEKÇİ, Ömer / YİĞİT, Esra: Bireysel İş Hukuku Dersleri, 1. Baskı, On İki Levha Yayıncılık, İstanbul, 2020."
4767,1301157,22420556,no_match,0.0,,,,,,,,"HAUSHEER, Heinz / WALTER, Hans Peter (Hrsg.): BK - Berner Kommentar, 2. Baskı, Stämpfli Verlag, Zürich, 2014. (Yazar, BK)"
4778,1375915,25645650,no_match,0.0,,,,,,,,"Beydilli, K. (2012). “Vak’a-i Hayriye”, İslam Ansiklopedisi, Cilt: 42, İstanbul Türkiye Diyanet Vakfı Yayınları."
4788,1198986,17827824,possible,0.647,crossref_book,Fecr-i Âtî Dergisi Kanad İnceleme Tam Metin,Türk Hatem,2021,Akademisyen Kitabevi,9786052588345,https://doi.org/10.37609/akya.236,"Türk, H. (2017). Meşale: İnceleme-Tam Metin. Erzurum: Fenomen Yayınları."
4798,1223582,19634193,no_match,0.0,,,,,,,,"Bell. D. (2006). Kutsalın dönüşü, (A. Köse, Çev.). Laik ama kutsal. Etkileşim Yayınları. (Orijinal eserin basım tarihi, 1977)."
4804,1277759,21287811,no_match,0.0,,,,,,,,"BERMAN Mark, A Practitionier’s Guide to SEC Regulation Outside the United States, City and Financial Publishing, Great Britain, 2000."
4805,1277759,21287812,no_match,0.0,,,,,,,,"Black’s Law Dictionary, Ed. Bryan A. Garner, 7. bası, West Group, St. Paul- Minnoseta, 2000."
4806,1277759,21287843,no_match,0.0,,,,,,,,"KURTAY Selma, Foreign Currency Options, Market Structure, Pricing, Strategies and Accountancy, SPK Yayınları, Ankara, 1997."
4808,1277759,21287870,no_match,0.0,,,,,,,,"TEWELES R. J. / BRADLEY E. S. / TEWELES Ted M., The Stock Market, 6. bası, John Wiley&Sons Inc., New York, 1992."
4818,1234776,19475167,no_match,0.0,,,,,,,,"Pelletier, L. (2002). A motivational analysis of self-determination for proenvironmental behaviors. Rochester, NY: University of Rochester Press."
4821,1322445,23487510,no_match,0.0,,,,,,,,"Ergen, Yunus. Dijital Minber Kutsal Otorite Postmodern Dijital Kültürde Din. Konya: Necmettin Erbakan Üniversitesi Yayınları, 2023."
4835,1262629,20619218,no_match,0.0,,,,,,,,"Tabachnik, B. G., & Fidell, L. S. (2015). Çok değişkenli istatistiklerin kullanımı (altıncı basımdan çeviri). (M. Baloğlu, Çev.) Ankara: Nobel Akademik Yayıncılık."
4842,1264370,20681806,no_match,0.0,,,,,,,,"Ezherî, Hâlid b. Abdillâh. Şerḥu’t-taṣrîḥ ʿale’t-tavżîḥ. thk. Muhammed Bâsıl Uyûnu’s-Sûd. Beyrut: Dâru’l-Kutubi’l-İlmiyye 2000."
4845,1206158,18138068,strong,0.984,openlibrary,Cocuk Edebiyati ve Okuma Kulturu,Sedat Sever,2013,,,https://openlibrary.org/works/OL26408098W,"Sever, S. (2015). Çocuk Edebiyatı ve Okuma Kültürü. İzmir: Tudem Yayınları."
4851,1277809,21290889,no_match,0.0,,,,,,,,"EREN Fikret, Borçlar Hukuku Genel Hükümler, 25. Bası, Yetkin, Ankara, 2020."
4859,1301733,22448292,no_match,0.0,,,,,,,,"Zengin, O. (2007), Türkiye’de Kamu Yönetimi Disiplininin ‘Özgüllük’ ve ‘Saflık’ Sorunu. (Ed.: Ş. Aksoy ve Y. Üstüner), Kamu Yönetimi, s.79-100, Ankara: Nobel Yayınları."
4875,1310362,22772859,no_match,0.0,,,,,,,,"Denknalbant, Ayşe. “Köşk”, Türkiye Diyanet İslâm Ansiklopedisi, 26/279–282. İstanbul: İslâm Araştırmaları Merkezi Yayınları, 1. Basım, 2002."
4894,1368960,25881475,no_match,0.0,,,,,,,,"[5] Öztel, A., & Alp, İ. (2020). Çok kriterli karar verme seçiminde yeni bir yaklaşım. Kriter Yayıncılık, İstanbul."
4896,1319105,23329017,no_match,0.0,,,,,,,,"Corey, G. (2008). Psikolojik Danışma Kuram ve Uygulamaları (T. Ergene, Çev.) (11.bs.). Mentis Yayıncılık."
4903,1288882,22491075,no_match,0.0,,,,,,,,"Akçura, Y. (2019). Üç Tarz-ı Siyaset, (Ed. F. Uçar), Salon Yayınları."
4905,1288882,22491111,no_match,0.0,,,,,,,,"Smith, A. D. (2013). Milliyetçilik, (Çev: Ü. H. Yolsal), Atıf Yayınları."
4906,1330288,23820936,no_match,0.0,,,,,,,,"Coyne, P. and Fullerton, A. (2014). Toward a balanced leisure lifestyle for adults. In M.Tincani & A. Bondy (Eds.), Autism spectrum disorder in adolescents and adults evidence-based and promising intervention (pp. 208-237). Newyork, Londan: The Guilford Press."
4916,1190329,17338234,strong,1.0,openlibrary,GIS and public health,"Ellen K. Cromley, Sara L. McLafferty",2002,,,https://openlibrary.org/works/OL20618766W,"Cromley, E. K., & McLafferty, S. L. (2011). GIS and public health. Guilford Press."
4919,1286144,21782443,no_match,0.0,,,,,,,,"Ergin, M. (2000). Edebiyat ve Eğitim Fakültelerinin Türk Dili ve Edebiyatı Bölümleri İçin Türk Dil Bilgisi. Bayrak Yayıncılık."
4963,1230912,20176046,no_match,0.0,,,,,,,,"Erdoğan, Mustafa vd. Mir’âtü’l-Kâ’inât (Kâ’inatın aynası) Hüsameddin Bursevî. Ankara Sonçağ Yayıncılık, 2021."
4965,1230940,19514111,strong,1.0,openlibrary,Dilbilimin temel kavram ve ilkeleri,Berke Vardar,1982,,,https://openlibrary.org/works/OL4546452W,"Vardar, B. (1998). Dilbilimin Temel Kavram ve İlkeleri. Multilingual Yayınları."
4967,1268743,20877217,possible,0.739,crossref_book,Open Dating of Foods,"Labuza Theodore P., Szybist Lynn M.",2004,Wiley,9780917678530,https://doi.org/10.1002/9780470385104,"Labuza, T.P. (1982). Shelf-life dating of foods: Food & Nutrition Press, Inc. ISBN: 9780917678141, 0917678141."
4978,1364431,25211242,no_match,0.0,,,,,,,,"Durkheim, É. (1997). The division of labor in society. (W. D. Halls, Trans.), Free Press. (Original work published 1893)"
4979,1364431,25211264,no_match,0.0,,,,,,,,"Onisoya, M. & Ogonda, M. P. (2023). Role of the family in students’ awareness of national security in secondary schools in Port Harcourt Metropolis. Patricia African Scholar Publications & Research International 29(8), 45-60."
4982,1311157,22805349,no_match,0.0,,,,,,,,"Emîr Husrev Dihlevî. Şîrîn ü Husrev. haz. Gazanfer Aliyev. Moskova: Doğu Edebiyatı Yayınları İdaresi, 1962."
5039,1197351,17742350,no_match,0.0,,,,,,,,"Boratav, K. (2011). Türkiye İktisat Tarihi, 1908-2009, 15. Baskı. Ankara: İmge Kitabevi."
5052,1287497,21828007,strong,0.925,crossref_book,Sosyal Bilimlerde Nicel Araştırma Yöntemleri,Büyükyılmaz Ozan,2024,Akademisyen Kitabevi,9786253751609,https://doi.org/10.37609/akya.3369.c8916,"Gürbüz, S., & Şahin, F. (2018). Sosyal bilimlerde araştırma yöntemleri. Felsefe-Yöntem-Analiz[Research methods in social sciences. Philosophy-Method-Analysis] (5th ed.). Seçkin Yayıncılık."
5062,1343312,24341914,no_match,0.0,,,,,,,,"(8) Erhat, Azra (2007), Mitoloji Sözlüğü, Remzi Kitabevi, İstanbul."
5092,1364448,25212559,no_match,0.0,,,,,,,,"Brzezinski, Z. (1994). Büyük çöküş. G. Keskil & G. Pakkan (Çev.). Türkiye İş Bankası Kültür Yayınları."
5099,1286336,21773030,no_match,0.0,,,,,,,,"Ersoy, Mehmet Âkif, Safahât, haz. Ömer Rıza Doğrul, İnkılâp Kitabevi, İstanbul 1963."
5100,1286336,21773067,no_match,0.0,,,,,,,,"Tevfik Fikret, Halûk’un Defteri, Tanîn Matbaası, İstanbul 1327."
5103,1314105,23016067,no_match,0.0,,,,,,,,"Küçükyıldız, A. (2011). Satranç’ın Atası Olan Türk Zekâ Oyunu; Mangala. Araştırma ve Eğitim Genel Müdürlüğü Yayınları."
5105,1284384,21664905,no_match,0.0,,,,,,,,"Creswell, J. W. & Creswell, J. D. (2018). [ITALIC]Research design[/ITALIC] (5th ed.). Los Angeles, USA: SAGE Publications."
5108,1301159,22420644,no_match,0.0,,,,,,,,"GÖZLER, Kemal: İdare Hukuku Cilt 1, 3. Baskı, Ekin Basım Yayın Dağıtım, Bursa, 2019."
5131,1380629,25784415,no_match,0.0,,,,,,,,"Eroğlu, Ö. (2022b). Sanat ve Sanatçı: Sanat Yaratımının Psikolojik Temelleri, İstanbul: Tekne Yayınları, s.47–55."
5139,1330823,23844467,no_match,0.0,,,,,,,,"ERDOĞAN, Muhammed Emin, Ortaöğretim T.C. İnkılap Tarihi ve Atatürkçülük Ders Kitabı, Semih Ofset SEK Yayıncılık, Ankara 2021."
5140,1211969,18659942,no_match,0.0,,,,,,,,"Sugarman, David B., Gerald T. Hotaling. 1991. Dating violence: A review of contextual and risk factors. In B. Levy (Ed.), Dating violence: Young women in danger (pp. 100–118). New York: Seal Press."
5144,1181606,16958327,strong,1.0,openlibrary,"Toplumsal Hareketler - Tarih, Teori ve Deneyim",Y.Dogan Cetinkaya (Ed.),2008,,,https://openlibrary.org/works/OL26374200W,"Çetinkaya, D.Y. (2008). Toplumsal Hareketler: Tarih, Teori ve Deneyim. İstanbul: İletişim Yayınları."
5146,1217755,20920376,strong,1.0,openlibrary,Türk kültüründe ağaç kültü,Pervin Ergun,2004,,,https://openlibrary.org/works/OL12844358W,"Ergun, P. (2004). Türk Kültüründe Ağaç Kültü. Ankara: AKM Başkanlığı Yayınları."
5192,1237240,21245259,no_match,0.0,,,,,,,,"Demirbaş T, Kriminoloji, 6. Bası, Seçkin Yayıncılık, 2016."
5196,1296166,22186150,no_match,0.0,,,,,,,,"Mill, J. S. (1978). Berkeley’s Life and Writings (1871). University of Toronto Press and Routledge & Kegan Paul. İçinde J. W. Robson (Ed.), Essays on Philosophy and the Classics by John Stuart Mill (Collected Works).: C. XI. Routledge & Kegan Paul."
5203,1238157,19595267,no_match,0.0,,,,,,,,"Gökalp, Z. (1973). Terbiyenin Sosyal ve Kültürel Temelleri (R. Kardaş, Ed.). İstanbul: Milli Eğitim Basımevi."
5261,1347350,24501641,strong,1.0,openlibrary,Yunan Mitleri,Robert Graves,2020,,,https://openlibrary.org/works/OL26215829W,"GRAVES, R. (2004). Yunan Mitleri. (çev. Uğur Akpur). İstanbul: Say Yayınları."
5276,1238686,19622648,strong,1.0,openlibrary,The Uses of Pessimism,Roger Scruton,2010,,,https://openlibrary.org/works/OL20464334W,"Scruton, R. (2010). The uses of pessimism: And the danger of false hope. New York, NY: Oxford University Press."
5289,1372765,25532348,no_match,0.0,,,,,,,,"Feyzioğlu, Turhan. İdare Hukukunda Emprevizyon Nazariyesi (Beklenmeyen Haller Meselesi). Ankara: Milli Eğitim Basımevi, 1947."
5290,1372765,26026165,no_match,0.0,,,,,,,,"Pekdinçer, R. Taner-Toprakkaya Babalık, İrem. “Korona Virüs Salgınının Sözleşmelere Etkisi, İfa İmkansızlığı, İfa Güçlüğü Ve Uyarlama”. Covid 19 Salgınının Hukuki Boyutu, Hukukun Tüm Alanlarında Değerlendirmeler (Ed. Muhammet Özekes). İstanbul: XII Levha Yayıncılık, 2020, 303- 322."
5305,1210386,18386417,strong,1.0,openlibrary,Ticari Banka Yonetiminin Temelleri,Hasan Selcuk Batu Tunay,2014,,,https://openlibrary.org/works/OL26208847W,"SELÇUK, H., & TUNAY, B. (2014). Ticari Banka Yönetiminin Temelleri, Nobel Akademik Yayıncılık, Ankara."
5311,1332672,23935863,strong,1.0,openlibrary,Yeni Bir Başlangıç,Philippe Hofman,2012,,,https://openlibrary.org/works/OL26374413W,"Hofman, P. (2012). Yeni bir başlangıç: Emeklilik (Keşifler, imkânlar, fırsatlar). İstanbul: İletişim Yayınları. google scholar"
5343,1346752,24476332,no_match,0.0,,,,,,,,"Ersoy, A. F. (2016). Fenomenoloji. Ahmet Saban ve Ali Ersoy (Ed), Eğitimde nitel araştırma desenleri (s. 51-105). Anı Yayıncılık."
5365,1233582,19428467,no_match,0.0,,,,,,,,"Coates, T.N. (2021). Önsöz (S. Demirdöğdü, Çev.). T. Morrison (Yazar), Ötekilerin kökeni içinde (s. 7-14). Sel Yayıncılık. (Özgün eser 2017 yılında yayınlanmıştır)"
5381,1332396,23923865,no_match,0.0,,,,,,,,"Cohen, D. (1995). Erkek olmak. Y. Alagon (Çev.). İstanbul: Alan Yayıncılık."
5425,1277936,21296853,no_match,0.0,,,,,,,,"JELAVICH, Barbara, Balkan Tarihi, 18. ve 19.Yüzyıllar, Küre Yayınları, terc. İhsan Durdu, İstanbul 2006."
5430,1328116,23724691,no_match,0.0,,,,,,,,"Yazıcıoğlu, Y. ve S. Erdoğan (2004). SPSS Uygulamalı Bilimsel Araştırma Yöntemleri. Ankara: Detay Yayıncılık."
5449,1293144,22062491,strong,1.0,openlibrary,Qualitative data analysis,Matthew B. Miles,1984,,,https://openlibrary.org/works/OL2022506W,"Miles, M. B., & Huberman, A. M. (1994). Qualitative data analysis: An expanded sourcebook. Sage Publications."
5452,1368025,25360816,no_match,0.0,,,,,,,,"Sekkâkî, İbn Ya'kûb Yûsuf b. Ebî Bekr Muhammed b. Alî. Miftâhu’l-ʿulûm. Beyrut: Dâru’l-Kütübi’l-ʿİlmiyye, 1987."
5463,1218211,19077091,no_match,0.0,,,,,,,,"Maşalı, Mehmet Emin. “Kur’an’ı Anlamanın Anlamı”. Kur’an’ı Anlama Sem-pozyumu 14-16 Mayıs 2010. 109-119. İzmir: Tibyan Yayıncılık, 2011."
5483,1314226,23029264,strong,1.0,openlibrary,Erken Cocukluk Egitiminde Etkili Uygulamalar,"Hatice Zeynep Inan, Sue Bredekamp, Taskýn Inan",2015,,,https://openlibrary.org/works/OL26163230W,"Bredekamp, S. (2015). Erken çocukluk eğitiminde etkili uygulamalar. Nobel Yayıncılık."
5492,1288874,21888365,no_match,0.0,,,,,,,,"Gazzî, Kemâleddin b. Muhammed el-Gazzî el-Âmirî. en-Naʿtü’l-ekmel. nşr. M. Mutî‘ el-Hâfız – Nizâr Abâza. Dımaşk: Dâru’l-Fikir, 1402/1982."
5502,1284464,21668668,no_match,0.0,,,,,,,,"Bayram, M. (2003c). Sadruddin Konevi kütüphanesi ve kitapları. Türkiye Selçukluları Üzerine Araştırmalar içinde s. 190-199, Konya: Kömen Yayınları."
5504,1246723,20590454,no_match,0.0,,,,,,,,"Turan, R. (2016). Türkmenistan’da okutulan tarih ders kitaplarında Osmanlı devleti’ne yaklaşım. M. Koçak (Ed.), Uluslararası Türk dünyası eğitim bilimleri ve sosyal bilimler kongresi bildirileri (s. 37-48) içinde. Türk Eğitim-Sen Genel Merkezi Yayınları."
5510,1314989,23084249,strong,0.988,openlibrary,Flora of Turkey and the East Aegean islands,P. H. Davis,1965,,,https://openlibrary.org/works/OL12315980W,"Davis, P.H. (Edt.) (1982). Flora of Turkey and The East Aegean Island. Univ. Press, Edinburgh. 7. 297-313."
5532,1192678,17741473,no_match,0.0,,,,,,,,"Karakullukçu, B. (2020). Nitel araştırmalarda içerik analizi ve pazarlama örnekleri. In M. Zerenler (Edt), Pazarlamanın nitel çağı (p.137-156). İstanbul: Çizgi Kitabevi."
5544,1182045,16986396,no_match,0.0,,,,,,,,"Mazıoğlu, H. (1974). Ahmed Fakih, Kitābu Evsāfı Mesācidi’ş-Şerįfe. Ankara: Türk Dil Kurumu Yayınları."
5547,1243549,19863886,no_match,0.0,,,,,,,,"Asan, Ü. (2017a). Anıt ağaç kavramının fiziksel, görsel ve sosyokültürel dayanakları. Arkeoloji ve Sanat Yayınları."
5554,1264148,20670278,no_match,0.0,,,,,,,,"Kaya, E. (2007). Birinci Dünya Savaşı ve Milli Mücadele’de vilâyât-ı şarkiyye ve Aydın vilayeti mültecileri (1915-1923). Ankara: Ebabil Yayıncılık."
5556,1264148,20670289,no_match,0.0,,,,,,,,"Üngör, U. Ü. (2015). Felaketlerle dolu on yıl: (1915-1925) Ermeniler ve Kürtler. J. Jongerden, J. Verheij (Haz.), Osmanlı Döneminde Diyarbekir’de Toplumsal İlişkiler (1870-1915) içinde (s. 269-298). A. Gür (Çev.). İstanbul: İstanbul Bilgi Üniversitesi Yayınları."
5558,1191474,17427340,possible,0.744,crossref_book,Okul Öncesi Eğitimde Aile Katılım Çalışmaları,DİNÇ Berrin,2011,Pegem Akademi Yayıncılık,,https://doi.org/10.14527/9786053641315.06,"Dinç, B. (2015). Okul öncesi eğitimde aile ve toplum işbirliği. N. Avcı & M. Toran (Ed.), Okul öncesi eğitime giriş içinde (ss. 267-288). Eğiten kitap."
5567,1218310,19084026,no_match,0.0,,,,,,,,"Bayar, P., ve Koruç, Z. (1992). Reaksiyon zamanı ve el-göz koordinasyonu ölçer iki aracın Türkiye normlarının saptanmasına yönelik ön çalışma. 11. Spor Bilimleri Ulusal Sempozyumu bildiriler kitabı içerisinde (ss. 136-143) Ankara."
5577,1347356,24501890,no_match,0.0,,,,,,,,"“Türkiye’de Verem Mücadelesinin Halihazır Durumu Nasıldır ve Nasıl Olmalıdır?”. Üçüncü Türk Tüberküloz Kongresi 17-20 Şubat 1957, İstanbul: İstanbul Matbaası. 90-98."
5587,1304588,22557641,no_match,0.0,,,,,,,,"Gelb, A. H. (1988). Oil windfalls: Blessing or curse? Oxford University Press."
5591,1325496,23614701,no_match,0.0,,,,,,,,"Descartes, Rene. Yöntem Üzerine Söylev. çev. Aziz Yardımlı. İstanbul: Sosyal Yayınları, 1998."
5592,1325496,23614721,no_match,0.0,,,,,,,,"İkbal, Muhammed. Rumuz-u Bihodi. çev. Ali Nihat Tarlan. 1. Baskı, İstanbul: Yenilik Basımevi, 1958."
5593,1325496,23614728,no_match,0.0,,,,,,,,"Kuru, Ahmet. İbn Haldun'un Toplum ve Tarih Teorisi. İstanbul: Dergâh Yayınları, 2003."
5594,1184258,17686698,no_match,0.0,,,,,,,,"Demirbilek, S. (2005). Sosyal güvenlik sosyolojisi. İstanbul: Legal Yayınları."
5602,1353266,24737428,no_match,0.0,,,,,,,,"Moed, H. F. (2006). Citation Analysis in Research Evaluation (Vol. 9). Netherlands: Springer Science and Business Media."
5618,1207055,18181728,no_match,0.0,,,,,,,,"Batool, S., Momineen, F., & Tanveer, A. (2020). Framing of Christchurch attacks in international media: A comparative analysis of Muslim and non-Muslim press. International Review of Social Sciences, 8(10), 62-70."
5630,1203642,18035037,no_match,0.0,,,,,,,,"5. Terzioğlu A. Türkiye‘de Görev Yapmış Olan Alman Asıllı Tıp ve Deneysel Bilim Dallarındaki Profesörlerin Biyografileri. Arslan Terzioğlu (ed.). Türk-Alman Tıbbî İlişkileri Simpozyum Bildirileri. İstanbul: İstanbul Üniversitesi Tıp Fakültesi Yayınları, İstanbul, 1981:131-216."
5631,1203642,18035061,no_match,0.0,,,,,,,,"29. Sağlam T. Büyük Harpte 3. Orduda Sıhhî Hizmet. İstanbul: Askeri Matbaa, 1941."
5635,1199180,17834765,no_match,0.0,,,,,,,,"Sina, İ. (2013). Kitabu’ş-Şifa Metafizik (E. Demirli & Ö. Türker, Çev.). İstanbul: Litera Yayıncılık."
5641,1208073,18253185,no_match,0.0,,,,,,,,"Copeaux, E. (2006). Tarih ders kitaplarında (1931-1993) Türk tarih tezinden Türk-İslam sentezine. İletişim Yayınları."
5658,1324759,25796079,no_match,0.0,,,,,,,,"Hafız Mehmed Ziyaeddin (Kale-i Sultaniyeli Türkzâde). Mecelle-i Ahkam-ı Adliye Şerhi. Kasbar Matbaası, Dersaadet, 1312."
5696,1182368,16997647,no_match,0.0,,,,,,,,"Râşid Mehmed Efendi. Târih-i Râşid ve Zeyli. Haz. Abdülkadir Özcan, Yunus Uğur, Baki Çakır ve Ahmet Zeki İzgöer. İstanbul: Klasik Yayınları, 2013."
5704,1307897,22674065,strong,1.0,openlibrary,Yapay Ögrenme,Ethem Alpaydin,2020,,,https://openlibrary.org/works/OL26254227W,"Alpaydın, E. (2013). Yapay öğrenme. Boğaziçi Üniversitesi Yayınevi."
5713,1363834,25395473,no_match,0.0,,,,,,,,"Tek, OÖ. B. (1999). Pazarlama ilkeleri ve global yönetimsel yaklaşım türkiye uygulamaları. Beta Yayınları."
5743,1270340,20942136,no_match,0.0,,,,,,,,"Erarslan Türkmen, Sevgi (2019) Özel Nitelikli Kişisel Verilerin İşlenmesinde Açık Rızanın Aranmadığı Haller, İstanbul: XII Levha Yayınları."
5747,1385474,25956248,no_match,0.0,,,,,,,,"İbn Sînâ, Ebû Alî el-Hüseyn b. Abdillâh b. Alî. İşaretler ve Tembihler. çev. Ali Durusoy vd. İstanbul: Litera Yayıncılık, 2005."
5752,1377981,25703701,no_match,0.0,,,,,,,,"Türcan, Zişan. Hadis Şerh Geleneği Doğuşu, Gelişimi ve Dönüşümü. Ankara: Türkiye Diyanet Vakfı Yayınları, 2. Basım, 2020."
5770,1333989,23983113,no_match,0.0,,,,,,,,"Erkanal, H. (2012). Girnavaz 1982–1991. In O. Bingöl, A. Öztan & H. Taşkıran (Eds.), Dil ve Tarih–Coğrafya Fakültesi 75. Yıl Armağanı, DTCF Arkeoloji Bölümü Tarihçesi ve Kazıları (1936–2011). Anadolu Ek III.2. Ankara: Ankara Üniversitesi Basımevi."
5788,1318899,23316522,no_match,0.0,,,,,,,,"Deleuze, Gilles ve Félix Guattari. 1988. A Thousand Plateaus Capitalism & Schizophrenia. Çeviren Brian Massumi. Minneapolis: University of Minnesota Press."
5810,1352854,24718699,no_match,0.0,,,,,,,,"BEAN, P. (2003). Crime: Critical Concepts in Sociology. Canada: Routledge."
5811,1352854,24718707,strong,0.982,openlibrary,Cariyeler Bacilar Yurttaslar,Deniz Kandiyoti,2000,,,https://openlibrary.org/works/OL26276204W,"KANDİYOTİ, D. (2019). Cariyeler, bacılar, Yurttaşlar: Kimlikler ve Toplumsal Dönüşümler. İstanbul: Metis Yayınları."
5841,1370763,25457829,no_match,0.0,,,,,,,,"Özakpınar, Y. (2010). Hafıza yanılmaları ve iki ayrı hafıza kodu teorisi. Ötüken Neşriyat. İstanbul."
5847,1178378,16789134,no_match,0.0,,,,,,,,"Zeller, Eduard, Grek Felsefesi Tarihi, İstanbul, İz Yayıncılık, 2001."
5856,1221281,19242407,no_match,0.0,,,,,,,,"Aybay, Aydın/ Hatemi, Hüseyin. Eşya Hukuku, Gözden Geçirilmiş 4. Bası, Vedat Kitapçılık, İstanbul, 2014."
5864,1341423,24256507,no_match,0.0,,,,,,,,"Rauch, A., & Frese, M. (2007a). Born to be an entrepreneur? Revisiting the personality approach to entrepreneurship. In J. R. Baum, M. Frese, & R. A. Baron (Ed.), The psychology of entrepreneurship (p. 41–65). Psychology Press."
5883,1317095,23216636,no_match,0.0,,,,,,,,"Aulock, H. von. 1977. Münzen und Städte Pisidiens. Vol. 1. IstMitt Suppl. 19. Tübingen: Verlag Ernst Wasmuth."
5889,1365048,25238461,no_match,0.0,,,,,,,,"ERDEM, Tarhan (Haz.): Anayasalar ve Belgeler 1876-2012, İstanbul 2012 (Doğan Kitap)."
5891,1194079,17579347,no_match,0.0,,,,,,,,"1. Şirin, A, Kavlak, O. Kadın Sağlığı, Nobel Tıp Kitabevi. 2’nci Baskı, 2015."
5893,1343465,24351396,no_match,0.0,,,,,,,,"Arıkoğlu, E., Alimova, C., Askarova, R., & Selçuk, B. K. (2023). Kırgızca-Türkçe sözlük 1. cilt A-J. Türk Dil Kurumu Yayınları."
5894,1343465,24351433,no_match,0.0,,,,,,,,Şemsettin Sami (1317/1899). Kâmūs-ı Türkî. İkdam Matbaası.
5916,1180280,16947788,no_match,0.0,,,,,,,,"Güngör, H. (2005). Görsel sanatlar ve mimarlık için temel tasar (Cilt Genişletilmiş 3.baskı). Eren Ofset Matbaası."
5930,1317681,25290133,no_match,0.0,,,,,,,,"YEŞİL, Fatih, İhtilâller Çağında Osmanlı Ordusu, Osmanlı İmparatorluğu’nda Sosyoekonomik ve Sosyopolitik Değişim Üzerine Bir İnceleme (1793-1826), Tarih Vakfı Yurt Yayınları, İstanbul 2016."
5938,1181577,16956233,no_match,0.0,,,,,,,,"Kalelioğlu, Uğur Berk (2020): Federal Almanya’da Bir Türk Derneği: Atatürkçü Düşünce Derneği. Ankara: Net Kitaplık Yayıncılık."
5940,1246625,19935344,no_match,0.0,,,,,,,,"McGuire, J. E. - Tamny, Martin. Certain Philosophical Questions: Newton’s Trinity Notebook. Cambridge: Cambridge University Press, 1983."
5947,1324451,23574005,no_match,0.0,,,,,,,,"Mâtürîdî, Ebû Mansûr. Te'vîlâtü Ehli’s-sünne. thk. Mecdi Basellum. Beyrut: Dâru’l-Kütübi’l-İlmiyye, 2005."
5960,1252893,20292150,no_match,0.0,,,,,,,,"Bozkurt Yüksel – Armağan Ebru. Yapay Zekâ Endüstri 4.0 ve Robot Üreticiler – Hukuki Bakış. İstanbul: Aristo Yayınları, 2019."
5968,1218174,19076415,no_match,0.0,,,,,,,,"Bozgeyik, Hayri. Marka Hakkının Korunması. İstanbul: On İki Levha Yayıncılık, 2019."
5972,1353674,24753520,no_match,0.0,,,,,,,,"(33) Fındıkçı, İ. (2014). Aile şirketleri, (5). İstanbul: Alfa Yayınları."
6000,1298330,22580273,no_match,0.0,,,,,,,,"İbn Mücâhid, Ebû Bekr Ahmed b. Musa b. el-Abbâs et-Temîmi. Kitâbü’s-Seb’a fi’l-Kırâât, thk. Şevkî Dayf Mısır: Dâru’l-Marife, 1980."
6001,1298330,22580285,no_match,0.0,,,,,,,,"Nedvî, Abdullah Abbas. Kâmûs-u elfâzi’l-Kur’an-ı kerîm, Cidde: Dâru’ş-Şuruk, 1983."
6002,1298330,22580305,no_match,0.0,,,,,,,,"Tetik, Necati. “Ses ve Anlam İlişkisi Bakımından Kur’an Ve Kıraat”, Kur’an ve Dil -Dilbilim ve Hermenötik- Sempozyumu (17-18 Mayıs 2001 Van), Erzurum: Bakanlar Matbaası, 2001."
6008,1159687,16015799,strong,1.0,openlibrary,huzur sokağı,Şule Yüksel Şenler,2010,,,https://openlibrary.org/works/OL16795977W,"Şenler, Ş. Y. (1994). Huzur sokağı. İstanbul: Timaş Yayınları."
6009,1159687,16015807,no_match,0.0,,,,,,,,"Yılmaz, D. (2011). Roman sanatı ve toplum. İstanbul: Kesit Yayınları."
6011,1355683,24841642,no_match,0.0,,,,,,,,"AYDIN, Mahir, Gümülcine Sancağı 1879-1912, Türk Tarih Kurumu Yayınları, Ankara 2022."
6020,1230735,19278361,no_match,0.0,,,,,,,,"Huebner, E. S. (1997). Life satisfaction and happiness. In G.G. Bear, K.M. Minke, & A. Thomas (Eds.), Children's needs II: Development, problems and alternatives (pp.271-278). National Association of School Psychologists."
6064,1213727,18852046,no_match,0.0,,,,,,,,"Alpar, R. (2016). Uygulamalı İstatistik, Geçerlik ve Güvenirlik, (4. Baskı), Ankara, Detay Yayıncılık."
6072,1231025,19290356,no_match,0.0,,,,,,,,"Açıkgenç, A. (1998). Kavram ve Süreç olarak Bilginin İslamileştirilmesi. İstanbul: Nesil Yayıncılık."
6088,1246096,19914401,no_match,0.0,,,,,,,,"Zeydânî, Mazharuddin el-Hüseyin b. Mahmûd b. el-Hasen. el-Mefâtîh fî şerhi’l-Mesâbîh. thk. Nuruddîn Tâlib. 6. Cilt. Kuveyt: Dâru’n-Nevâdir, 1433/2012."
6094,1183896,17535510,no_match,0.0,,,,,,,,"Yousef MK. Stress Physiology in Livestock. 1st Ed., CRC Press, Boca Raton, FL, ISBN: 0849356679, 1985."
6099,1270475,20950990,no_match,0.0,,,,,,,,"Beğavî, Ebû Muhammed. Tefsîru’l-Beğavî (Meâlimü’t-Tenzîl). nşr. Hâlid Ab-durrahmân el-Akk-Mervan Sevâr. Beyrut: Dâru’l-Ma’rife, 1995."
6100,1270475,20951020,no_match,0.0,,,,,,,,"Uzun, Nihat. “Tefsir İlmi Açısından Bâtınî ve İşârî Yorumun İlmî Değeri”. Kur’ân’ın Batınî ve İşârî Yorumu. ed. Mustafa Öztürk. (181-237) İstanbul: Kuramer Yayınları, 2018."
6102,1280623,22325260,no_match,0.0,,,,,,,,Ecology (s. 225-240). Athens and London: University of Georgia Press.
6104,1218267,18702969,no_match,0.0,,,,,,,,"Duyar, İ., ve Erdal, Y. S. (1995). İnsan İskelet kalıntılarının biyoarkeolojik açıdan yorumlanması ve Anadolu’dan örnekler. A. Erkanal, H. Erkanal, H. Hüryılmaz, A. Tuba Ökse, N. Çınardalı, S. Günel, H. Tekin, B. Uysal ve D. Yalçıklı (Ed.) içinde, İ. Metin Akyurt - Bahattin Devam anı kitabı: Eski Yakındoğu kültürleri üzerine incelemeler (s. 95-105) Arkeoloji ve Sanat Yayınları."
6138,1206230,18141428,no_match,0.0,,,,,,,,"Küçük, M. (2012). İletişim Kavramı ve İletişim Süreci. İletişim Bilgisi içinde. (ed. E. Nezih Orhon ve Ufuk Eriş). Anadolu Üniversitesi Yayınları: Eskişehir."
6144,1250474,20103690,no_match,0.0,,,,,,,,Hoenkamp-Mazgon (2002). M. İstanbul’da Hollanda sarayı. (Çev. G. Özlen). Yapı Kredi Yayınları.
6145,1250474,20103691,no_match,0.0,,,,,,,,"Öz, T. (2015). İstanbul Camileri 1-2. Türk Tarih Kurumu Yayınları."
6166,1323795,23548809,no_match,0.0,,,,,,,,"Berger, J. (2014). Görme biçimleri (Y. Salman, Trans., 20th ed.). Metis Yayınları."
6168,1250297,20097022,no_match,0.0,,,,,,,,"Ayyıldız, M., 1990. Sulama Suyu Kalitesi ve Tuzluluk Problemleri A.Ü. Ziraat Fakültesi Yayınları:1196, Ders Kitabı: 344s.1-282, Ankara."
6173,1247981,19985217,no_match,0.0,,,,,,,,"Magie, D. (2001). Anadolu’da Romalılar, Attalos’un vasiyeti. Arkeoloji ve Sanat Yayınları."
6177,1219622,19134300,no_match,0.0,,,,,,,,"Öztan, Bilge. Tüzel Kişiler. Ankara: Turhan Kitabevi. 2. Basım, 1998."
6182,1163862,16736105,possible,0.698,openlibrary,Milliyetçilik kuramları,Umut Özkırımlı,1999,,,https://openlibrary.org/works/OL43844992W,"Özkırımlı, U. (2009). Milliyetçilik Kuramları -Eleştirel Bir Bakış-. 3. Baskı, Doğu Batı Yayınları, Ankara."
6203,1335297,24033159,no_match,0.0,,,,,,,,"Şenyurt, Oya. Osmanlı Mimarisinin Temel İlkeleri Resim ve İnşa Üzerinden Gerçekleştirilen Farklı Bir Yaklaşım. İstanbul: Doğu Kitabevi, 2015."
6204,1355563,24837158,no_match,0.0,,,,,,,,"Daştan, U. (2023). Bilim Ne Değildir? Michel Foucault'nun Modern Bilim Eleştirisi. Konya: Çizgi Kitabevi."
6205,1355563,24837159,no_match,0.0,,,,,,,,"Deleuze, G. (2009). Bir Aygıt Nedir? G. Deleuze, & D. Lapoujade (Dü.) içinde, İki Delilik Rejimi (M. E. Keskin, Çev.). İstanbul: Bağlam Yayınları."
6229,1181605,16958305,no_match,0.0,,,,,,,,"Sayer, D., & Corrigan, P. (1983). Late Marx And The Russian Road: Marx And The Peripheries Of Capitalism. Monthly Review Press Classic Titles, 77-94."
6259,1340627,24248799,no_match,0.0,,,,,,,,"Kümbetoğlu, B. (2020). Niteliksel Araştırmalarda Analiz. Bağlam Yayınları."
6262,1331145,23859336,no_match,0.0,,,,,,,,"Coşkun, R., Altunışık, R., Yıldırım, E. (2017) Sosyal Bilimlerde Araştırma Yöntemleri, SPSS Uygulamalı, Sakarya Yayıncılık: Sakarya"
6264,1331145,23859396,strong,1.0,crossref_book,Sosyal Bilimlerde Nitel Araştırma Yöntemleri,Kavut Sevgi,2024,Akademisyen Kitabevi,9786253751609,https://doi.org/10.37609/akya.3369.c8919,"Yıldırım, A., Şimşek H. (2016). Sosyal bilimlerde nitel araştırma yöntemleri. Ankara: Seçkin Yayıncılık."
6266,1347760,24518229,strong,1.0,crossref_book,Sosyal Bilimlerde Nitel Araştırma Yöntemleri,Kavut Sevgi,2024,Akademisyen Kitabevi,9786253751609,https://doi.org/10.37609/akya.3369.c8919,"Yıldırım, A. ve Şimşek, H. (2016). Sosyal bilimlerde nitel araştırma yöntemleri. Ankara: Seçkin Yayıncılık."
6283,1289266,22747596,no_match,0.0,,,,,,,,Kutsal kitap: Kuran-I Kerim (2021). İstanbul: Diyanet İşleri Başkanlığı Yayınları.
6288,1366464,25301941,no_match,0.0,,,,,,,,"Creswell, John W. Nitel Araştırma Yöntemleri-Beş Yaklaşıma Göre Nitel Araştırma ve Araştırma Deseni. çev. Mesut Bütün - Selçuk Beşir Demir. Ankara: Siyasal Kitabevi, 2013."
6300,1216089,18624559,strong,1.0,openlibrary,Ilkel Toplumdan Melodramlar Evrenine,Oguz Adanir,2012,,,https://openlibrary.org/works/OL26260404W,"Adanır, O. (2012). İlkel Toplumdan Melodramlar Evrenine. Hayalperest Yayınevi."
6302,1216089,18624574,no_match,0.0,,,,,,,,"Camus, A. (2010). Sisifos Söyleni. (Tahsin Yücel, Çev.). Can Yayınları."
6307,1293469,22075532,possible,0.679,crossref_book,The Oxford Dictionary of Literary Terms,Baldick Chris,2015,Oxford University Press,9780198715443,https://doi.org/10.1093/acref/9780198715443.001.0001,"Baldick, C. (2008c). Utopia. Oxford Dictionary of Literary Terms. (3rd ed., p. 348). New York: Oxford UP."
6312,1356791,24882887,no_match,0.0,,,,,,,,"Rockmore, T. (1997). Cognition: An Introduction to Hegel’s “Phenomenology of Spirit”. California University Press."
6316,1329472,23785938,no_match,0.0,,,,,,,,"Alpagut, G. (2021) “Teknolojik Gelişmelerin İşçilik Haklarına Etkisi-Daimi Ulaşılabilirlik”, Prof. Dr. Turhan Esener III. İş Hukuku Uluslararası Kongresi, Seçkin Yayıncılık, Ankara, 317-340."
6325,1293510,22077218,no_match,0.0,,,,,,,,"Busbecq, O. G. (2005). Kanuni Döneminde Avrupalı Bir Elçinin Gözlemleri (1555-1960). (D. Türkömer, Çev.) İstanbul: Türkiye İş Bankası Kültür Yayınları."
6326,1293510,22077222,strong,1.0,openlibrary,Bekâr odaları ve meyhaneler,Işıl Çokuğraş,2016,,,https://openlibrary.org/works/OL32547314W,"Çokuğraş, I. (2016). Bekâr Odaları ve Meyhaneler: Osmanlı İstanbul'unda Marjinalite ve Mekân. İstanbul: İstanbul Araştırmaları Enstitüsü Yayınları."
6340,1331086,23856195,no_match,0.0,,,,,,,,"Çakır, O. (2017). Boş zaman ve boş zaman teorileri. M. Akoğlan Kozak (Ed.), Rekreasyonel Liderlik ve Turist Rehberliği içinde, (s.6-29). Ankara: Detay Yayıncılık."
6356,1276215,21223186,no_match,0.0,,,,,,,,"Ercilasun, A. (2003). Türk Dili ve Kompozisyon Bilgileri. Ankara: Yargı Yayınevi."
6363,1286806,21915067,no_match,0.0,,,,,,,,"Kuneralp, Sinan: Les Musurus Une Famille De Diplomates Ottomans Lettres Et Documents (1852-1910), İstanbul: ISIS Yayınları, 2015."
6390,1311931,25072341,strong,0.986,openlibrary,Protestan Ahlaki ve Kapitalizmin Ruhu,Max Weber,2013,,,https://openlibrary.org/works/OL26366857W,"Weber, M. (1999). Protestan ahlakı ve kapitalizmin ruhu. (Z. Gürata, Çev.). Ayraç Yayınevi."
6397,1346786,24477782,no_match,0.0,,,,,,,,"Benek Kaya, A. (2023). Gel zaman git zaman derleme masallar. Ankara: Akçağ Yayınları."
6398,1346786,24477808,strong,1.0,openlibrary,Masalların psikanalizi,Ahmet Sarı,2008,,,https://openlibrary.org/works/OL16237389W,"Sarı, A. – Ercan, C. A. (2008). Masalların psikanalizi. Erzurum: Salkımsöğüt Yayınları."
6403,1325299,23607845,strong,1.0,openlibrary,İbn Battûta Seyahatnâmesi,Ibn Batuta,2000,,,https://openlibrary.org/works/OL370837W,"İbn Battûta, Ebû Abdullah Muhammed İbn Battûta Tancî. İbn Battûta Seyahatnâmesi. çev. A. Sait Aykut. İstanbul: Yapı Kredi Yayınları, 6. Baskı., 2020."
6410,1240319,19686293,no_match,0.0,,,,,,,,"Llewellyn. D. (2014). Inquire within: Implementing inquiry- and argument-based science standards in grades 3-8 (3rd ed., pp. 1-30). Corwin Press, Inc."
6450,1344193,24383651,no_match,0.0,,,,,,,,"Köprülü, Mehmed Fuad. “Sunuş”. Bektaşilik Tetkikleri. çev. Ragıb Hulusi. İstanbul: Devlet Matbaası, 1928."
6455,1244341,20912944,no_match,0.0,,,,,,,,"Husrî, Ebû İshâk İbrâhim b. Ali b. Temîm el-Ensârî. Zehru’l-âdâb ve semerü’l-elbâb. 4 Cilt. Beyrut: Dâru’l-Cîl, ts."
6457,1224199,18928572,no_match,0.0,,,,,,,,"Baumol, W.J. & W. Oates (1975), On Taxation and the Control of Externalities, United States of America: The University of Cambridge."
6461,1223396,18895003,no_match,0.0,,,,,,,,"Akbulut, Y. (2010). Sosyal bilimlerde SPSS uygulamaları: Sık kullanılan istatistiksel analizler ve açıklamaları SPSS çözümlemeleri (1. Baskı). İdeal Kültür Yayıncılık."
6467,1162336,16124473,strong,1.0,crossref_book,Toplumsal Cinsiyet,Canatan Kadir,2024,Akademisyen Kitabevi,9786253994693,https://doi.org/10.37609/akya.1160.c9689,"Saraç, S. (2013). Toplumsal cinsiyet. L. Gültekin, G. Güneş, C. Ertung & A. Şimşek (Ed.) Toplumsal cinsiyet ve yansımaları içinde (s. 27-32) Ankara: Atılım Üniversitesi Yayınları."
6471,1358088,24930803,no_match,0.0,,,,,,,,"Aktay, Salih Zeki (1936). Pınar Aşk Kasideleri. İstanbul: Şirketi Mürettibiye Basımevi."
6482,1288007,21853600,no_match,0.0,,,,,,,,"eş-Şîrâzî, Ebû İshâk İbrahim b. Ali. Tabakâtu’l-fukahâ. thk. İhsân Abbâs. Beyrut: Dâru’r-Râidü’l-Arabî, ts."
6488,1278119,21304965,no_match,0.0,,,,,,,,"Aktaş, A. ve Özdemir, B. (2012). Otel işletmelerinde mutfak yönetimi. Ankara: Detay Yayıncılık."
6492,1208260,18347673,no_match,0.0,,,,,,,,"Ciravoğlu, Ö. (1998). Çocuk edebiyatı. Esin Yayın Evi."
6511,1379273,25742055,no_match,0.0,,,,,,,,"el-Kinânî, Bedruddin İbn Cemâa. İslâmî Gelenekte Eğitim Ahlâkı. çev. Muhammet Şevki Aydın. Ankara: TDV Yayınları, 2015."
6525,1328851,24560504,no_match,0.0,,,,,,,,"Tunçay, H., Yavuz, E., 2023. Gelenekten Geleceğe Ahşap Camiler. Tunçay Yayıncılık 1. Baskı. Ankara. ISBN 978- 605."
6535,1318175,23266247,no_match,0.0,,,,,,,,"Banar, K., & Zeytinoğlu, E. (2014). Sosyal Medyanın Muhasebe Bölümü Öğrencilerinin Akademik Performansı Üzerindeki Etkisi Ampirik Bir Çalışma. T.C. Anadolu Üniversitesi Yayınları No:3097 İşletme Fakültesi Yayınları No:5, 153-177."
6556,1250886,20119217,no_match,0.0,,,,,,,,"Can, Ş. (2013). Mevlânâ: Hayatı, Şahsiyeti ve Fikirleri. İstanbul: Ötüken Neşriyat."
6558,1252770,20196054,no_match,0.0,,,,,,,,"Ponting, C. (2008). Dünyanın yeşil tarihi-çevre ve büyük uygarlıkların çöküşü (A. B. Sander. Çev.) (3. Baskı). Biltur Basım Yayın."
6571,1262130,21654769,strong,0.985,openlibrary,"Devlet Dogasi, Gelisimi ve Gelecegi",Gianfranco Poggi,2007,,,https://openlibrary.org/works/OL26400942W,"POGGI, G. (2014). Devlet: Doğası, gelişimi ve geleceği. (A. Babacan, Çev.). İstanbul: İstanbul Bilgi Üniversitesi Yayınları."
6577,1181827,16976434,strong,1.0,openlibrary,Sıkıntı’nın Felsefesi,Lars Fr. H Svendsen,2017,,,https://openlibrary.org/works/OL43986098W,"Svendsen, L. (2008). Sıkıntının Felsefesi. (M. Erşen, Çev.) İstanbul: Bağlam Yayıncılık."
6583,1211830,18470992,strong,1.0,openlibrary,Kurumsal Sosyal Sorumlulugun Kurumsal Itibara Etkisi,Ayse Gedikçi Öndogan,2021,,,https://openlibrary.org/works/OL26268482W,"Öndoğan, A. G. (2021). Kurumsal Sosyal Sorumluluğun Kurumsal İtibara Etkisi. Hiperlink Yayınevi."
6590,1205160,18400507,strong,1.0,openlibrary,The myth of scientific literacy,Morris H. Shamos,1995,,,https://openlibrary.org/works/OL3516821W,"Shamos, M. H. (1995). The myth of scientific literacy. Rutgers University Press."
6596,1323437,23532848,no_match,0.0,,,,,,,,"ez-Ziriklî, H. (1980). el-A’lâm, Dâru’l-‘İlim li’l-Melâyîn."
6620,1294519,23096153,strong,1.0,openlibrary,Türk millî Kültürü,İbrahim Kafesoğlu,1977,,,https://openlibrary.org/works/OL10935748W,"Kafesoğlu, İbrahim. Türk Milli Kültürü. İstanbul: Ötüken Neşriyat, 2011."
6655,1218032,18940429,no_match,0.0,,,,,,,,"Çavdar, A. ve Tan, P. (Ed.) İstanbul: Müstesna Şehrin İstisna Hali içinde (ss. 7-14). İstanbul: Sel Yayıncılık."
6665,1168369,16374631,no_match,0.0,,,,,,,,"1. Çamsarı T, Sağlam F. Kronik Böbrek Yetmezliği. In: Erol Ç, Süleymanlar, ed. İç Hastalıkları Nefroloji. Birinci Baskı. Ankara: MN Medikal&Nobel Yayınevi, 2011; 85- 97. [CrossRef]"
6687,1247343,19961172,no_match,0.0,,,,,,,,"Gazzâlî, Hüccetü’l-İslâm Ebû Hâmid Muhammed b. Muhammed b. Ahmed. el-Basît fi’l-mezheb (min Kitabi’n-Nikah ila Kitabi’l-Keffârât). thk. Muhammed b. Hammud el-Vailî. Medine: Camia‘tu’l-İslâmiyye, 2005."
6688,1247343,19961174,no_match,0.0,,,,,,,,"Gazzâlî, Hüccetü’l-İslâm Ebû Hâmid Muhammed b. Muhammed b. Ahmed. el-Vasît fi’l-mezheb. thk. Ahmed Mahmud İbrahim - Muhammed Muhammed Tamir. Kahire: Dâru’s-Selâm, 1997."
6698,1364799,25228074,no_match,0.0,,,,,,,,"Merdivenci, A. (1984). Yurdumuzda varlığı bilinen sivrisineklerin biyo-morfolojisi, biyo-ekolojisi, yayılış ve sağlık önemleri (Cerrahpaşa Tıp Fak Yayınları). İstanbul: İstanbul Üniversitesi yayınları."
6706,1312231,22872317,no_match,0.0,,,,,,,,"ŞÂTIBÎ, İbrahim B. Musa. İslami İlimler Metedolojisi: El-Muvâfakât. Çeviren Mehmed Erdoğan. İstanbul: İz Yayıncılık, 1990."
6717,1319400,23343756,no_match,0.0,,,,,,,,"Çil, N. (2018). Finansal Ekonometri. İstanbul: DER Yayınları."
6718,1215029,18582915,no_match,0.0,,,,,,,,"Yerdelen Tatoğlu, F. (2020). Panel Veri Ekonometrisi. Beta Yayınevi."
6720,1215874,18615543,no_match,0.0,,,,,,,,"Kantar, N. (2023). Teknoloji ve Etik: Gelişim Etiği Yaklaşımı/Technology and Ethics: the Flourishing Ethics Approach, İçinde: Teknoloji, Etik ve Din, (Ed. Ünverdi, Şahi- nalp ve Palancı) Mardin Artuklu Üniversitesi Yayınları."
6748,1375538,25632804,no_match,0.0,,,,,,,,"Kösemihal, M. Ragıp. Türkiye-Avrupa Musiki Münasebetleri-I. İstanbul: Nümune Matbaası, 1939."
6758,1236334,19543290,strong,1.0,openlibrary,Kadın Haklarının Gerekçelendirilmesi,Mary Wollstonecraft,2007,,,https://openlibrary.org/works/OL26408792W,"Wollstonecraft, M. (2020). Kadın Haklarının Gerekçelendirilmesi. (Çev. D. Hakyemez). İstanbul: Türkiye İş Bankası Kültür Yayınları."
6792,1305897,22604048,no_match,0.0,,,,,,,,"Rifat, Mehmet. Göstergebilimin ABC’si. İstanbul: Simavi Yayınları, 1992."
6813,1290169,21946490,no_match,0.0,,,,,,,,"[12]El-Askeri, Cafer (2008), İsyancı Arap Ordusunda Bir Harbiyeli, Hazırlayan Necdet Fethi Safvet, Klasik Yayınları, İstanbul."
6816,1372476,25520821,no_match,0.0,,,,,,,,"Güldemir, O. (2018). Turkish culinary culture in the Ottoman period. In A. D. Arıkan (Ed.), Turkish culinary culture (pp. 140–162). Eskişehir: Republic of Türkiye Anadolu University Press."
6829,1354532,24784138,strong,1.0,openlibrary,Sex Made Simple,Barry W. McCarthy,2015,,,https://openlibrary.org/works/OL21868035W,"McCarthy, B. (2015). Sex made simple: Clinical strategies for sexual issues in therapy. Eau Claire, WI: PESI Publishing & Media."
6832,1262123,21652010,strong,1.0,crossref_book,Sosyal Bilimlerde Nitel Araştırma Yöntemleri,Kavut Sevgi,2024,Akademisyen Kitabevi,9786253751609,https://doi.org/10.37609/akya.3369.c8919,"YILDIRIM, A., & ŞİMŞEK, H. (2008). Sosyal Bilimlerde Nitel Araştırma Yöntemleri. Seçkin Yayıncılık."
6839,1229709,19219676,no_match,0.0,,,,,,,,"Aşıcı, A. A. (2021). İktisadi düşüncede çevrenin yeri ve yeşil ekonomi: Karşılaştırmalı bir analiz. A. A. Aşıcı & Ü. Şahin (Ed.), Yeşil Ekonomi (s. 35-57) içinde. İstanbul: Yeni İnsan Yayınevi."
6842,1241809,19747266,no_match,0.0,,,,,,,,"Baykal, O., Tarı, E., ve Coşkun, Z., (2009). Mühendislik Ölçmeleri: 2 Birsen Yayınevi, İstanbul."
6844,1166920,16321482,no_match,0.0,,,,,,,,"Akün, Ö. F. (1994). Divan edebiyatı. Türkiye Diyanet Vakfı İslam Ansiklopedisi, C. 9, 389-427. TDV Yayınları."
6853,1294086,24269289,no_match,0.0,,,,,,,,"Berkes, N. (1975). Türkiye İktisat Tarihi II, İstanbul: Gerçek Yayınevi."
6854,1294086,24269310,no_match,0.0,,,,,,,,"Findley, C. V. (2016). Tanzimat. R. Kasaba (Ed.), Z. Bilgin (Çev.), Türkiye Tarihi Modern Dünyada Türkiye 1839-2010 içinde (37-66), İstanbul: Kitap Yayınevi."
6856,1287077,21808817,no_match,0.0,,,,,,,,"Yentürk, N., Kurtaran, Y., Ne Mutlu, G. (2007). Gençler Hakkında, Gençlik için, Gençlerle Türkiye’de Gençlik Çalışması ve Politikaları, İstanbul Bilgi Üniversitesi Yayınları. 3-22."
6865,1305614,22594479,strong,1.0,crossref_book,Sulfamethoxazole/trimethoprim,,2017,The American Pharmacists Association,,https://doi.org/10.21019/pfdi.sulfamethoxazole_trimethoprim,"31. Kemnic TR, Coleman M. Trimethoprim sulfamethoxazole. In StatPearls. Treasure Island (FL): StatPearls Publishing;2023."
6871,1353638,24751548,no_match,0.0,,,,,,,,Devlet Planlama Teşkilatı (DPT). (2000). Sekizinci beş yıllık kalkınma planı (2001-2005). Ankara: DPT Yayınları.
6872,1353638,24751570,no_match,0.0,,,,,,,,"Neziroğu, İ. ve Yılmaz, T. (2013). Hükümetler-programları ve genel kurul görüşmeleri (10 cilt). Ankara: TBMM Yayınları."
6873,1306529,22621786,no_match,0.0,,,,,,,,"Budak, A. (2020). “Kapalı Bir Açılım”, İştahlı Makas: Toplu Şiirler II (2011-2020), Ankara: Yazılı Kâğıt Yayınları, s. 125-183."
6885,1299284,22333795,no_match,0.0,,,,,,,,"Ebû Nuaym Ahmed b. Abdillah. Hilyetü’l-evliyâ ve tabakâtü’l-asfiyâ. Beyrut: Darü’l-Kitabi’l-Arabi, 1405."
6888,1308120,22684297,no_match,0.0,,,,,,,,"Holcombe, Charles, Doğu Asya Tarihi Çin Japonya Kore, Medeniyetin Köklerinden 21. Yüzyıla Kadar, Çev. Muhammed Murtaza Özeren, Dergâh Yayınları, 2. Baskı, İstanbul 2019."
6900,1349025,24572048,no_match,0.0,,,,,,,,"Aaron, Richard I. “Authority and the Rights of Individuals.” In Life, Liberty, and Property: Essays on Locke’s Political Ideas, edited by Gordon J. Schochet, 162-167. Belmont, California: Wadsworth Publishing Company, 1971."
6907,1301840,22965924,strong,1.0,openlibrary,Anlam ve Nedensellik,Arda Denkel,2021,,,https://openlibrary.org/works/OL26253669W,"Denkel, Arda. Anlam ve Nedensellik. İstanbul: Kabalcı Yayınları. 1996."
6916,1328772,23755966,no_match,0.0,,,,,,,,"Bakırcı, N. (2010). Niğde âşıklık geleneği ve Niğdeli halk şairi İbrahim Dabak. Niğde Belediyesi Yayınları."
6917,1328772,23755988,no_match,0.0,,,,,,,,"Gülbahçe, S. (2013). Söz var ki. Alagöz Matbaası."
6967,1208590,18330194,no_match,0.0,,,,,,,,"Gürbüz, S.,& Şahin, F., 2014. “Sosyal Bilimlerde Araştırma Yöntemleri”. Ankara: Seçkin Yayıncılık."
6975,1278982,21350993,no_match,0.0,,,,,,,,"Millett, K. (1970). Sexual politics. Doubleday. University of İllionois Press."
6991,1197243,17744378,no_match,0.0,,,,,,,,"Sarıyıldız, G. (2004), Sicill-I ahvâl komisyonu’nun kuruluşu ve işlevi (1879-1909), İstanbul: DER Yayınları."
7018,1280647,21453900,no_match,0.0,,,,,,,,"İbn Fendeme, Zahîruddîn Ebu’l-Hasen Ali. Tarihu Beyhak. Dımaşk: Dâru İkra’, 1425."
7074,1379832,25757647,no_match,0.0,,,,,,,,"Creswell, J. W. (2012). Educational research: Planning, conducting and evaluating quantitative and quantitative research. Pearson Publishing."
7094,1222471,19607584,no_match,0.0,,,,,,,,"Anonim, Moğolların Gizli Tarihçesi, çev. Mehmet Levent Kaya, Kabalcı Yayınları, İstanbul 2011."
7143,1313819,22985403,no_match,0.0,,,,,,,,"Tosun, M. & Yalvaç, K. (2002). Sumer, Babil, Assur kanunları ve Ammi – Şaduqa fermanı. (3. Baskı). Türk Tarih Kurumu Yayınları."
7147,1352927,24721888,no_match,0.0,,,,,,,,"Wæver, Ole. “Securitization and Desecuritization.” In On Security, edited by Ronnie Lipschutz, 48-86. New York: Columbia University Press, 1995."
7150,1218617,18718438,no_match,0.0,,,,,,,,"Schmidtz, D. (2010). Adaletin Unsurları, Çev. Hayrettin Özler, Ankara: Liberte Yayınları."
7156,1311848,22850924,strong,1.0,openlibrary,A force for change,John P. Kotter,1990,,,https://openlibrary.org/works/OL1932145W,"Kotter, J. P. (1990). A force for change: How leadership differs from management. Free Press."
7163,1225584,19358208,no_match,0.0,,,,,,,,"Dernburg, Heinrich. Pandekten, Zweiter Band. Berlin: Verlag von H. W Müller, 1897."
7185,1342792,24320507,no_match,0.0,,,,,,,,"Doğru O ve Nalbant A, İnsan Hakları Avrupa Sözleşmesi, Açıklama ve Önemli Kararlar, C.1, (İHAS 2,3,4,5,6 ve 7. maddeler) (1. Bası, 2012)."
7201,1387490,26014478,no_match,0.0,,,,,,,,"Karaca, S. (2021). Bilimsel araştırma yöntemleri. Ankara: Gazi Kitabevi."
7207,1323791,23548602,no_match,0.0,,,,,,,,"Ihlamur-Öner, S. G. (2012), Göçün kadınlaşması ve sosyal refah rejiminin dönüşümü: İtalya örneği, (S. Gülfer Ihlamur-Öner & N. Aslı Şirin Öner Eds.) Küreselleşme Çağında Göç: Kavramlar, Tartışmalar. İstanbul: İletişim Yayınları."
7218,1212317,18488008,no_match,0.0,,,,,,,,İlke Vakfı. (2022). Türkiye’nin Gönüllü Gücü. İstanbul: Nokta Kitap.
7243,1375692,25637430,no_match,0.0,,,,,,,,"KURAT, A. N. (1992). IV-XVIII. Yüzyıllarda Karadeniz’in Kuzeyindeki Türk Kavimleri ve Devlet-leri. Ankara: Türk Tarih Kurumu Yayınları."
7263,1202765,17998560,no_match,0.0,,,,,,,,"Durukafa, G. & Durukafa, C. M. (2012). Almanya’da doğal yaklaşım ile yabancı dil olarak Türkçenin öğretimi. In E."
7267,1339945,24195532,no_match,0.0,,,,,,,,"(2007) İstanbul 1920, Ed. Clarence Richard JOHNSON M. A., Çev. Sönmez TANER, Tarih Vakfı Yurt Yayınları, İstanbul."
7269,1209480,18337849,strong,0.984,openlibrary,Cocuk Edebiyati ve Okuma Kulturu,Sedat Sever,2013,,,https://openlibrary.org/works/OL26408098W,"Sever, S. (2015). Çocuk Edebiyatı ve Okuma Kültürü. Tudem Yayınları."
7288,1283716,21627895,no_match,0.0,,,,,,,,"Akman, Mustafa. “Ali b. Sultan el-Kârî (1605)”. Mâtürîdî Öncüler. ed. Özden Kanter. 219-224. İstanbul: Kitâbî, 2023. Âsım Efendi, Mütercim. el-Okyanûsu’l-Basît fî Tercemeti’l-Kâmûsi’l-Muhît Kâmûsu’l-Muhît Tercümesi. ed. Mustafa Koç. 6 Cilt. İstanbul: TYEKB Yayınları, 2014."
7291,1218487,19095969,strong,0.955,openlibrary,"""Hukuki islâmiyye ve istilahati fikhiyye""  kamusu",Ömer Nasuhî Bilmen,1955,,,https://openlibrary.org/works/OL12128724W,"Bilmen, Ömer Nasuhi. Hukukı İslâmiyye ve Istılahatı Fıkhiyye Kamusu. 8 Cilt. İstanbul: Bilmen Yayınevi, 1968."
7292,1218487,19095986,no_match,0.0,,,,,,,,"Gazzâlî, Ebû Hâmid Muhammed b. Muhammed b. Muhammed b. Ahmed. Mustasfâ. çev. Hacı Yunus Apaydın. 2 Cilt. İstanbul: Klasik Yayınları, 2006."
7299,1326878,23668267,no_match,0.0,,,,,,,,"Büceyrimî, Süleyman b. Muhammed b. Ömer. el-Buceyremi ʿalâ şerhi’l-Hatîb el-müsemmâ Tühfetü’l-Habîb ʿalâ şerhi’l-Hatîb. 4 Cilt. Beyrut: Daru’l-Fikr, 1428/2007."
7302,1296749,23156002,no_match,0.0,,,,,,,,"Korkusuz, M. Refik / Uğur, Suat. Sosyal Güvenlik Hukuku, 4. B., Ekin Yayınevi, Bursa 2015."
7303,1296749,23156023,no_match,0.0,,,,,,,,"Yüksel, Hasan. Sosyal Güvenlik Hukuku, Ekin Kitabevi, Bursa 2016."
7308,1340604,24218606,no_match,0.0,,,,,,,,"Niketas Khoniates. (1995). Historia (Ioannes ve Manuel Komnenos Devirleri). (Fikret Işıltan, Çev.). Türk Tarih Kurumu Basımevi."
7309,1340604,24218611,no_match,0.0,,,,,,,,"Willermus Tyrensis. (1943). A History of Deeds Done Beyond The Sea. (C. II). (E. A. Babcock- A. C. Krey, Çev.). Columbia University Press."
7331,1253814,20269908,no_match,0.0,,,,,,,,"KANTAR, Baha: Ceza Muhakemeleri Usulü, İkinci Kitap, Muhakeme Usulü, 4. Baskı, Güzel Sanatlar Matbaası, Ankara, 1957."
7340,1186055,17199855,strong,0.964,openlibrary,Saglik Hizmetleri Pazarlamasi,Gamze Ucak Dilaver Tengilimoglu,2011,,,https://openlibrary.org/works/OL26237676W,"Tengilimoğlu, D. (2020). Sağlık Hizmetleri Pazarlaması. 5. Baskı. Ankara: Siyasal Kitabevi."
7351,1312230,22872202,no_match,0.0,,,,,,,,"METCALF, Barbara D.-Thomas R. Modern Hindistan’ın Kısa Tarihi. çev. Zeynep Hale Akman. İstanbul: Boğaziçi Üniversitesi Yayınevi, 2018."
7364,1159972,16956076,no_match,0.0,,,,,,,,"Isaac, A. (1941). Muhasebe nazariyesi. İstanbul Üniversitesi Yayınları, 163, Güven Basımevi."
7366,1329744,23796230,no_match,0.0,,,,,,,,"Fukuyama, Francis. Güven: sosyal erdemler ve refahın yaratılması. (Çev. Ahmet Buğdaycı), (1. baskı), İstanbul: Türkiye İş Bankası Kültür Yayınları, 1998."
7374,1211829,18577846,strong,0.925,crossref_book,Sosyal Bilimlerde Nicel Araştırma Yöntemleri,Büyükyılmaz Ozan,2024,Akademisyen Kitabevi,9786253751609,https://doi.org/10.37609/akya.3369.c8916,"Aslan, Ş. (2018). *Sosyal bilimlerde araştırma yöntemleri: Nicel, nitel ve karma tasarımlar için bir rehber.* Eğitim Yayınevi."
7376,1358061,24929797,no_match,0.0,,,,,,,,İbn Kesîr. (2000). el-Bidaye ve’n Nihaye. Mehmet Keskin (Çev.). C. XII-XIII. Çağrı Yayınları.
7392,1319082,23327924,no_match,0.0,,,,,,,,"Veblen, T. (1899). The Theory of the Leisure Class. Routledge. London"
7400,1261682,20606387,strong,1.0,openlibrary,Suriye tarihi,Ömer İshakoğlu,2012,,,https://openlibrary.org/works/OL23394654W,"İshakoğlu, Ö. (2012). Suriye Tarihi. Kabalcı Yayınları."
7401,1261682,20606390,no_match,0.0,,,,,,,,"Kuneralp, S. (1999). Son dönem Osmanlı erkân ve ricali (1839-1922), prosopoprafik rehber. İSİS Yayınları."
7415,1199019,17829001,no_match,0.0,,,,,,,,"Wilkens, J. (2000). Alttürkische Handschriften Teil 8: Manichäisch-türkische Texte der Berliner Turfansammlung. Verzeichnis der Orientalischen Handschriften XIII/16. Stuttgart: Franz Steiner Verlag."
7421,1228243,19151238,no_match,0.0,,,,,,,,"HOFFNER, H., 1975. “Hittite Mythological Texts: A Survey”, Unity and Diversity, Essays in the History, Literature and Religion of the Ancient Near East, Ed.: Goedicke, H. – Mc Bee, R. J.J., Johns Hopkins University Press, Baltimore- London."
7430,1197860,17812406,no_match,0.0,,,,,,,,"61. Özdağoğlu, A, Yılmaz, K, Keleş, M., Evaluation of machine selection criteria with MACBETH method in a ginnery factory, Süleyman Demirel Üniversitesi Sosyal Bilimler Enstitüsü Dergisi, (37), 26-37, 2020"
7433,1292424,23007669,no_match,0.0,,,,,,,,"Çetin, E. (2020a). Altun Yaruk: VII. kitap. Türk Dil Kurumu Yayınları."
7434,1292424,23007670,no_match,0.0,,,,,,,,"Çetin, E. (2020b). Altun Yaruk: VIII. kitap. Türk Dil Kurumu Yayınları."
7445,1327877,23712548,no_match,0.0,,,,,,,,"Cebeci, S. (Ed.). (2002). Avrupa Birliğine giriş sürecinde Türkiye’de din eğitimi ve sorunları. İstanbul: Değişim Yayınları."
7448,1323497,23534733,no_match,0.0,,,,,,,,"Hirigoyen, Marie-France. Manevî Taciz Gündelik Hayatta Sapkın Şiddet. İstanbul: İletişim Yayınları, 2021."
7507,1293482,22076016,strong,1.0,openlibrary,Burial and Ancient Society,Ian Morris,1987,,,https://openlibrary.org/works/OL14865109W,"Morris, I. (1987). Burial and Ancient Society: The Rise of the Greek City-State. Cambridge: Cambridge University Press."
7508,1293482,22076039,no_match,0.0,,,,,,,,"Dem. 43: Demosthenes, pros Makartaton peri Hagniou klērou (πρὸς Μακάρτατον περὶ Ἁγνίου κλήρου) = (A. T. Murray, Trans.). (1939). Demosthenes. Orations, Volume V: Orations 41-49: Private Cases. Cambridge: Harvard University Press."
7532,1164725,16231864,no_match,0.0,,,,,,,,John of Salisbury. (1955). The Metalogicon: A Twelfth-Century Defence of the Verbal and Logical Arts of the Trivium (trans with an Introduction and Notes. Daniel McGarry). Berkeley: University of California Press.
7554,1241213,19722914,no_match,0.0,,,,,,,,"Taylor SE (1989) Positive Illusions: Creative Self-Deception and the Healthy Mind. New York, Basic Books."
7619,1246201,19917857,no_match,0.0,,,,,,,,"Belâẕurî, Aḥmed b. Yaḥyâ b. Câbir. Ensâbu’l-eşrâf. thk. Suheyl Zekkâr - Riyâḍ ez-Ziriklî. 13 Cilt. Beyrut: Dâru’l-Fikr, 1417/1996."
7620,1246201,19917860,strong,0.87,crossref_book,Muḥammed ‘Abdu,Urkevich Lisa A.,2001,Oxford University Press,,https://doi.org/10.1093/gmo/9781561592630.article.52375,"Debûsî, Ebû Zeyd ʿAbdullâh b. Muḥammed b. ʿOmer b. ʿÎsâ. Taḳvîmu’l-edille fî’l-uṣûli’l-fıḳh. thk. Ḥalîl Muḥyîddîn el-Meyyis. Beyrut: Dâru’l-Kütübi’l-ʿİlmiyye, 1421/2001."
7621,1246201,19917879,no_match,0.0,,,,,,,,"‘İz b. ‘Abdisselâm, Ebû Muhammed ‘İzzuddîn ‘Abdülazîz b. ‘Abdisselâm b. Ebi’l-Kâsım b. el-Hasen es-Sülemî ed-Dimeşkî. Tefsîru’l-Kur’an. thk. Abdullah b. İbrahim el-Vehbî. 3 Cilt. Beyrut: Daru İbn Hazm, 1996."
7624,1274623,21155325,strong,1.0,openlibrary,Sosyal Hizmete Giris,"Ilhan Ulusoy , Durdu Baran Ciftci, Charles Zastrow",2013,,,https://openlibrary.org/works/OL26263885W,"Zastrow, C. (2013). Sosyal hizmete giriş. (D. B. Çiftci, Ed.). Ankara: Nika Yayınevi."
7645,1249984,20082759,strong,1.0,openlibrary,Acceptance and commitment therapy,Steven C. Hayes,2012,,,https://openlibrary.org/works/OL16509509W,"Hayes, S. C., Strosahl, K. D. ve Wilson, K. G. (1999). Acceptance and Commitment Therapy: An Experiential Approach to Behavior Change. New York: Guilford Press."
7679,1191492,17433427,no_match,0.0,,,,,,,,"Mujis, D. (2004) Doing quantative research in education with SPSS. London: GBR, Sage Publications."
7681,1357632,24915591,no_match,0.0,,,,,,,,"Zahidoglu, V. A. (2016, September 26-27). Dede Korkut Kitabı’nın XI. Boyundaki Bir Manzum Parçanın Okunuşu Üzerine. XI. Uluslararası Büyük Türk Dili Kurultayı Bildirileri Kitabı. Budapest, Hungary."
7687,1271278,21742305,strong,1.0,openlibrary,Atatürk ve arkeoloji,Fecri Polat,2019,,,https://openlibrary.org/works/OL44649608W,"Polat, F. & İpek, M. (2019). Atatürk ve Arkeoloji. Tam Pozitif Matbaa."
7719,1261276,20562296,no_match,0.0,,,,,,,,"Boratav, K; Türkcan, E. (ed.) (1993) Türkiye’de Sanayileşmenin Yeni Boyutları ve KİT’ler, İstanbul: Tarih Vakfı Yurt Yayınları."
7730,1225261,18987275,no_match,0.0,,,,,,,,"Chul-Han, B. (2020a). Psikopolitika: Neoliberalizm Ve Yeni İktidar Teknikleri. (Çev. H. Barışcan) İstanbul: Metis Yayınları."
7752,1178714,16806801,no_match,0.0,,,,,,,,"DEVELLİOĞLU, Ferit. Osmanlıca-Türkçe Ansiklopedik Lûgat. Ankara: Aydın Kitabevi, 2007."
7753,1178714,16806825,no_match,0.0,,,,,,,,"KARA, Mustafa. “Havf”. Türkiye Diyanet Vakfı İslâm Ansiklopedisi. 16/528-531. İstanbul: TDV Yayınları, 1997."
7754,1178714,16806849,no_match,0.0,,,,,,,,"TÜRKÇAPAR, M. Hakan. Bilişsel Davranışçı Terapi: Temel İlkeler ve Uygulama. Ankara: HYB Yayınları, 2014."
7758,1369679,25418014,no_match,0.0,,,,,,,,"Ekşi, A. (2013). Fonksiyonel Gıdalar ve Sağlık Beyanları. İçinde G. Baysoy (Eds.), Fonksiyonel Besinler (ss.11-16). Akademi Uluslararası Yayıncılık."
7759,1369679,25418035,no_match,0.0,,,,,,,,"Naskali, EG. (2015). Ekmek Kitabı (2. Bs.). Kitabevi Yayınları."
7767,1264384,20682353,no_match,0.0,,,,,,,,"Eş’arî, Ebû’l-Hasan Ali b. İsmâîl. el-İbâne an Usûli’d-Diyâne. thk. Abbas Sabbâğ. Beyrut: Dâru’n-Nefâis, 1431/2010."
7778,1164116,16653534,no_match,0.0,,,,,,,,"Sungur, M. Z. (2009). Sen, ben ve aramızdaki her şey. Goa Yayınları."
7815,1278954,21349431,no_match,0.0,,,,,,,,"Erdağı-Oral, S. (2021) Cerrahi Hemşireliği. Çelik S, ed. Cerrahi Hemşireliğinde Güncel Uygulamalar (s. 1-16). Çukurova Nobel Tıp Kitabevi, Ankara."
7819,1380693,25787317,no_match,0.0,,,,,,,,"İstanbul, 2007. Goss, Ryan. Criminal Fair Trial Rights. Hart Publishing, Oxford, 2016."
7821,1380693,25787350,no_match,0.0,,,,,,,,"Toroslu, Nevzat/Feyzioğlu, Metin. Ceza Muhakemesi Hukuku. 22. Baskı, Savaş Yayınevi, Ankara, 2023."
7844,1321605,23452230,no_match,0.0,,,,,,,,"Gönenç, Halil. Günümüz Meselelerine Fetvalar. İstanbul: İlim Yayınları, ts."
7845,1321605,23452293,no_match,0.0,,,,,,,,"Öğüt, Salim. “Emir”. Türkiye Diyanet Vakfı İslâm Ansiklopedisi. 11/119-121. İstanbul: TDV Yayınları, 1415/1995."
7902,1182843,17014427,strong,0.874,openlibrary,Preventing reading difficulties in young children,Committee on the Prevention of Reading Difficulties in Young Children.,1998,,,https://openlibrary.org/works/OL1835147W,"Snow, C. E., Burns, M. S., & Griffin, P. (1998). Reading difficulties in young children. Washington DC: National Academy Press."
7913,1348704,24557637,no_match,0.0,,,,,,,,"Erkal, M. (2008). Zekât bilgi ve uygulama (2. Baskı). İstanbul: Marmara Üniversitesi İlahiyat Fakültesi Vakfı Yayınları."
7936,1178279,16785718,no_match,0.0,,,,,,,,"Şimşek, Ö. F. (2007). Yapısal eşitlik modellemesine giriş, temel ilkeler ve LISREL uygulamaları. Ekinoks Yayınları Tabachnick, B. G. ve Fidell, L. S. (2001). Using multivariate statistics. Ally & Bacon."
7937,1255822,20331346,no_match,0.0,,,,,,,,"Başçetinçelik A, Karaca C, Öztürk HH, Kacıra M , Ekinci K. 2007. Türkiye’de tarımsal biokütleden enerji üretimi olanakları. IV. Yeni ve Yenilenebilir Enerji Kaynakları Sempozyumu. Bildiriler Kitabı, pp.101-109, Kayseri. Bayram SE. 2017. Katı atıkların geriye kazanımı ve tarımsal kullanım olanakları. Türk Bilimsel Derlemeler Dergisi, 10(2), 62-65."
7963,1280573,21448448,no_match,0.0,,,,,,,,"Erkan, Arif. el-Beyan Büyük Arapça-Türkçe Lugat. İstanbul: Yasin Yayınları, 2004."
7964,1280573,21448449,no_match,0.0,,,,,,,,"Evs b. Hacer, Ebû Şüreyh Evs b. Hacer b. Attâb et-Temîmî. ed-Dîvân. nşr. Muhammed Yûsuf Necm. Beyrut: Dâru’l-Beyrut, ts."
7965,1280573,21448451,no_match,0.0,,,,,,,,"Ferrâ, Ebû Zekeriyyâ Yahyâ b. Ziyâd ed-Deylemî el-Ferrâ‘. Me‘ânî’l-Kur’ân. nşr. Ahmed Yûsuf en-Necâtî vd. Mısır: Dâru’l-Mısriyye, ts."
7967,1280573,21448477,no_match,0.0,,,,,,,,"Muberred, Ebû’l-‘Abbâs Muhammed b. Yezîd el-Muberred el-Ezdî. el-Kâmil fî’l-luğa ve’l-edeb. nşr. Muhammed Ebû’l-Fadl İbrâhîm. 4 Cilt. Kahire: Dâru’l-Fikri’l-‘Arabî, 1417/1997."
7971,1331900,23899157,strong,1.0,openlibrary,Küreselleşme ve Avrupa birliği ile bütünleşme sürecinde Türkiye,Abdullah Özkan,2004,,,https://openlibrary.org/works/OL3731352W,"Özkan, A. (2004). Küreselleşme ve Avrupa Birliği ile bütünleşme sürecinde Türkiye. İstanbul: Tasam yayınları."
7972,1171138,16493483,no_match,0.0,,,,,,,,"Ebü’l-Hasen Mukātil b. Süleymân b. Beşîr. Tefsîru Mukâtil b. Süleymân. thk. Abdullah Mahmûd Şahhâte. 4 Cilt. Beyrut: Dâru İhyâi't-Turâs, 1423."
7974,1192710,17663714,no_match,0.0,,,,,,,,"Hesse, M., Zetter, R., Halbritter, H., Weber, M., Buchner, R., Frosch-Radivo, A., Ulrich, S., 2009. Pollen Terminology an illustrated handbook. Austria, Springer, Wien, New York."
7980,1228505,19163586,no_match,0.0,,,,,,,,"Hayrullahoğlu, G., Aliefendioğlu Y., Tanrıvermiş, H. (2018). Deprem sonrası kentte oluşacak sorunlara dirençli kent yaklaşımı ile çözüm aranması: Marmara depremi örneği, Kentsel Politikalar içinde (der. A. Mengi, D. İşçioğlu), Palme Yayınevi Akademik Kitaplar, Ankara (290-304)."
7986,1178061,16777135,possible,0.643,crossref_book,"The Fourth Industrial Revolution: what it means, how to respond1",Schwab Klaus,2024,Edward Elgar Publishing,9781802208818,https://doi.org/10.4337/9781802208818.00008,"Schwab, K. (2017). The fourth industrial revolution, Portfolio/ Penguin. Geneva, Switzerland: Crown Publishing Group, 184. Science and technology policy institute forum, 26(2), 12-15."
7988,1337249,24107653,no_match,0.0,,,,,,,,"Afyoncu, E. (2003). Mehmed Said Paşa, Yirmisekizçelebizâde. İçinde Türkiye Diyanet Vakfı İslâm Ansiklopedisi (C. 28, ss. 524-526). TDV Yayınları."
7991,1263989,20661220,no_match,0.0,,,,,,,,"Hamzâvî, Mahmud. el-Ferâ‘id el-Behiyye fî’l-Kavâ‘idi’l-Fıkhiyye. thk. Muhammed el-Azâzî. Beyrut: Dâru’l-Kutubi’l- İlmiyye, 2017."
7992,1263989,20661228,no_match,0.0,,,,,,,,"Karadâvî, Yusuf. Fî fıkh el-ekalliyât el-müslime. Kahire: Dâru’ş-Şurûk, 2001."
8026,1375930,25646088,no_match,0.0,,,,,,,,"Sancar, Serpil. 2021. Toplumsal Cinsiyet Eşitsizlikleriyle Baş Etme Strateji ve Politikaları. CEİD Yayınları."
8054,1172978,16573713,no_match,0.0,,,,,,,,"Özünlü, Ü. (1997). Edebiyatta Dil Kullanımları. Ankara: Doruk Yayınları."
8067,1311995,22858862,no_match,0.0,,,,,,,,"Özgenç İ, Türk Ceza Kanunu Gazi Şerhi (Genel Hükümler) (3. bs, Açık Ceza İnfaz Kurumu Matbaası 2006)"
8094,1263913,20659187,no_match,0.0,,,,,,,,"Lange, F., Albert, Materyalizmin Tarihi ve Günümüzdeki Anlamının Eleştirisi I-II (çev. Prof. Dr. Ahmet Arslan), İstanbul: Sentez Yayıncılık, 2016."
8106,1365751,25271472,no_match,0.0,,,,,,,,"Râşid Mehmed Efendi. (2013). Tarih-i Râşid. Cilt I. A. Özcan vd. (Yay. haz.). İstanbul: Klasik Yayınları, 2013)."
8107,1365751,25271493,no_match,0.0,,,,,,,,"Gülsoy, E. (2004). Girit'in fethi ve Osmanlı idaresinin kurulması (1645-1670). İstanbul: Tatav-Tarih ve Tabiat Vakfı Yayınları."
8120,1329232,23772912,no_match,0.0,,,,,,,,"Ademovic. S. (2020). Balkan Coğrafyası’nda Türkiye’nin dünü bugünü: zorunlu terk ediliş/ yeniden sahiplenilmenin psikolojisi ve “kolektif psikozun” Balkan toplumlarındaki yansıması, Ş. Kantarcı (ed) Politik Psikoloji Boyutuyla Türk Dış Politikası (1923-2000) içinde (s. 343- 390). Ankara: Nobel Yayın."
8122,1242187,19765858,no_match,0.0,,,,,,,,"Necmeddîn-i Dâye, Mirsâdü’l-İbâd ( Başlangıç- tan Nihayete Allah’ın Kullarının Yolu), trc. Halil Baltacı, İstanbul: Dergâh Yayınları, 2021."
8132,1255796,20330600,no_match,0.0,,,,,,,,"Güriz, A. (2006). Hukuka başlangıç. Siyasal Kitabevi."
8174,1306915,22635242,no_match,0.0,,,,,,,,"Yücesoy, Hayrettin. “Mihne”. Türkiye Diyanet Vakfı İslâm Ansiklopedisi. 30/26-28. İstanbul: Türkiye Diyanet Vakfı Yayınları, 2005."
8203,1391214,26148596,no_match,0.0,,,,,,,,"YETİK, Murat: Sosyal Güvenlik Hukukunda Primler ve Prim Teşvikleri, Legal Yayınevi, İstanbul 2018."
8205,1296744,22211792,no_match,0.0,,,,,,,,"Arendt, Hannah. Totalitarizmin Kaynakları/3: Totalitarizm, çev. İsmail Serin, 4. Baskı, İletişim Yayınları, 2021."
8206,1296744,22211805,no_match,0.0,,,,,,,,"Değirmencioğlu, Burcu. Westphalian Modelden Bugüne Egemenliğin Dönüşümü Bağlamında Yeni Dünya Düzeninin İnşası, Adalet Yayınevi, 2022."
8208,1296744,22211816,no_match,0.0,,,,,,,,"Platon. Devlet, çev. Selahattin Eyüboğlu, M. Ali Cimcoz, 20. Bası, Türkiye İş Bankası Kültür Yayınları, 2010."
8220,1202532,18173670,no_match,0.0,,,,,,,,"Kiel, Machiel - Gara, Eleni. “Karaferye”. Türkiye Diyanet Vakfı İslâm Ansiklopedisi. 24/391-394. İstanbul: TDV Yayınları, 2001."
8228,1258027,20425756,no_match,0.0,,,,,,,,"Kılıç, M. E. (1996a). Fusûsu’l-Hikem. Türkiye Diyanet Vakfı İslâm Ansiklopedisi. Cilt 13 (s. 230-237) içinde. İstanbul: Türkiye Diyanet Vakfı Yayınları."
8230,1203712,18385603,no_match,0.0,,,,,,,,"et-Tayyar, A. (2015). Tüm Detayları ile Namaz, çev: M. Beşir Eryarsoy. İstanbul: Guraba Yayınları."
8234,1229456,19483437,no_match,0.0,,,,,,,,"Sander, O. (2004). Siyasi tarih (1918-1994). İstanbul: Timaş Yayınları."
8247,1260222,20520865,possible,0.667,crossref_book,An Information-Processing Approach to the Study of Cognitive Development,KLAHR DAVID,,University of Minnesota Press,,https://doi.org/10.5749/j.ctttsmk0.8,"Klahr, D., & Wallace, J. G. (1976). Cognitive development: An information-processing view. Routledge."
8277,1261666,20605035,no_match,0.0,,,,,,,,"Alexander, T. D. (2004). Passover sacrifice. In R. T. Beckwith & M. J. Selman (Eds.), Sacrifice in the Bible (pp.1-24). Eugene, Oregon: Wipf and Stock."
8313,1370707,25456154,no_match,0.0,,,,,,,,"Süyûtî, Celâleddîn Abdurrahman b. Ebî Bekir. et-Tahbîr fî ‘ilmi’t-tefsîr. Beyrut: Daru’l-Kütubu’l-İlmiyye, 1408."
8324,1161848,16102429,no_match,0.0,,,,,,,,Oran B. (2009). Türk dış politikası 1. İstanbul: İletişim Yayınları.
8354,1346928,24483421,no_match,0.0,,,,,,,,"Uzun, Mustafa İsmet. “Münşeat”. Türkiye Diyanet Vakfı İslâm Ansiklopedisi. 32: 18-20, Ankara: Türkiye Diyanet Vakfı Yayınları, 2006."
8359,1211705,18470689,strong,1.0,openlibrary,Qualitative data analysis,Matthew B. Miles,1984,,,https://openlibrary.org/works/OL2022506W,"Miles, M. B. ve Huberman, A. M. (1994). Qualitative data analysis: An expanded sourcebook (2nd ed.). California: Sage Publications."
8385,1156953,16409650,no_match,0.0,,,,,,,,"[48] Deer, W., Howie, R. ve Zussman, J., An introduction to the rockforming minerals, New York: Wiley-Interscience, 2nd ed., 1992."
8391,1320294,23388432,no_match,0.0,,,,,,,,"Hall, S. (2005). Critical Dialogues in Cultural Studies. Ed. David Morley & Kuan-Hsing Chen, New Ethnicities, Routledge."
8398,1304935,22570115,strong,1.0,openlibrary,Türk halk edebiyatı,Ignácz Kúnos,1925,,,https://openlibrary.org/works/OL4177061W,"Kunos, İ. (1978). Türk Halk Edebiyatı. (T. Gülensoy, Çev.) Konya: Kervan Yayınevi."
8403,1183988,17066417,no_match,0.0,,,,,,,,"Ercan, F., & Altun, S. A. (2005). İlköğretim fen ve teknoloji dersi 4. ve 5. sınıflar öğretim programına ilişkin öğretmen görüşleri. Eğitimde Yansımalar: VIII Yeni İlköğretim Programlarını Değerlendirme Sem- pozyumu Bildiriler Kitabı (ss. 311–319). Ankara: Sim Matbaası."
8410,1200717,17915633,strong,1.0,openlibrary,Tefsir tarihi yazımı ve problemleri,Mustafa Karagöz,2012,,,https://openlibrary.org/works/OL39587967W,"Karagöz, Mustafa. Tefsir Tarihi Yazımı ve Problemleri. Ankara: Araştırma Yayınları, 2012."
8463,1253692,20239620,no_match,0.0,,,,,,,,"Doğer Lale ve Dilek Maktal-Canko. “İzmir Kadifekale 2015 Yılı Bizans Sarnıcı Araştırma Kazısından Seramik Buluntular”. Smyrna/İzmir Kazı ve Araştırmaları III. Ed. Hakan Göncü, Akın Ersoy ve Duygu Akar Tanrıver. İstanbul: Ege Yayınları, 2019, 111-134."
8466,1198642,17811738,strong,1.0,openlibrary,The Nature Of Human Values,Milton Rokeach,1973,,,https://openlibrary.org/works/OL6437110W,"Rokeach, M. (1973). The Nature of Human Values. New York: The Free Press."
8495,1312233,22872384,no_match,0.0,,,,,,,,"GÂZÎ, es-Seyyid Mustafa. el-Ahtal Şâiru Benî Ümeyye. Kahire: Dâru’l-Maârif, 1998."
8561,1359264,25004201,no_match,0.0,,,,,,,,"11. Gonca Oğuz Gök, “(UN) Finished Journey? Future of the World Organization in a World of Crises.”"
8578,1381134,25798241,strong,1.0,openlibrary,Design for a contemporary world,Christian Boucharenc,2008,,,https://openlibrary.org/works/OL13844614W,"93. Boucharenc, C., Design for a contemporary world: A textbook on fundamental principles. NUS Press, Singapore, 2008."
8592,1237921,21115553,strong,1.0,openlibrary,Dilbilgisi,Tahir Nejat Gencan,1953,,,https://openlibrary.org/works/OL6008301W,"Gencan, Tahir Nejat (1971). Dilbilgisi. İstanbul: Türk Dil Kurumu Yayınları."
8608,1264594,20691898,no_match,0.0,,,,,,,,"Aksan, D. (1982). Her Yönüyle Dil-Ana Çizgileriyle Dilbilim 3, Türk Dil Kurumu Yayınları, Ankara."
8612,1260482,20532908,no_match,0.0,,,,,,,,"Yorulmaz, B. (2017). Ailede değerler eğitimi. İstanbul: Erkam Yayınları."
8614,1360631,25057916,no_match,0.0,,,,,,,,"Gemalmaz, M.S. (2007). Ulusal Üstü İnsan Hakları Usul Hukukunda Geçici Önlem (Kapsam, İşlev, Yetkili Organ, Uygulama ve Değerlendirme). Legal Yayınları."
8628,1215087,18925706,no_match,0.0,,,,,,,,"Abadan Unat, N. (1998). “Söylemden Protestoya: Türkiye’de Kadın Hareketlerinin Dönüşümü”. 75 Yılda Kadınlar ve Erkekler (Ed: Hacımirzaoğlu, A. B.) içinde (323-336). İstanbul: Tarih Vakfı Yayınları."
8631,1275764,21200733,strong,1.0,openlibrary,Türkçe sözlük,Türk Dil Kurumu,1945,,,https://openlibrary.org/works/OL10759635W,TDK (Türk Dil Kurumu) (2005). Türkçe Sözlük. Ankara: TDK Yayınları.
8634,1292639,22042764,no_match,0.0,,,,,,,,"İbn Hacer, Ebü’l-Fazl Ahmed b. Alî el-Askalânî. Takrîbü’t-Tehzîb. thk. Ahmed Şâgıf. b.y.: Dâru’l-Âsıme, 1421."
8635,1292639,22042782,no_match,0.0,,,,,,,,"Müslim, Ebü’l-Hüseyn Müslim b. el-Haccâc. el-Câmiʿu’s-sahîh. nşr. Muhammed Fuâd Abdülbâkî. 3 Cilt. İstanbul: Çağrı Yayınları, 1401/1981."
8645,1357316,24905276,no_match,0.0,,,,,,,,"Akdemir, Mustafa Atilla. Tecvîd-i Mâhir. İstanbul: Rağbet Yayınları, 2019."
8650,1265087,20712843,no_match,0.0,,,,,,,,"Williams, S.T. (Ed.). (2015). Referencing: A guide to citation rules (3rd ed.). New York, NY: My Publisher."
8653,1170971,16488048,no_match,0.0,,,,,,,,"------------, “Tevhîdin Hakîkati ve Nübüvvetin İspatı Üzerine”, İslâm Filozoflarından Fel sefe Metinleri, çev. Mahmut Kaya, Klasik Yayınları, İstanbul, 2005."
8662,1226399,19045623,strong,1.0,openlibrary,Toplumsal değişme kuramları ve Türkiye gerçeği,Emre Kongar,1979,,,https://openlibrary.org/works/OL42579892W,"Kongar, Emre. Toplumsal Değişme Kuramları ve Türkiye Gerçeği. İstanbul: Remzi Kitabevi Yayınları, 2014."
8663,1226399,19045624,no_match,0.0,,,,,,,,"Kurt, Abdurrahman. Bursa Sicillerine Göre Osmanlı Ailesi (1839-1876). Bursa: Sentez Yayıncılık, 2013."
8717,1330834,23844880,no_match,0.0,,,,,,,,"Efe, R. (2010). Biyocoğrafya (2. Baskı). Bursa: Marmara Kitap Merkezi."
8722,1327163,23677279,no_match,0.0,,,,,,,,"Altay, A. (2017) “Kamu Maliyesi”, Buca: Seçkin Kitabevi."
8761,1322994,23514626,no_match,0.0,,,,,,,,"J. Crabtree, Pam. Medieval Archaeology an Encyclopedia. New York and London: New York University Garland Publishing, Inc., 2001."
8798,1294741,23192294,no_match,0.0,,,,,,,,"Molla Civen. Nûrü’l-envâr fî şerḥi’l-Menâr. thk. Salâh Muhammed Ebü’l- Hac. Amman: Daru’l-Farûk, ty."
8825,1367030,25323687,strong,1.0,openlibrary,The Dutch East India Company,F. S. Gaastra,2003,,,https://openlibrary.org/works/OL3823509W,"Gaastra, F. (2003). The Dutch East India Company: Expansion and Decline. Amsterdam: Walburg Press."
8832,1305486,22968028,strong,0.966,crossref_book,Sosyal Bilimlerde Nitel Araştırma Yöntemleri,Kavut Sevgi,2024,Akademisyen Kitabevi,9786253751609,https://doi.org/10.37609/akya.3369.c8919,"Yıldırım, A., & Şimşek, H. (2021). Sosyal Bilimlerde Nitel Araştırma Yöntemleri (12. Baskı). Seçkin Yayıncılık."
8834,1208659,19481168,no_match,0.0,,,,,,,,"eṭ-Ṭaberî, Ebû Caʿfer Muḥammed b. Cerîr b. Yezîd el-Âmilî, Târîḫu’r-rusul ve’l-mulûk ve sılatu târîḫ eṭ-Ṭaberî. Beyrut: Dâru’t-Turâŝ, 1967."
8835,1369650,25417224,strong,1.0,openlibrary,"Artificial intelligence, expert systems, computer vision, and natural language processing",William B. Gevarter,1984,,,https://openlibrary.org/works/OL5356456W,"Gevarter, W. B., (1984). Artificial intelligence, expert systems, computer vision, and natural language processing. Noyes Data Corporation/Noyes Publications."
8836,1369650,25417240,no_match,0.0,,,,,,,,"Meehan, J. (2017). Meehan's bartender manual: [A cocktail reference and recipe book]. New York: Ten Speed Press."
8855,1375844,25643171,no_match,0.0,,,,,,,,"Zebîdî, Muhammed Murtazâ. Tâcü’l-‘arûs min cevâhiri’l-Kâmûs. thk. Heyet. 4 Cilt. b.y.: Dâru’l-Hidâye, ts."
8857,1208580,18327021,no_match,0.0,,,,,,,,"Spears, L. C. (1995). Tracing The Growing Impact of Servant-Leadership Hisights on Leadership: Service, Stewardship, Spirit, and Servant-Leadership. New York: John Wiley ve Sons, Inc."
8861,1270381,20973918,strong,1.0,openlibrary,Nâzım Hikmet ve geleneksel Türk yazını,Nedim Gürsel,1992,,,https://openlibrary.org/works/OL2069261W,"Gürsel, N. (1992). Nâzım Hikmet ve Geleneksel Türk Yazını. İstanbul: Adam Yayınları."
8866,1296102,22182101,no_match,0.0,,,,,,,,"Mustafa Satı Bey. Fenn-i Terbiye. ed. Mustafa Gündüz. Ankara: Otorite Yayınları, 2012."
8896,1274066,21318985,no_match,0.0,,,,,,,,"BENNET, Christopher, Yugoslavia’s Bloody Collapse: Causes, Course and Consequences, New York University Press, New York 1997."
8897,1274066,21318986,no_match,0.0,,,,,,,,"BIEBER, Florian, BRENTIN, Dario, Social movements in the Balkans: Rebellion and protest from Maribor to Taksim, Fan protest and activism: Football from below in South-Eastern Europe, Routledge, London 2021."
8906,1244775,19858149,no_match,0.0,,,,,,,,"Güler, Nurdane. Mukâtil Tefsirinde Tevhid. Ankara: Grafiker Yayınları, 2022."
8908,1207469,18220086,no_match,0.0,,,,,,,,"Kafesoğlu, İbrahim. 1994. Türk Millî Kültürü. 11. bs. İstanbul: Boğaziçi Yayınları."
8922,1330655,23837814,no_match,0.0,,,,,,,,"Haugen, E. (1953). The norwegian langauge in America: A sudy in bilingual behavior. Philadelphia: Penn., University of Pennsylvania Press."
8950,1292647,22043134,no_match,0.0,,,,,,,,"Müslim b. Haccâc en-Nîsâbûrî. Sahîhu Müslim. thk. Muhammed Fuâd Abdülbâkî. 5 Cilt. Beyrut: Dâru İhyâ’i’t-Türâsi’l-‘Arabî, ts."
8952,1245168,19876035,no_match,0.0,,,,,,,,"Dönmez, İbrahim Kâfi. “Farz”. Türkiye Diyanet Vakfı İslam Ansiklopedisi. 12/184. İstanbul: TDV Yayınları, 1995."
8953,1245168,19876037,no_match,0.0,,,,,,,,"Duman, Soner. “Modern Dönemde Şâfiî Algısı”. Gelenekselci ve Modernist Paradigmalar Kıs-kacında İmam Şâfiî. ed. Mehmet Mahfuz Söylemez. 25-62. Ankara: Araştırma Yayınları, 2014."
8954,1245168,19876056,strong,0.722,openlibrary,Sünni Düsüncenin Tesekkülü; Din - Yorum - Dindarlik,Christopher Melchert,2018,,,https://openlibrary.org/works/OL26274365W,"Melchert, Christopher. Sünnî Düşüncenin Teşekkülü. drl. ve çev. Ali Hakan Çavuşoğlu. İstanbul: Klasik Yayınları, 2018."
8962,1187325,17213018,no_match,0.0,,,,,,,,"Basuğay, B. (2021).Yemen Eyyûbîleri Tûranşâh ve Tuğtegin Dönemleri, Ankara: İlâhiyât Yayınları."
8995,1270760,20963035,no_match,0.0,,,,,,,,"Vural, H., Eşiyok, D., & Duman, İ. (2000). Kültür sebzeleri. Ege Üniversitesi Basımevi. (In Turkish)"
9003,1305357,22584250,no_match,0.0,,,,,,,,"Dönmez, İbrahim Kâfi. “İcmâ”. Türkiye Diyanet Vakfı İslâm Ansiklopedisi. 21/417-431. İstanbul: TDV Yayınları, 2000."
9034,1335702,24050503,no_match,0.0,,,,,,,,"Gürsel, İbrahim Etem (1977), Kürtçülük Gerçeği, Ankara: Kömen Yayınları."
9048,1304064,22536973,no_match,0.0,,,,,,,,"Nakajima, S. (1988). Introduction to total productive maintenance (TPM), Productivity Press, Portland, OR"
9071,1237991,22682403,no_match,0.0,,,,,,,,"Gürkan, S. L. (2008). Yahudilik, İSAM Yayınları. İstanbul."
9082,1336549,24083127,no_match,0.0,,,,,,,,"Karasar, N. (2018). Bilimsel araştırma yöntemleri. Ankara: Nobel Yayın Dağıtım."
9091,1240886,19711054,no_match,0.0,,,,,,,,"Marcus, Laura R. ve Marianne T. Marcus. “Occupational Folklore.” The Emer-gence Of Folklore in Everyday Life: A Fieldguide and Sourcebook. Trickster Press, 1990. pp. 121-132."
9101,1332140,23909009,no_match,0.0,,,,,,,,"Ataman, A. (2009). Gelisim ve ogrenme. Gunduz Education and Pub- lishing."
9124,1217532,19038842,no_match,0.0,,,,,,,,"Gutas, Dimitri. “Ibn Sīnā’s Sect and Birthplace Issue”. Avicenna’s Legacy. ed. M. Cüneyt Kaya. 13-29. İstanbul: Klasik Yayınları, 2010."
9125,1264941,20844627,no_match,0.0,,,,,,,,"Kalaycı, Ş. (2010). SPSS uygulamalı çok değişkenli istatistik teknikleri. Ankara, Turkey: Asil Yayın Dağıtım."
9154,1277377,21271668,no_match,0.0,,,,,,,,"1. Yılmaz T. Aile sağlığı. In: Tulchnsky T, Varavikova E. (Editörler). Yeni Halk Sağlığı. 3rd Edition, Ankara: Palme Yayınevi; 2018: 311-354."
9165,1183148,17027821,no_match,0.0,,,,,,,,"Azîmî, Ebû Abdullah Muhammed b. er-Re’îs Ebû’l-Hasan Ali b. Muhammed b. Ahmed b. Nizâr et-Tenûhî el-Halebî (556/1061?), Târîhü’l-Azîmî, (nşr. Ali Sevim), Türk Tarih Kurumu Yayınları, Ankara 20062; Azîmî Tarihi: Selçuklular Dönemiyle İlgili Bölümler, (H. 430-538 = 1038/39-1143/44),( trc. Ali Sevim), Türk Tarih Kurumu Yayınları, Ankara 20062; “La Chronique Abrégée d’al-’Azīmī”, (nşr. Claude Cahen), Journal Asiatique, Recueil Trimestriel de Mémoires et de Notices Relatifs aux Études Orientales, CCXXX (230), Paris MDCCCCXXXVIII (1938), s. 353-448."
9166,1183148,17027848,possible,0.739,openlibrary,Gümüşhane Bölgesi'nin tarih ve arkeoloji araştırmaları,Süleyman Çiğdem,2008,,,https://openlibrary.org/works/OL16295583W,"Çiğdem, Süleyman, Eski Çağ’dan Orta Çağ’a Gümüşhane, Gümüşhane Valiliği Yayınları, Gümüşhane 2012. Çiğdem, Süleyman, Gümüşhane Bölgesinin Tarih ve Arkeoloji Araştırmaları, Gümüşhane Valiliği Yayınları, Erzurum 2008."
9167,1183148,17027898,no_match,0.0,,,,,,,,"Kesik, Muharrem, Selçukluların Haçlılarla İmtihanı, Timaş Yayınları, İstanbul 2018."
9174,1324289,23567607,no_match,0.0,,,,,,,,"Çakır, V., & Çakır , V. (2010). Televizyon Bağımlılığı . Literatürk Yayınları."
9214,1380234,25772244,strong,0.972,crossref_book,Fundamentals of Educational Research,"Anderson Garry, Arsenault Nancy",2005,Routledge,9781135708214,https://doi.org/10.4324/9780203978221,"Anderson, G. & Arsenault, N. (1998). Fundamentals uf educational research. Routledge."
9223,1373448,26719754,no_match,0.0,,,,,,,,"Harris, T. A. (2022) Ben Ok’im-Sen Ok’sin (21. Baskı). Okuyan Us Yayıncılık."
9234,1346823,24478800,no_match,0.0,,,,,,,,"Kahraman, S. A. (2010a). Günümüz Türkçesiyle Evliyâ Çelebi seyahatnâmesi: Akkirman- Belgrad - Gelibolu - Manastır - Özü - Saraybosna - Slovenya - Tokat – Üsküp. C. 5/1, İstanbul: Yapı Kredi Yayınları."
9249,1251405,20140064,strong,0.966,openlibrary,Edebiyat lügati,Tahir Olgun,1936,,,https://openlibrary.org/works/OL2613165W,"Olgun, Tahirü’l-Mevlevî. Edebiyât Lügatı. İstanbul: Enderun Kitabevi, 1973."
9267,1347806,24520649,no_match,0.0,,,,,,,,"İbnü’l-Arabî, Muhyiddin. Fusûsü’l-hikem. Kahire: Dâru’l İhyai’l Kutubi’l Arabî, 1. Basım, 1946."
9280,1338379,24978063,strong,0.845,openlibrary,English verb classes and alternations,Beth Levin,1993,,,https://openlibrary.org/works/OL3481235W,"Levin, B. 1993. Verb Classes and Alternations. Chicago: Chicago University Press."
9282,1218732,18722286,no_match,0.0,,,,,,,,"İzmirli, İsmail Hakkı. Müslüman Türk Hukuku ve Dini. İstanbul: Akşam Matbaası, 1936."
9294,1216087,18624524,no_match,0.0,,,,,,,,"Tümer, G. (1994). Din. TDV İslam Ansiklopedisi, 9, Türk Dil Kurumu Yayınları, Ankara."
9295,1208640,18408361,no_match,0.0,,,,,,,,"BURSEVÎ, İsmâ‘îl Hakkı. Rûhu’l-beyân fî tefsîri’l-Kur’ân. 10 Cilt. Beyrût: Dâru İhyâi’t-Türâsi’l-‘Arâbî, ts."
9298,1270149,20935714,no_match,0.0,,,,,,,,"Boztepe, S., Aytekin, İ., Zülkadir, U., 2015. Süt Sığırcılığı. Selçuk Üniversitesi Basımevi, Konya."
9302,1195595,17669582,no_match,0.0,,,,,,,,"Karaçalı, İ., (2002). Meyve ve sebze değerlendirme. Ege Üniversitesi Ziraat Fakültesi Yayınları 19, Ofset Basımevi."
9310,1230905,20174235,no_match,0.0,,,,,,,,"Emecen. Feridun M., Yavuz Sultan Selim, İstanbul: Yitik Hazine Yayınları, 2011."
9311,1239386,19651179,no_match,0.0,,,,,,,,"Faroqhi, Suraiya, (2013), Anadolu'da Bektaşilik. (Çev. Işıl Karaelmas Erdem), İstanbul: Alfa Yayınları."
9328,1310966,22798164,no_match,0.0,,,,,,,,"Bulut, Ö.B. & T. Yılmaz (2022), “Belirsizlik Ortamında Sıcak Para Hareketlerinin Ampirik Analizi: Toda-Yamamoto Nedensellik Testi”, içinde: Ş. Karabulut (ed.), Ekonomi ve Finans Alanındaki Uygulamaların Ampirik Sonuçları (353-365), Bursa: Ekin Yayınevi."
9360,1180760,16904870,no_match,0.0,,,,,,,,"Wakefield, Robert I. 2009. “Uluslararası Halkla İlişkiler Teorisi, İnternet ve Aktivizm: Kişisel Bir Düşünce.” Halkla İlişkiler Üzerine: Disiplinlerarası Bir Alanın Yönelimleri, derleyenler Fatih Keskin ve B. Pınar Özdemir, 89-115. Ankara: Dipnot Yayınları."
9365,1306786,22630987,no_match,0.0,,,,,,,,"Hemezânî, Ebü’l-Alâ Hasan b. Ahmed. et-Temhîd fî ma’rifeti’t-tecvîd. thk. Gânim Kaddûri el-Hamed. Amman: Dâru Ammâr, 2000."
9372,1313430,22950641,no_match,0.0,,,,,,,,"Sarıcaoğlu, F. (2008). Rûznâme. İçinde Türkiye Diyanet Vakfı İslâm ansiklopedisi (C. 35, ss. 278–281). TDV Yayınları."
9377,1312465,22888893,no_match,0.0,,,,,,,,"Kartal, N. Z. (2023). Halkla ilişkiler kavramlarına giriş. Literatürk Yayınevi."
9388,1296209,22188423,no_match,0.0,,,,,,,,"Kumar K, Sanayi Sonrası Toplumdan Post-Modern Topluma (Mehmet Küçük, 4.bs, Dost Kitabevi Yayınları 2013)."
9408,1179846,16860172,no_match,0.0,,,,,,,,"Merriam, S. B. (2018). Nitel araştırma desen ve uygulama için bir rehber. Anı Yayıncılık."
9437,1333322,23958838,no_match,0.0,,,,,,,,"Panovski, E. (2017). Perspebiif-simgesel bir biçim. (Yeşim Tükel Kılıç, Çev.). Metis Yayınları. google scholar"
9442,1229855,19228419,no_match,0.0,,,,,,,,"Çevik, B. S. (2014). Uluslararası halkla ilişkilerde insanî yardımlar: Kamu diplomasisi boyutu. Stratejik Düşünce Enstitüsü Yayınları."
9452,1236064,19586081,no_match,0.0,,,,,,,,"Şanizade, Bedayiu’s-sukuk (Sakk-i Şanizade), Camiu envari’s-sukuk ve lamiu’z-ziyai li zevi’ş-şukuk (Sakk-i Cedid) Hamişinde, Matbaa-i Ahmed Kamil, İstanbul, 1329."
9456,1232436,19985774,strong,1.0,openlibrary,A Philosophy of Boredom,Lars Svendsen,2005,,,https://openlibrary.org/works/OL7256801W,"Svendsen, L. (2005). A philosophy of boredom. Reaktion Books Ltd."
9459,1213766,18857413,no_match,0.0,,,,,,,,"Evren, S. (2022). Günümüzde sanat ve deneyim. Hayalperest Yayınevi."
9470,1211968,18658577,no_match,0.0,,,,,,,,Şeyhülislam Ebussuûd Efendi. 2013. “Ma’rûzât”. Haz. Behlül Düzenli. İstanbul: Klasik Yayınları
9484,1287723,21840852,no_match,0.0,,,,,,,,"18. Bora, A. (2009). Rüyası ömrümüzün çünkü eşyaya siner. A. Alkan (Ed) içinde, Cins Cins Mekan (s.63-75), Varlık Yayınları."
9488,1265667,20730621,no_match,0.0,,,,,,,,"Armaoğlu, F. (1975). Siyasi tarih I: 1789-1960. Ankara Üniversitesi Siyasal Bilgiler Fakültesi Yayınları."
9521,1318855,23312851,no_match,0.0,,,,,,,,"Demircioğlu, Hüseyin. Yeni Rehber. İstanbul: Erkam Matbaası, 2003."
9522,1318855,23312854,no_match,0.0,,,,,,,,"Efe, Ahmet. Kur’an Alfabesi. Ankara: Kandil Yayınları, 1985."
9551,1305336,22583280,no_match,0.0,,,,,,,,"Bozkurt, Nahide. Oluşum Sürecinde Abbasî İhtilâli. Ankara: Ankara Okulu Yayınları, 3. Basım, 2020."
9561,1375615,25634733,no_match,0.0,,,,,,,,"Kuşeyrî, er-Risâle. haz. Süleyman Uludağ. İstanbul: Dergâh Yayınları, 1978."
9563,1375615,25634752,no_match,0.0,,,,,,,,"Süsleyici, Fatih. Fatih Dönemi Tarikat-Devlet İlişkileri. Ankara: İlâhiyât Yayınları, 2024."
9617,1160418,16078914,strong,0.964,openlibrary,Sıvas ve çevresinde hayatın çeşitli safhalarıyla ilgili bâtıl inançların ve büyüsel işlemlerin etnolojik tetkiki,Sedat Veyis Örnek,1966,,,https://openlibrary.org/works/OL6414666W,"Örnek, S. V. (1966). Sivas ve Çevresinde Hayatın Çeşitli Safhalarıyla İlgili Batıl İnançların ve Büyüsel İşlemlerin Etnolojik Tetkiki, Ankara: Ankara Üniversitesi Dil ve Tarih-Coğrafya Fakültesi Yayınları."
9627,1322172,24264447,no_match,0.0,,,,,,,,"KASABA, R. (1993). Osmanlı İmparatorluğu ve Dünya Ekonomisi, (Çev. Kudret Emiroğlu), İstanbul: Belge Yayınları."
9631,1315137,23090627,no_match,0.0,,,,,,,,"Gürbüz, S. (2019). AMOS ile yapısal eşitlik modellemesi. Seçkin Yayıncılık."
9640,1262095,21662758,no_match,0.0,,,,,,,,"RISO, D. R. & HUDSON, R. (2020). Enneagram Bilgeliği, Çeviren: Sedat Yüksel, Lena psikolojik yayınları, Uluslararası seri no: 978-605-7004-40-6."
9641,1185477,17532140,no_match,0.0,,,,,,,,"Adelson, Roger, London and the Invention of the Middle East: Money, Power and War, 1902-1922, New Haven, Yale University Press, 1995."
9642,1185477,17532185,no_match,0.0,,,,,,,,"Shaw, Stanford - Shaw, Ezel Kural, Osmanlı İmparatorluğu ve Modern Türkiye, Reform, Devrim ve Cumhuriyet: Modern Türkiye’nin Doğuşu, 1809-1975, 2. bs., cilt 2, İstanbul, E Yayınları, 1994."
9651,1218036,18940655,no_match,0.0,,,,,,,,"Eco, U., (1985). Sinemanın Göstergebilime Katkısı Üzerine. Büker, S., Onaran, O., Sinema Kuramları, (263-280), Ankara: Dost Yayınevi."
9660,1167096,17651861,strong,0.933,crossref_book,Nitel Araştırma,İnan Budak Merve,2024,İstanbul Üniversitesi–Cerrahpaşa Yayınevi,9786057880413,https://doi.org/10.5152/6914,"Merriam, S. B. (2018). Nitel araştırma (S. Turan, Çev.). Ankara: Nobel Yayıncılık."
9669,1239008,21431110,no_match,0.0,,,,,,,,"ÜSTÜNER, Ahat (2003). Türkçede Pekiştirme. Elâzığ: Fırat Üniversitesi Basımevi."
9675,1246404,19926265,no_match,0.0,,,,,,,,"Sâbûnî, Nureddin. el-Bidâye fî usûli’d-dîn/Mâtürîdiyye Akaidi. çev. Bekir Topaloğlu. Ankara: DİB Yayınları, 1995."
9697,1300546,23499673,no_match,0.0,,,,,,,,"Wadley, S., Waite, T.D. 2005. “Fenton Process”, Advanced Oxidation Processes for Water and Wastewater, Ed., Simon Parsons, IWA Publishing, 111-136."
9711,1354100,24767331,strong,0.941,openlibrary,ARKAKAPAK YAZILARI,MUSTAFA KUTLU,2016,,,https://openlibrary.org/works/OL26282991W,"Kutlu, Mustafa. Arkakapak Yazıları. İstanbul: Dergâh Yayınları, 2020f."
9715,1268418,20843741,strong,1.0,openlibrary,The Secret History of Star Wars,Michael Kaminski,2008,,,https://openlibrary.org/works/OL21219563W,"Kaminski, M. (2008). The Secret History of Star Wars: The Art of Stroytelling and the Making of a Modern Epic (3rd b.). Legacy Books Press."
9725,1179983,16866879,no_match,0.0,,,,,,,,"Cantek, F. Ş. & Bora, A. (2015). ‘Akacak Mecra Bulmak: 5Harfliler.com ve Reçel-blog.com’, In Bora, A. ed. İradenin İyimserliği. Ayizi Kitap: Ankara, pp. 215-245."
9732,1169560,17392317,no_match,0.0,,,,,,,,"Ekinci E B, Ateş İstidası, Filiz Kitabevi, İstanbul, 2001."
9734,1358800,24970438,no_match,0.0,,,,,,,,"Néré, J. (1980) 1929 Krizi (çev. V. Toprak), Ankara: Ankara İktisadi ve Ticari İlimler Akademisi Yayınları."
9748,1317739,23247471,no_match,0.0,,,,,,,,"Seyyid, Mehmed. Usûl-i Fıkıh: Medhal. haz. Selçuk Camcı. İstanbul: Işık Akademi Yayınları, 2011."
9750,1215899,18980223,no_match,0.0,,,,,,,,"Atherly, A. G. (1999). Student Solutions Manual to Accompany the Science of Genetics. Saunders College Publishing."
9758,1322183,23476007,no_match,0.0,,,,,,,,"COOKE, G. A. (1903). Text-book of North-Semitic Inscriptions: Moabite, Hebrew, Phoenician, Aramaic, Nabataean, Palmyrene, Jewish, The Clarendon Press."
9762,1336329,24880257,no_match,0.0,,,,,,,,"12. Solomons TG, Fryhle CB, Snyder SA. Solomons' Or- ganic Chemistry, Binder Ready Version Study Guide & Student Solutions Manual, John Wiley & Sons, 2016."
9771,1185068,17112589,no_match,0.0,,,,,,,,"Râğıb, İsfahânî. el-Müfredât fî ğarîbi’l-Kur’ân. İstanbul: Kahraman Yayınları, 1986."
9772,1292222,22026946,no_match,0.0,,,,,,,,"Aristoteles (Aristo). Metafizik. çev. Ahmet Arslan. İstanbul: Sosyal Yayınları, 2012."
9773,1292222,22026953,no_match,0.0,,,,,,,,"_______. Dinden Felsefeye Batı Nazariyatının Kökenleri Üzerine. çev. Özgüç Orhan. Albaraka Yayınları, 2022."
9774,1292222,22026958,strong,1.0,openlibrary,God and philosophy,Étienne Gilson,1941,,,https://openlibrary.org/works/OL532203W,"Gilson, Etienne. God and Philosophy. New Haven London: Yale University Press, 2nd edition., 2002."
9830,1298977,22494214,no_match,0.0,,,,,,,,"Amerikan Psikiyatri Birliği-APA. (2014). Ruhsal bozuklukların tanısal ve sayımsal el kitabı (DSM-5) [Diagnostic and statistical manual of mental disorders (DSM-5)] (E. Köroğlu, Trans.). Hekimler Yayın Birliği."
9835,1298977,22494284,no_match,0.0,,,,,,,,"Zencirkıran, M. (2018). Sosyoloji [Sociology]. Dora Basım-Yayın."
9838,1375010,25615973,no_match,0.0,,,,,,,,"Bengi, D. (2022). 50’li yıllarda Türkiye: Sazlı cazlı sözlük. İstanbul: Yapı Kredi Yayınları."
9851,1341237,25092179,strong,1.0,openlibrary,The primary world of senses,Erwin W. Straus,1963,,,https://openlibrary.org/works/OL1409197W,"Straus, E. (1963). The primary world of the senses. New York: Free Press of Glencoe. Şen, B. (2012). Kentsel mekân ve göç ilişkisine ‘barınak’tan bakmak: Tarihsel süreçte erkek göçmenlerin barınma mekânları. Toplum ve Demokrasi, 6(13-14), 177-200."
9854,1324996,23595838,no_match,0.0,,,,,,,,"Rawlinson, J. G. (1995). Yaratıcı düşünme ve beyin fırtınası (1). (O. Değirmen, Çev.). Rota Yayınları. (1986)"
9855,1298015,22276951,strong,1.0,openlibrary,Simulakrlar ve Simulasyon,Jean Baudrillard,2014,,,https://openlibrary.org/works/OL26404378W,"Baudrillard, J. (2018). Simülakrlar ve Simülasyon. Çev. Oğuz Adanır, 12. Basım: Doğu Batı Yayınları."
9859,1192024,17479600,no_match,0.0,,,,,,,,"____, Divanü Lûgat-it Türk İndeksi, Alaeddin Kral Matbaası, İstanbul 1942."
9860,1192024,17479628,no_match,0.0,,,,,,,,"İleri, Celâl Nuri, Mukadderat-ı Tarihiye, Yeni Osmanlı Matbaa ve Kütüphanesi, İstanbul 1915."
9867,1309255,22725264,no_match,0.0,,,,,,,,"Türkmen, A. F. (1939). Mufassal Hatay Tarihi, Hatay Manda Tarihi Silahlı Mücadele Devresi. 4. Cilt. İstanbul: Tan Matbaası."
9878,1218559,18716472,strong,1.0,openlibrary,İslâm ansiklopedisi,"M. Th Houtsma, İstanbul Üniversitesi. Edebiyat Fakültesi, Turkey. Maarif Vekâleti",1940,,,https://openlibrary.org/works/OL18245799W,Komisyon. (Ed.). (2009). İslam Ansiklopedisi. (37. cilt). TDV Yayınevi.
9885,1288545,22538814,no_match,0.0,,,,,,,,"Ebu’l-Fazl Ca’fer b. Ali ed-Dımeşkî. (2021). Ticarete Giriş: Tacirler ve Ticari Mallar, (M. A. Koca, Çev.). Albaraka Yayınları."
9890,1311846,22850744,strong,0.958,openlibrary,Ittihatciliktan Kemalizme,Feroz Ahmad,2017,,,https://openlibrary.org/works/OL26365802W,"Ahmad, F. (2014). İttihatçılıktan kemalizme. Kaynak Yayınları."
9891,1311846,22850807,no_match,0.0,,,,,,,,"Mardin, Ş. (2020). Türk modernleşmesi. İletişim Yayınları."
9895,1260730,20569432,no_match,0.0,,,,,,,,"BUFORD, B. et al. (1985). A Dangerous Knowing: Four Black Women Poets. Sheba Feminist Pub."
9896,1260730,20569445,no_match,0.0,,,,,,,,"KAY, J. (1998). “Hottentot Venus”. Off Colour. Newcastle: Bloodaxe Books."
9904,1290082,21943337,no_match,0.0,,,,,,,,"Sertel, S. (2019). Sabiha Sertel’in önsözü. Kadın ve sosyalizm içinde (s.11-12). Yordam Kitap."
9925,1291684,22006960,no_match,0.0,,,,,,,,"İbn ʿAbdi Rabbih, Ebû ʿAmr Aḥmed b. Muḥammed b. ʿAbdi Rabbih. el-ʿIḳdu'l-Ferîd. 8 Cilt. Beyrut: Dâru'l-Kutubi'l- ʿİlmiyye, 1404/1983."
9926,1291684,22006972,no_match,0.0,,,,,,,,"el-Maḳrîzî, Ebu'l-ʿAbbâs Aḥmed b. ʿAlî el-Ḥuseynî. el-Muḳaffâ'l-Kebîr. nşr. Muḥammed el-Yaʿlâvî. 7 Cilt. Beyrut: Dâru'l-Garbî'l-İslâmî, 1427/2006."
9942,1190483,17345972,no_match,0.0,,,,,,,,"Foucault, M. (2013). Hapishanenin doğuşu: Gözetim altında tutmak ve cezalandırmak. (Mehmet Ali Kılıçbay Çev.), İmge Kitabevi."
9948,1327668,23702397,no_match,0.0,,,,,,,,"İbnü’l Cevzî, Cemaleddin Ebu’l-Ferec Abdurrahman b. Ali. Tenbîhü’n-nâimi’l-ğamri ala mevâsimi’l-Umr. thk. Muhammed b. Nasır el-Acmî. Beyrut: Daru’l-Beşâiri’l-İslâmiyye, 1425/2004."
9955,1255315,20311589,no_match,0.0,,,,,,,,"Grossman, G. (1973), “Russia and Soviet Union”, in: Fontana Economic History of Europe: The Emergence of Industrial Societies, London and Glasgow: Collins and Fontana Books."
9956,1255315,20311612,no_match,0.0,,,,,,,,"Tezel, Y.S. ( 2002), Cumhuriyet Dönemi İktisadi Tarihi (1923-1950), İstanbul: Tarih Vakfı Yurt Yayınları."
9969,1199956,17891568,possible,0.615,crossref_book,Structural equation modeling,Kline Rex B.,2025,Elsevier,9780443157851,https://doi.org/10.1016/b978-0-443-26629-4.00103-9,"Kline, R. B. (2015). Principles and practices of structural equation modeling (4th ed.). The Guilford Press."
9976,1381545,25807283,no_match,0.0,,,,,,,,"Çağman, Ergin (2010). III. Selim’e Sunulan Islahat Lâyihaları. İstanbul: Kitabevi Yay."
9977,1171035,16490148,no_match,0.0,,,,,,,,Baran İ. (1968). Üç Soyut Dans (Piyano için). Ankara Devlet Konservatuvarı Yayınları.
9989,1180582,16898721,no_match,0.0,,,,,,,,"Hamed, Gânim Kaddûrî. Ebhâs fî ilmi’t-tecvîd. Amman: Dâru Ammâr, 2002."
9999,1275192,21179542,no_match,0.0,,,,,,,,"Bulut, Mehmet. “İsmet”. Türkiye Diyanet Vakfı İslâm Ansiklopedisi. 23/134-136. İstanbul: TDV Yayınları, 2001."
