sample_index,publication_id,reference_id,reference_order,target_publication_id,reference_year,reference_journal_code,reference_authors,source_doi,hidden_doi,trdizin_status,target_doi,target_crossref_status,target_crossref_doi,target_title,target_year,target_journal,target_journal_code,target_issn,target_eissn,target_doc_type,request_error,context
9,1341641,24271733,30,334823,2019,494,Mühlike GÜLER; Haşim OLGUN; Naci CEVİZ; Fuat LALOĞLU,,,strong_doi_crossref,10.14744/turkpediatriars.2019.69376,ok,10.14744/turkpediatriars.2019.69376,Güncellenenkılavuz sonrasında ilk atak akut romatizmal ateş tanısı alan çocuk hastaların klinik özellikleri,2019,Türk Pediatri Arşivi,494,1306-0015,1308-6278,PAPER,,"Güler M, Laloğlu F, Olgun H, Ceviz N. Clinical characteristics of pediatric patients with first-attack acute rheumatic fever follow-ing the updated guideline. Turk Pediatri Ars. 2019;54(4):220-224. [CrossRef]"
31,1348868,24565232,4,300133,2018,558,Sabriye KUNDAK; İsmail AYDOĞUŞ,,,strong_doi_crossref,10.21547/jss.348833,ok,10.21547/jss.348833,Türkiyede İmalat Sanayinin İthalata Bağımlılığının Analizi,2018,Gaziantep Üniversitesi Sosyal Bilimler Dergisi,558,1303-0094,2149-5459,PAPER,,"[4]. Kundak, S, Aydoğuş, I. 2018. Türkiye’de imalat sanayinin ithalata bağımlılığının analizi. Gaziantep University Journal of Social Sciences; 17(1): 252-266."
56,1348445,24543843,10,84528,2008,360,Banu ÖZGÜREL; Eralp DOĞU,,,strong_trdizin_id,,no_doi,,KaliteFonksiyon Göçerimi ile Bireysel Emeklilik Sistemleri Pazarlayan Sigorta Şirketlerinin Teknik Özelliklerinin İncelenmesi Üzerine Bir Çalışma,2008,Dokuz Eylül Üniversitesi İşletme Fakültesi Dergisi,360,1303-0027,3062-1119,PAPER,,"Doğu, E. ve Özgürel, B. (2008). Kalite Fonksiyon Göçerimi ile bireysel emeklilik sistemleri pazarlayan sigorta şirketlerinin teknik özelliklerinin incelenmesi üzerine bir çalışma. İsletme Fakültesi Dergisi , 33-45."
145,1350863,24806895,73,462879,2021,2680,Muharrem KILIÇ,,,strong_trdizin_id,,no_doi,,HUKUKSALAKLIN TRANSHÜMANİSTİK TEMSİLLERİ VE ONTO-ROBOTİK VAROLUŞ FORMLARI,2021,Adalet Dergisi ,2680,1011-730X,2717-6614,PAPER,,"Kılıç, M. (2021). Hukuksal Aklın Transhümanistik Temsilleri Ve Onto- Robotik Varoluş Formları. Adalet Dergisi, 66, 15-54."
155,1292878,22053278,21,474402,2021,960,Gözde Arıtıcı Çolak; Duygu Sağlam,,,strong_doi_crossref,10.31067/acusaglik.847119,ok,10.31067/acusaglik.847119,"LaparoskopikSleeve Gastrektomi Operasyonunun Kısa Dönemde Besin Alımı, Biyokimyasal Kan Parametreleri ve Antropometrik Ölçümlere Etkisinin Değerlendirilmesi",2021,Acıbadem Üniversitesi Sağlık Bilimleri Dergisi,960,1309-470X,1309-5994,PAPER,,"Çolak GA, Sağlam D. Laparoskopik sleeve gastrektomi operasyonunun kısa dönemde besin alımı, biyokimyasal kan parametreleri ve antropometrik ölçümlere etkisinin değerlendirilmesi. Acıbadem Üniversitesi Sağlık Bilimleri Derg. 2021; 12(2): 291-5."
160,1250882,20119064,18,148502,2013,1445,Selçuk AVDEREN; Recep ÇİÇEK,,,strong_trdizin_id,,no_doi,,Sağlıkturizmi açısından İç Anadolu Bölgesi'ndeki kaplıca ve termal tesislerin mevcut yapısının ve potansiyelinin belirlenmesine yönelik bir araştırma,2013,Karamanoğlu Mehmetbey Üniversitesi Sosyal ve Ekonomik Araştırmalar Dergisi,1445,1309-9132,2147-7833,PAPER,,"Çiçek, R. ve Avderen, S. (2013). Sağlık Turizmi Açısından İç Anadolu Bölgesi’ndeki Kaplıca ve Termal Tesislerin Mevcut Yapısının ve Potansiyelinin Belirlenmesine Yönelik Bir Araştırma, Karamanoğlu Mehmetbey Üniversitesi Sosyal ve Ekonomik Araştırmalar Dergisi, (2): 25-35."
197,1198158,17880329,16,97601,2009,577,Emrah İsmail ÇEVİK; Turhan KORKMAZ,,,strong_trdizin_id,,no_doi,,Zımnivolatilite endeksinden gelişmekte olan piyasalara yönelik volatilite yayılma etkisi,2009,BDDK Bankacılık ve Finansal Piyasalar Dergisi,577,,1307-945X,PAPER,,"Korkmaz, T., & Çevik, E. İ. (2009). Zımni volatilite endeksinden gelişmekte olan piyasalara yönelik volatilite yayılma etkisi. BDDK Bankacılık ve Finansal Piyasalar Dergisi, 3(2), 87-105."
345,1275240,21181337,53,50482,2005,779,Çetin DOĞAN; Murat KARAGÖZ,,,strong_trdizin_id,,no_doi,,DövizKuru Dış Ticaret İlişkisi: Türkiye Örneği,2005,Fırat Üniversitesi Sosyal Bilimler Dergisi,779,1300-9702,2149-3243,PAPER,,"Karagöz, M., & Doğan, Ç. (2005). Döviz kuru ve dış ticaret ilişkisi: Türkiye örneği. Fırat Üniversitesi Sosyal Bilimler Dergisi, 15(2), 219-228."
417,1168990,16838142,25,391189,2018,1547,Birnur YEŞİLDAĞ; Zehra GÖLBAŞI,,,strong_trdizin_id,,no_doi,,DoğumAğrısının Yönetiminde Nonfarmakolojik Yöntemlerin Etkinliğini Değerlendiren Lisansüstü Tez Çalışmalarının İncelenmesi,2018,Düzce Üniversitesi Sağlık Bilimleri Enstitüsü Dergisi,1547,2146-443X,,PAPER,,"Yeşildağ, B., Gölbaşı, Z. (2018). Doğum ağrısının yönetiminde nonfarmakolojik yöntemlerin etkinliğini değerlendiren lisansüstü  tez çalışmalarının incelenmesi. Düzce Üniversitesi Sağlık Bilimleri Enstitüsü Dergisi, 8(3), 104-111"
467,1310431,22776297,16,137748,2012,466,Tuba GÖKÇEK; Adnan BAKİ,,,strong_trdizin_id,,no_doi,,Karmayöntem araştırmalarına genel bir bakış,2012,Elektronik Sosyal Bilimler Dergisi (elektronik),466,,1304-0278,PAPER,,"Baki, A. & Gökçek, T. (2012). Karma yöntem araştırmalarına genel bir bakış. Elektronik Sosyal Bilimler Dergisi, 11(42): 1-21."
576,1184669,17099661,51,120095,2011,683,Hasan SINAR,,,strong_trdizin_id,,no_doi,,Türkceza Hukukunda dolaylı faillik,2011,Ceza Hukuku Dergisi,683,1307-0851,,PAPER,,"SINAR, Hasan, “Türk Ceza Hukukunda Dolaylı Faillik”, Ceza Hukuku Dergisi, 2011, C. 6, S. 15, ss. 59-86."
633,1214153,18883924,49,362891,2020,46,Serap TAŞKAYA,,,strong_trdizin_id,,no_doi,,TÜRKİYEDEKİ EĞİTİM VE ARAŞTIRMA HASTANELERİNİN VERİMLİLİĞİNİN PABON LASSO VE VERİ ZARFLAMA ANALİZLERİ İLE BELİRLENMESİ,2020,Hacettepe Sağlık İdaresi Dergisi,46,1302-9282,2148-9041,PAPER,,"Taşkaya, S. (2020). Determination of the level of efficiency of training and research hospital in Turkey with pabon lasso and data envelopment analysis. Hacettepe Sağlık İdaresi Dergisi, 23(1), 247-260."
670,1284386,21664998,3,115514,2010,574,Nurten KAYA; Aylin ÖZTÜRK; Esma UYGUR; Saliye AYIK; Ayşe CENGİZ,,,strong_trdizin_id,,no_doi,,Hemşirelikuygulamalarında araştırma sonuclarının kullanımında engeller,2010,İstanbul Üniversitesi Florence Nightingale Hemşirelik Yüksekokulu Dergisi,574,1304-4869,,PAPER,,"Ayık, S., Öztürk, A., Kaya, N., Uygur, E. & Cengiz, A. (2010). Hemşirelik uygulamalarında araştırma sonuçlarının kullanımında engeller. Florence Nightingale Journal of Nursing, 18(3), 144-155."
684,1171277,16498284,52,56404,2006,220,Mustafa YILDIZ; Hüseyin GÜN; Erdal ŞENER,,,strong_trdizin_id,,no_doi,,Effectof refrigerated storage on fillet lipid quality of rainbow trout (Oncorhynchus mykiss W.) fed a diet containing different levels of DL $\alpha$ -tocopherol acetate,2006,Turkish Journal of Veterinary and Animal Sciences,220,1300-0128,1303-6181,PAPER,,"Yıldız M, Şener E, Gün H. 2006. Effect of refrigerated storage on fillet lipid quality of rainbow trout (Oncorhynchus mykiss W.) fed a diet containing different levels of DL α-tocophrol acetate. Turkish J Vet Anim Sci, 30: 143-150."
707,1224320,19337182,13,396286,2019,1121,Pınar ERTEN,,,strong_trdizin_id,,no_doi,,ZKuşağının Dijital Teknolojiye Yönelik Tutumları,2019,Gümüşhane Üniversitesi Sosyal Bilimler Dergisi,1121,,1309-7423,PAPER,,"Erten, P. (2019). Z kuşağının dijital teknolojiye yönelik tutumları. Gümüshane Üniversitesi Sosyal Bilimler Enstitüsü Elektronik Dergisi, 10(1), 190–202."
725,1374156,25582116,31,2562,2003,343,VESİLE RÜYA EHTİYAR,,,strong_trdizin_id,,no_doi,,KültürelSinerji: Uluslararası İşletmelere Yönelik Kavramsal Bir İrdeleme,2003,Akdeniz İİBF Dergisi,343,1302-9975,2667-7229,PAPER,,"Ehtiyar, R. (2003). Kültürel Sinerji: Uluslararası İşletmelere Yönelik Kavramsal Bir İrdeleme. Akdeniz Üniversitesi  İ.İ.B.F. Dergisi, 3(5), 66-78."
732,1374156,25582182,97,110050,2010,424,Salih YEŞİL,,,strong_trdizin_id,,no_doi,,21yüzyılın küresel örgütleri için kültürel zeka,2010,Çukurova Üniversitesi Sosyal Bilimler Enstitüsü Dergisi,424,1304-8880,1304-8899,PAPER,,"Yeşil, S. (2010). 21. Yüzyılın Küresel Örgütleri İçin Kültürel Zekâ. Ç.Ü. Sosyal Bilimler Enstitüsü Dergisi, 19(2), 147 –  168."
821,1267694,20814698,27,142134,2011,745,Meral KELLECİ; Selma SABANCIOĞULLARI; E. Elvan ATA; Selma DOĞAN,,,strong_trdizin_id,,no_doi,,Birpsikiyatri kliniğinde hemşireler tarafından yapılan hasta bakım planlarının fonksiyonel sağlık örüntüleri modeli ve NANDA tanılarına göre değerlendirilmesi,2011,Psikiyatri Hemşireliği Dergisi,745,,2149-374X,PAPER,,"27. Sabancıoğulları S, Elvan E, Kelleci M, Doğan S. Evaluation ac- cording to the functional health pattern model and NANDA diagnoses of patient care plans made by nurses in a psychiatry department. J Psychiatr Nurs [Article in Turkish] 2011;2:117– 22."
827,1238691,19622921,72,31150,2003,334,Ayşe Şebnem YÜZER; Cengiz GİRİTLİOĞLU,,,strong_trdizin_id,,no_doi,,Sanayialanları yeni düzenleme stratejileri-İstanbul örneği,2003,"İTÜ Dergisi Seri A: Mimarlık, Planlama, Tasarım",334,1303-7005,1307-1645,PAPER,,"Yüzer, A. Ş., ve Giritlioğlu, C. (2003). Sanayi Alanları Düzenleme Stratejileri-İstanbul Örneği. İTÜ Dergisi/a: Mimarlık, Planlama, Tasarım, 2(1), 119-127."
841,1264798,20700255,8,19471,2002,116,Engin EKER; Resmiye YAŞAR; Turan ERTAN; Can GÜNGEN,,,strong_trdizin_id,,no_doi,,Standardizemini mental test'in türk toplumunda hafif demans tanısında geçerlik ve güvenilirliği,2002,Türk Psikiyatri Dergisi,116,1300-2163,2651-3463,PAPER,,"8. Gungen C, Ertan T, Eker E, Yasar R, Engin F. Reliability and validity of the standardized mini mental state examination in the diagnosis of mild dementia in Turkish population. Turk Psikiyatri Derg 2002; 13:273-281. [Turkish]"
865,1194206,19343249,34,375826,2018,798,Nebi ALTUNOVA; İshak KOZİKOĞLU,,,strong_doi_crossref,10.5961/jhes.2018.293,ok,10.5961/jhes.2018.293,ÖğretmenAdaylarının 21. Yüzyıl Becerilerine İlişkin Öz-yeterlik Algılarının Yaşam Boyu Öğrenme Eğilimlerini Yordama Gücü,2018,Yükseköğretim ve Bilim Dergisi,798,2146-5959,2146-5967,PAPER,,"Kozikoğlu, İ., & Altunova, N. (2018). Öğretmen adaylarının 21. yüzyıl becerilerine ilişkin özyeterlik algılarının yaşam boyu öğrenme eğilimlerini yordama gücü. Yükseköğretim ve Bilim Dergisi, (3), 522-531."
930,1279858,21406487,25,404012,2019,1726,Serdar ÇÖP; Murat TOPCU,,,strong_trdizin_id,,no_doi,,SosyalSermayenin Hizmet İnovasyonu Üzerine Etkisinde Bilgi Paylaşımının Aracılık Rolü: Otel İşletmeleri Üzerine Bir Araştırma,2019,Turizm Akademik Dergisi,1726,1302-5759,2149-1690,PAPER,,"Çöp, S. ve Topcu, M. (2019). Sosyal Sermayenin Hizmet İnovasyonu Üzerine Etkisinde Bilgi Paylaşımının Aracılık Rolü: Otel İşletmeleri Üzerine Bir Araştırma. Turizm Akademik Dergisi, 6(1), 31-48."
963,1325200,23602967,4,104435,2010,373,Songül GÜÇRAY SONAY; Raşit AVCI,,,strong_trdizin_id,,no_doi,,"Şiddetdavranışı gösteren ve göstermeyen ergenlerin ailelerinin aile işlevleri, aile bireylerine ilişkin problemler, öfke ve öfke ifade tarzları açısından incelenmesi",2010,Kuram ve Uygulamada Eğitim Bilimleri,373,1303-0485,2148-7561,PAPER,,"Avcı, Raşit - Güçray Sonay, Songül. “Şiddet Davranışı Gösteren ve Göstermeyen Ergenlerin Ailelerinin Aile İşlevleri, Öfke ve Öfke İfade Tarzları Açısından İncelenmesi”. Kuram ve Uygulamada Eğitim Bilimleri 10/1 (2010), 45-76."
968,1371071,25469837,52,257779,2016,651,Özlem TEZCAN; Sefer ADA; Z. Nurdan BAYSAL,,,strong_trdizin_id,,no_doi,,EğitimAlanında Eylem Araştırmaları,2016,Kocaeli Üniversitesi Sosyal Bilimler Dergisi (KOSBED),651,1302-6658,,PAPER,,"Tezcan, Ö., Ada, S. ve Baysal, Z. N. (2016). Eğitim alanında eylem araştırmaları. Kocaeli Üniversitesi Sosyal Bilimler Dergisi, 32, 133–148."
1037,1240767,19704375,11,1160031,2020,635,Mustafa DUMAN,,,strong_trdizin_id,,no_doi,,YARASAÇORBASI: KORONAVİRÜS HAKKINDA MODERN ÇAĞIN MİTLERİ VE ŞEHİR EFSANELERİ,2020,Milli Folklor Dergisi,635,1300-3984,2146-8087,PAPER,,"Duman, M. (2020). Yarasa çorbası: Koronavirüs hakkında modern çağın mitleri ve şehir efsaneleri. Millî Folklor, (127), 59-71."
1061,1191520,17428535,22,229680,2015,876,Burak KARABULUT,,,strong_trdizin_id,,no_doi,,"BİLGİTOPLUMU ÇAĞINDA DİJİTAL YERLİLER, GÖÇMENLER ve MELEZLER",2015,Pamukkale Üniversitesi Sosyal Bilimler Enstitüsü Dergisi,876,1308-2922,2147-6985,PAPER,,"Karabulut, B. (2015). Bilgi toplumu çağinda dijital yerliler, göçmenler ve melezler. Pamukkale Üniversitesi Sosyal Bilimler Enstitüsü Dergisi, (21), 11-23."
1070,1328609,23748898,35,119246,2011,438,Erdinç KARADENİZ; Ömer İSKENDEROĞLU,,,strong_trdizin_id,,no_doi,,İstanbulMenkul Kıymetler Borsası’nda işlem gören turizm işletmelerinin aktif karlılığını etkileyen değişkenlerin analizi,2011,Anatolia: Turizm Araştırmaları Dergisi,438,1300-4220,,PAPER,,"Karadeniz, E. & Ö. İskenderoğlu (2011), “İstanbul menkul kıymetler borsası’nda işlem gören turizm işletmelerinin aktif karlılığını etkileyen değişkenlerin analizi”, Anatolia: Turizm Araştırmaları Dergisi, 22(1), 65-75."
1100,1281361,21490062,53,126916,2011,237,Meda KONDOLOT; O. Tolga İNCE; S. Songül YALÇIN,,,strong_trdizin_id,,no_doi,,Büyümeninizlenmesi ve büyüme duraklaması,2011,Türkiye Çocuk Hastalıkları Dergisi,237,1307-4490,2148-3566,PAPER,,"54. İnce OT, Kondolot M, Yalçın SS. Büyümenin izlenmesi ve büyüme duraklaması. Turk Çocuk Hastalıkları Derg. 2011;5(3):181-192."
1157,1388951,26065102,24,90930,2009,396,Yemliha COŞKUN; Günbey AKKAŞ,,,strong_trdizin_id,,no_doi,,EngelliÇocuğu Olan Annelerin Sürekli Kaygı Düzeyleri ile Sosyal Destek Algıları Arasındaki İlişki,2009,Ahi Evran Üniversitesi Kırşehir Eğitim Fakültesi Dergisi,396,,2147-1037,PAPER,,"24. Coşkun Y, Akkaş G. Engelli çocuğu olan annelerin sürekli kaygı düzeyleri ile sosyal destek algıları arasındaki ilişki. Ahi Evran Üniversitesi Kırşehir Eğitim Fakültesi Dergisi. 2009;10(1):213-227."
1194,1264144,20670037,17,75851,2007,424,MEHMET EMRE SEZGİN; Akın EFENDİOĞLU,,,strong_trdizin_id,,no_doi,,EDevlet Uygulamalarında Bilgi ve Paylaşım Güvenliği,2007,Çukurova Üniversitesi Sosyal Bilimler Enstitüsü Dergisi,424,1304-8880,1304-8899,PAPER,,"Efendioğlu, A. & Sezgin, E. (2007). E-Devlet uygulamalarında bilgi ve paylaşım güvenliği, Journal of Çukurova University Institute of Social Sciences, 16 (2), 219-236."
1208,1322965,23513021,59,1219755,2023,2606,Esma SANCAR,,,strong_trdizin_id,,no_doi,,DijitalKültür Alanındaki Araştırmaların Bilimsel Haritalama Tekniği ile Bibliyometrik Analizi,2023,Journal of emerging economies and policy (Online),2606,,2651-5318,PAPER,,"Sancar, E. (2023a). Dijital kültür alanındaki araştırmaların bilimsel haritalama tekniği ile bibliyometrik analizi [Scientific mapping and bibliometric analysis of the research in the field of digital culture]. Journal of Emerging Economies and Policy, 8(2), 247–260."
1266,1280834,21466627,50,230542,2014,1076,Bayram UZUN; Gül USLU,,,strong_trdizin_id,,no_doi,,KentselDönüşüm Projelerinde Deprem Etkisi,2014,Harita Teknolojileri Elektronik Dergisi,1076,,1309-3983,PAPER,,"Uslu, G., Uzun, B. (2014). Kentsel Dönüşüm Projelerinde Deprem Etkisi. Harita Teknolojileri Elektronik Dergisi, 6(2), 1-11."
1291,1229305,19204783,17,406495,2020,1166,Neslihan ZABCI; Gülçin KARADENİZ,,,strong_trdizin_id,,no_doi,,PandemiDöneminde Uzaktan Eğitim Veren Öğretmenlerin Çalışma Koşulları ve Algıladıkları Stres ile Psikolojik İyi Oluşları Arasındaki İlişki,2020,MSGSÜ Sosyal Bilimler Dergisi,1166,1309-4815,2822-6852,PAPER,,"Karadeniz, G., & Zabcı, N. (2020). COVID-19 pandemisi döneminde uzaktan eğitim veren öğretmenlerin çalışma koşulları ve algıladıkları stres ile psikolojik iyi oluşları arasındaki ilişki. MSGSÜ Sosyal Bilimler Dergisi, 2(22), 301-314."
1307,1278587,21462912,27,30379,2003,1220,Hakan ÖZER; Taşkın POLAT; Erdoğan ÖZTÜRK,,,strong_trdizin_id,,no_doi,,Determinationof the agronomic performances of some oilseed sunflower (Helianthus annus L.),2003,Turkish Journal of Agriculture and Forestry,1220,1300-011X,1303-6173,PAPER,,"Özer H, Öztürk E, Polat T (2003). Determination of the agronomic performances of some oilseed sunflower (Helianthus annuus L.) hybrids grown under Erzurum ecological conditions. The Turkish Journal of Agriculture and Forestry, 27:199-205."
1360,1246340,19923597,9,301371,2018,627,Mehmet USTA; Bilal GEREKAN; Ramis ELÇİN,,,strong_trdizin_id,,no_doi,,"EFATURA, E-DEFTER VE E-ARŞİV UYGULAMALARINA GEÇİŞ SÜRECİNDE YAŞANAN SORUNLAR: SERBEST MUHASEBECİ MALİ MÜŞAVİRLER ÜZERİNE BİR ARAŞTIRMA",2018,Mali Çözüm,627,1303-5444,,PAPER,,"Elçin, R., Gerekan, B., & Usta, M. (2018). E-fatura, e-defter ve e-arşiv uygulamalarına geçiş sürecinde yaşanan sorunlar: serbest muhasebeci mali müşavirler üzerine bir araştırma. Mali Çözüm Dergisi, 28(146), 13-42."
1398,1198100,17795981,4,273733,2017,534,Esra ŞAHİN; Sibel ATAN,,,strong_trdizin_id,,no_doi,,Türkiyeile Bazı OECD Ülkelerinin Elektrik Üretim Sektörleri İçin Verimlilik ve Etkinliklerinin Karşılaştırmalı Analizi,2017,Gazi Üniversitesi İktisadi ve İdari Bilimler Fakültesi Dergisi,534,1302-2024,2148-1792,PAPER,,"Atan, S. ve Şahin, E. (2017). Türkiye ile bazı OECD ülkelerinin elektrik üretim sektörleri için verimlilik ve etkinliklerinin karşılaştırmalı analizi. Gazi Üniversitesi İktisadi ve İdari Bilimler Fakültesi Dergisi, Cilt 19, Sayı 3, 845-867."
1427,1245397,20833851,29,139433,2012,684,E. Emrah HATUNOĞLU; Feyza ELDENİZ,,,strong_trdizin_id,,no_doi,,2000Yılı sonrası Türk tarım sektöründe yapısal dönüşüm politikaları,2012,Sayıştay Dergisi,684,1300-1981,2651-351X,PAPER,,"Hatunoğlu, E. E., & Eldeniz, F. (2012). Structural transformation policies in the Turkish agricultural sec- tor after 2000. TCA Journal, (86), 27-56."
1428,1245397,20833858,36,1222421,2023,1445,Kurtuluş MERDAN,,,strong_trdizin_id,,no_doi,,Türkiyede Tarımsal Büyümeye Etki Eden Ekonomik Faktörler (Bir Regresyon Analizi),2023,Karamanoğlu Mehmetbey Üniversitesi Sosyal ve Ekonomik Araştırmalar Dergisi,1445,1309-9132,2147-7833,PAPER,,"Merdan,  K.  (2023).  Factors  Affecting  Agricultural  Growth  in  Turkey  (A  Regression  Analysis). KMU Journal of Social and Economic Research, 25(45), 1125-1142."
1438,1273280,21220646,28,295128,2017,1980,Gülşah SEYDAOĞLU; Özden PİŞKİN; Bülent ÜNDAR; Güner Hayri ÖZSAN; Fatih DEMİRKAN; Mehmet Ali ÖZCAN; İnci ALACACIOĞLU; Nurhilal BÜYÜKKURT; Sermin ÖZKAL,,,strong_trdizin_id,,no_doi,,Effectsof bone marrow fibrosis and angiogenetic structure on autologous hematopoietic stem cell engraftment,2017,Cukurova Medical Journal,1980,2602-3032,2602-3040,PAPER,,"28. Buyukkurt N, ÖZSAN G, Ozkal S, et al. Effects of bone marrow fibrosis and angiogenetic structure on autologous hematopoietic stem cell engraftment. Cukurova Medical Journal 2017;42(3)."
1461,1239956,19672918,12,124144,2010,435,Ayten ARIKAN,,,strong_trdizin_id,,no_doi,,TolgaEczanesi: Ecz. Murat Özdoğan'ın Türk eczacılık tarihi koleksiyonu,2010,Osmanlı Bilimi Araştırmaları,435,,2458-7982,PAPER,,12. Arıkan A. Tolga eczanesi: Ecz. Murat Özdoğan’ın Türk eczacılık tarihi koleksiyonu. Osmanlı Bilimi Araştırmaları 2010;12(1):75-103.
1462,1239956,19672922,16,167075,2014,435,Eyüp Talha KOCACIK; Afife MAT,,,strong_trdizin_id,,no_doi,,İstanbulda zehirler ve zehirlenme vakaları (1846-1917),2014,Osmanlı Bilimi Araştırmaları,435,,2458-7982,PAPER,,"16. Kocacık E, Mat A. İstanbul’da zehirler ve zehirlenme vakaları (1846-1917). Osmanlı Bilimi Araştırmaları 2014;15(2):21-38."
1597,1318327,24019730,8,155498,2013,108,Alper KETEN; Metin ESER; İbrahim KILINÇ; Hamit Sırrı KETEN; Ferhat İÇME,,,strong_trdizin_id,,no_doi,,Investıgatıonof traffıc accıdents ın gerıatrıc age group,2013,Türk Geriatri Dergisi,108,1304-2947,1307-9948,PAPER,,"8. Eser M, Keten A, İçme F, et al. Investigation of traffic accidents in geriatric age group. Turk J Geriatr. 2013;16(3):277-80."
1698,1356024,24855403,26,1358897,2024,746,Onur TERZİ,,,strong_trdizin_id,,no_doi,,SorumluTüketim Anlayışının Tüketim Karşıtı Yaşam Tarzları Üzerindeki Etkileri,2024,Tüketici ve Tüketim Araştırmaları Dergisi,746,1309-6362,2667-8349,PAPER,,"Terzi, O. (2024). Sorumlu tüketim anlayışının tüketim karşıtı yaşam tarzları üzerindeki etkileri. Tüketici ve Tüketim Araştırmaları Dergisi, 16(1), 1-39."
1747,1362254,25113242,29,1314632,2023,1090,DURSUN ÖZDEMİR,,,strong_trdizin_id,,no_doi,,EkokırımSuçu ve Bazı Değerlendirmeler,2023,Terazi Hukuk Dergisi,1090,1306-9802,2791-8432,PAPER,,"Özdemir, Dursun: “Ekokırım Suçu ve Bazı Değerlendirmeler”, Terazi Hukuk Dergisi, Yıl 2023, Sayı 203, s. 74-83."
1777,1270798,21075293,67,101712,2009,616,Ahmet Hakan SİVRİKAYA; Metin KAYA,,,strong_trdizin_id,,no_doi,,ÇoklukZeka kuramına dayalı öğretim yönteminin 6. sınıf öğrencilerinde beden eğitimi dersi başarısına etkisi,2009,Atatürk Üniversitesi Beden Eğitimi ve Spor Bilimleri Dergisi,616,1302-2040,2687-6329,PAPER,,"Sivrikaya, A. H., & Kaya, M. (2009). The effect of teaching method based on multiple intelligence theory on the success of physical education lesson of 6th class students. Journal of Physical Education and Sport Science, 11(2), 21-34."
1812,1208585,18329660,26,44013,2005,438,Teoman DUMAN; Ahmet Bülent ÖZTÜRK,,,strong_trdizin_id,,no_doi,,YerliTuristlerin Mersin Kızkalesi Destinasyonu ve Tekrar Ziyaret Niyetleri ile İlgili Algılamaları Üzerine Bir Araştırma,2005,Anatolia: Turizm Araştırmaları Dergisi,438,1300-4220,,PAPER,,"Duman, T., & Öztürk, A. B. (2005). “Yerli Turistlerin Mersin Kızkalesi Destinasyonu ve Tekrar Ziyaret Niyetleri ile İlgili Algılamaları Üzerine Bir Araştırma”, Anatolia: Turizm Araştırmaları Dergisi, 16/1, 9-23."
1827,1198301,17789020,1,254464,2013,572,Gökhan BAŞ,,,strong_trdizin_id,,no_doi,,SeviyeBelirleme Sınavı (SBS-2009): 6. Sınıf İngilizce Alt Testinin Geçerlik ve Güvenirlik Çalışması,2013,Mehmet Akif Ersoy Üniversitesi Eğitim Fakültesi Dergisi,572,,2146-5983,PAPER,,"Baş, G. (2013). Seviye Belirleme Sınavı (SBS-2009): 6. Sınıf İngilizce Alt Testinin Geçerlik ve Güvenirlik Çalışması. Mehmet Akif Ersoy Üniversitesi Eğitim Fakültesi Dergisi, 1(26), 44-62."
1835,1229003,21599774,72,348919,2019,657,Umut ÖNEŞ,,,strong_trdizin_id,,no_doi,,Davranışsalİktisat Deneylerinde Toplumsal Cinsiyet Temelli Farklar,2019,Mülkiye Dergisi,657,1305-9971,,PAPER,,"Öneş, U. (2019). Davranışsal İktisat Deneylerinde Toplumsal Cinsiyet Temelli Farklar.  Mülkiye Dergisi, 43 (2), 411-434."
1859,1246707,19938499,1,450680,2020,584,Burak Akyüz; Ümit Serdar,,,strong_trdizin_id,,no_doi,,Generativerootstock potential of some hybrid chestnut genotypes,2020,Anadolu Tarım Bilimleri Dergisi,584,1308-8750,1308-8769,PAPER,,"Akyüz, B., Serdar, Ü., 2020. Generative rootstock potential of some hybrid chestnut genotypes. Anadolu Tarım Bilimleri Dergisi, 35: 185-191."
1892,1214477,18901189,12,1098341,2022,2606,Yılmaz TOKTAŞ; Eda BOZKURT; Ali ALTINER,,,strong_trdizin_id,,no_doi,,EnergyConsumption and Financial Development: Evidence from MENA Countries with Panel Hidden Cointegration,2022,Journal of emerging economies and policy (Online),2606,,2651-5318,PAPER,,"Bozkurt, E., Toktaş, Y., & Altiner, A. (2022). Energy Consumption and Financial Development: Evidence from MENA Countries with Panel Hidden Cointegration. Journal of Emerging Economies and Policy, 7(1), 253–264."
1946,1257509,20424509,20,88840,2008,226,Serkan GÜRLÜK; Özlem TURAN,,,strong_trdizin_id,,no_doi,,Dünyagıda krizi: Nedenleri ve etkileri,2008,Uludağ Üniversitesi Ziraat Fakültesi Dergisi,226,1301-3165,2636-8595,PAPER,,"Gürlük S, Turan Ö. 2008. Dünya gıda krizi: nedenleri ve etkileri. Uludağ Üniv Ziraat Fak Derg, 22(1): 63-74."
2065,1286425,21770114,49,226196,2009,572,Tarık TOTAN; Yaşar YAVUZ,,,strong_trdizin_id,,no_doi,,WestsideSınav Kaygısı Ölçeğinin Türkçe Formunun Geçerlik ve Güvenirlik Çalışması,2009,Mehmet Akif Ersoy Üniversitesi Eğitim Fakültesi Dergisi,572,,2146-5983,PAPER,,"Totan, T., & Yavuz, Y. (2009). Westside sınav kaygısı ölçeğinin Türkçe formunun geçerlik ve güvenirlik çalışması [The validity and reliability study of the Turkish version of Westside Test Anxiety Scale]. Mehmet Akif Ersoy Üniversitesi Eğitim Fakültesi Dergisi, 9(17), 95-109."
2094,1233131,19411769,46,201555,2014,1034,Elif SAZAK PINAR; Derya KOCABIYIK,,,strong_trdizin_id,,no_doi,,ORTADÜZEYDE ZİHİNSEL YETERSİZLİĞİ OLAN ÖĞRENCİLERE ÖRÜNTÜ OLUŞTURMA BECERİSİNİN ÖĞRETİMİNDE DOĞRUDAN ÖĞRETİM YÖNTEMİNİN ETKİLİLİĞİ,2014,Abant İzzet Baysal Üniversitesi Sosyal Bilimler Enstitüsü Dergisi,1034,1303-0035,2147-3064,PAPER,,"Pınar, E. S., & Kocabıyık, D. (2014). Orta düzeyde zihinsel yetersizliği olan öğrencilere örüntü oluşturma becerisinin öğretiminde doğrudan öğretim yönteminin etkililiği. Abant İzzet Baysal Üniversitesi Sosyal Bilimler Enstitüsü Dergisi. 14(3), 281- 300."
2126,1291283,21990681,12,273278,2017,1958,Güler DURU AŞİRET; Funda ÇETİNKAYA,,,strong_trdizin_id,,no_doi,,Dahilive Cerrahi Kliniklerindeki Hastaların Öğrenim Gereksinimlerinin Belirlenmesi,2017,Dokuz Eylül Üniversitesi Hemşirelik Fakültesi Elektronik Dergisi,1958,,2149-0333,PAPER,,"Çetinkaya F, Aşiret GD. Dahili ve Cerrahi Kliniklerindeki Hastaların Öğrenim Gereksinimlerinin Belirlenmesi. Dokuz Eylül Üniversitesi Hemşirelik Fakültesi Elektronik Dergisi. 2017; 10(2): 93-99."
2192,1298588,22304638,25,1127307,2022,607,İhsan ÇAPCIOĞLU; Ahmed Hamza ALPAY,,,strong_trdizin_id,,no_doi,,GeçmiştenGeleceğe Din ve Türklerin Din Anlayışı,2022,Türk Kültürü ve Hacı Bektaş Veli Araştırma Dergisi,607,1306-8253,2147-9895,PAPER,,"Çapcıoğlu İ,  Alpay AH. Religion from the Past to the Future and the Understanding of Religion of the Turks. Turkish Culture And Hacı Bektas Veli Research Quarterly Spring. 2022;101:457-78."
2206,1195095,17974873,1,184771,2014,623,Mehmet AKÇAAL,,,strong_trdizin_id,,no_doi,,BORÇLARKANUNUNUN GENEL İŞLEM KOŞULLARINA DAİR HÜKÜMLERİ HAKKINDA BİR İNCELEME,2014,Gazi Üniversitesi Hukuk Fakültesi Dergisi,623,1302-0013,,PAPER,,"Akçaal, Mehmet. “Borçlar Kanununun Genel İşlem Koşullarına Dair Hükümleri Hakkında Bir İnceleme”. Gazi Üniversitesi Hukuk Fakültesi Dergisi 18/1 (2014), 49-69."
2235,1212377,18489882,2,170523,2015,640,Hande Bahar AYKAÇ,,,strong_trdizin_id,,no_doi,,Hukuksalaçıdan çocuk ve genç işçiliği,2015,Türkiye Barolar Birliği Dergisi,640,1304-2408,,PAPER,,"Aykaç HB, ‘Hukuksal Açıdan Çocuk ve Genç İşçiliği’ (2015) (116) Türkiye Barolar Birliği Dergisi 335-386"
2292,1205630,18117541,14,228962,2016,821,İbrahim ERTEKİN; Adem EROL; Bedir KATRANCI; MUSTAFA KIZILŞİMŞEK; Rukiye DÖNMEZ,,,strong_trdizin_id,,no_doi,,"SilajMikro Florasının Birbirleri İle İlişkileri, Silaj Fermentasyonu ve Kalitesi Üzerine Etkileri",2016,Kahramanmaraş Sütçü İmam Üniversitesi Doğa Bilimleri Dergisi,821,,1309-1743,PAPER,,"Kizilsimsek M, Erol A, Ertekin I, Donmez R, Katranci B 2016. Relationship among silage micro flora and their effects on silage fermentation and quality. KSU J Nat Sci, 19(2): 136-140."
2331,1269165,20883592,7,384123,2019,1242,Erinsel Deniz ÖNDER; Mücella ATEŞ,,,strong_doi_crossref,10.5505/megaron.2018.45087,ok,10.5505/megaron.2018.45087,Akıllı Şehir’ Kavramı ve Dönüşen Anlamı Bağlamında Eleştiriler*,2019,Megaron,1242,1305-5798,1309-6915,PAPER,,"Ateş, M., Önder, D.E., 2019. Akıllı Şehir Kavramı ve Dönüşen Anlamı Bağlamında Eleştiriler. Megaron, 14(1), 41-50."
2349,1307176,24131866,31,63909,2006,274,ŞÜkrü KOÇ; Öner ÖZMEN,,,strong_trdizin_id,,no_doi,,"KamanKırşehir, Türkiye) florit cevherleşme alanlarında Thymus Siphyleus Boiss subsp. Rosulans (Borbas) ve Bromus Sterilis L. Poaceace (Gramineae) türlerinde florür ve iz element birikimi",2006,Gazi Üniversitesi Mühendislik Mimarlık Fakültesi Dergisi,274,1300-1884,1304-4915,PAPER,,"31.Özmen, Ö., Koç, Ş. 2006. Kaman (Kırşehir, Türkiye) florit cevherleşme alanlarında Thymus siphyleus Boiss subsp. Rosulans (Borbas) ve Bromus sterilis L. poaceace (Gramineae) türlerinde florür ve iz element birikimi. Gazi Üniversitesi Mühendislik Mimarlık Fakültesi Dergisi 21(4):729-735."
2352,1161691,16095270,18,126674,2011,469,Murat PEKTAŞ; S.Tunay KAMER,,,strong_trdizin_id,,no_doi,,FenBilgisi Öğretmen Adaylarının Öğretmenlik Mesleğine Yönelik Tutumları,2011,Türk Eğitim Bilimleri Dergisi,469,1303-8451,2459-1912,PAPER,,"Pektaş, M. & Kamer, S. T. (2011). Fen bilgisi öğretmen adaylarının öğretmenlik mesleğine yönelik tutumları. Türk Eğitim Bilimleri Dergisi, 9(4), 829-850."
2358,1247430,19964320,44,364905,2019,1159,Hayati BEŞİRLİ; Zeynep Serap TEKTEN AKSÜRMELİ,,,strong_trdizin_id,,no_doi,,VEGANKİMLİĞİN OLUŞUMU: VEGAN OLMAK VE VEGAN KALMAK,2019,Akademik Hassasiyetler,1159,2148-5933,,PAPER,,"Tekten Aksürmeli, Z.S. & Beşirli, H. (2019). Vegan kimliğin oluşumu: Vegan olmak ve vegan kalmak. Akademik Hassasiyetler, 6(12), 223-249."
2394,1210401,18387281,33,211443,2016,557,Ece ÜNÜR,,,strong_trdizin_id,,no_doi,,GELENEKSELMEDYA'NIN SOSYAL MEDYAYI NASIL KULLANDIĞINA İLİŞKİN BİR İNCELEME: DİZİLERİN TWİTTER KULLANIMI,2016,Türkiye Sosyal Araştırmalar Dergisi,557,1301-370X,,PAPER,,"ÜNÜR, E. (2016). “Geleneksel Medya’nın Sosyal Medyayı Nasıl Kullandığına İlişkin Bir İnceleme: Dizilerin Twitter Kullanımı”. Türkiye Sosyal Araştırmalar Dergisi, 20(1), 153-170."
2501,1197698,17759827,1,503789,2021,2960,Ensar ALEMDAR,,,strong_trdizin_id,,no_doi,,SakatÖzürlü ve Engelli Kavramları: Tarifleri ve Farkları,2021,Zemin: Edebiyat dil ve kültür araştırmaları,2960,2757-7473,,PAPER,,"Alemdar, E. (2021). Sakat, Özürlü ve Engelli Kavramları: Tarifleri ve Farkları, Zemin, Sayı 2, 28-49."
2647,1368518,25380716,31,1055912,2021,2950,Tuba KELEP PEKMEZ,,,strong_trdizin_id,,no_doi,,CezaMuhakemesinde Objektif Bir Taraf Olarak Savcılık Makamı,2021,Anadolu Üniversitesi Hukuk Fakültesi Dergisi,2950,,2687-394X,PAPER,,"Kelep Pekmez, Tuba, “Ceza Muhakemesinde Objektif Bir Taraf Olarak Savcılık Makamı”, AndHD, C. 7, S. 2, 2021, s. 275-291."
2650,1283462,21615502,23,446811,2021,769,Ali Osman KARAOĞLU,,,strong_trdizin_id,,no_doi,,TürkHukukunda Milletlerarası Andlaşmalardan Tek Taraflı Çekilme,2021,Bahçeşehir Üniversitesi Hukuk Fakültesi Dergisi,769,1304-7949,,PAPER,,"Karaoğlu AO, ‘Türk Hukukunda Milletlerarası Andlaşmalardan Tek Taraflı Çekilme’ (2021) 16(203) Bahçeşehir Üniversitesi Hukuk Fakültesi Dergisi 1083-1106. Kelsen H, Principles of International Law (Rinehart 1952)."
2654,1174005,16612144,10,595,2004,186,Mustafa ERBAŞ; Mustafa Kemal USLU; Muharrem CERTEL,,,strong_trdizin_id,,no_doi,,Yaşve kuru tarhananın şeker içeriğine frmentasyon ve depolamanın etkisi,2004,GIDA,186,1300-3070,1309-6273,PAPER,,"Erbaş M, Certel M, Uslu MK. 2004.Yaş ve Kuru Tarhananın Şeker İçeriğine Fermentasyonun ve Depolamanın Etkisi, Gıda, 29(4): 299-305."
2663,1185704,17660560,50,106056,2010,510,Cem Harun MEYDAN; Mustafa POLAT,,,strong_trdizin_id,,no_doi,,Örgütselözdeşleşmenin sinizm ve işten ayrılma niyeti ile ilişkisi üzerine bir araştırma,2010,Savunma Bilimleri Dergisi,510,1303-6831,2148-1776,PAPER,,"Polat, M. & Meydan, C. H. (2010). Örgütsel özdeşleşmenin sinizm ve işten ayrılma niyeti ile ilişkisi üzerine bir araştırma. Savunma Bilimleri Dergisi, 9(1), 145-172."
2683,1206271,18176569,33,67372,2007,484,Dilek ERGİN; Dilek ÖZMEN; Aynur Ç. ÇETİNKAYA; Dündar Pınar ERBAY; Nesrin ŞEN,,,strong_trdizin_id,,no_doi,,Liseöğrencilerinin yeme alışkanlıkları ve beden ağırlığını denetleme davranışları,2007,TSK Koruyucu Hekimlik Bülteni,484,1303-734X,,PAPER,,"33 Özmen D, Çetinkaya A.Ç. Ergin D, Şen N, Erbay Dündar P. Lise öğrencilerinin yeme alışkanlıkları ve beden ağırlığını denetleme davranışları. TSK Koruyucu Hekimlik Bülteni 2007;6(2):98-105."
2710,1355108,24816087,29,79708,2008,501,Doğan Nadi LEBLEBİCİ,,,strong_trdizin_id,,no_doi,,YönetimBilimi Açısından Klasik Dönemi Hatırlamaya İlişkin Bir Çalışma,2008,Dumlupınar Üniversitesi Sosyal Bilimler Dergisi,501,,2587-005X,PAPER,,"Leblebici, D. N. (2008). Yönetim bilimi açısından klasik dönemi hatırlamaya ilişkin bir çalışma. Dumlupınar Üniversitesi Sosyal Bilimler Dergisi (21), 99-118."
2729,1369382,25407777,69,1108098,2022,1086,Tuncay TÜRKBEN,,,strong_trdizin_id,,no_doi,,TürkçeÖğretmenlerinin Sınıf İçi Öğrenme Becerilerini Ölçme ve Değerlendirme Yeterlikleri,2022,EĞİTİM VE İNSANİ BİLİMLER DERGİSİ: TEORİ VE UYGULAMA,1086,1309-8659,,PAPER,,"Türkben, T. (2022). Türkçe öğretmenlerinin sınıf içi öğrenme becerilerini ölçme ve değerlendirme yeterlikleri. Eğitim ve İnsani Bilimler Dergisi: Teori ve Uygulama, 13(25), 45-72."
2774,1263393,20640676,17,202796,2016,1098,Zerrin KÖŞKLÜ,,,strong_trdizin_id,,no_doi,,GELENEKSELERZURUM EVLERİNDE KURUNLU ÇEŞMELER,2016,Atatürk Üniversitesi Güzel Sanatlar Enstitüsü Dergisi,1098,1300-9206,2687-4288,PAPER,,"Köşklü, Z. (2016), Geleneksel Erzurum Evlerinde Kurunlu Çeşmeler, Atatürk Üniversitesi Güzel Sanatlar Enstitüsü Dergisi, (36), 111-136."
2777,1191621,17407765,22,187899,2015,1082,Hakan KARAKEHYA,,,strong_trdizin_id,,no_doi,,CezaMuhakemesinde Sanığın Meramını Anlatabilme Hakkının Unsurları,2015,Ceza Hukuku ve Kriminoloji Dergisi,1082,,2602-3911,PAPER,,"KARAKEHYA, Hakan: “Ceza Muhakemesinde Sanığın Meramını Anlatabilme Hakkının Unsurları”, Ceza Hukuku ve Kriminoloji Dergisi, 2015, Cilt 3, Sayı 2, s. 199-226 (Meramını Anlatabilme Hakkı)."
2877,1227928,19131895,40,121014,2010,363,Meltem Dil ŞAHİN; Ceren Giderler ATALAY; NEZİRE DERYA ERGUN ÖZLER,,,strong_trdizin_id,,no_doi,,Teorikbir çerçevede whistleblowing-etik ilişkisi,2010,Eskişehir Osmangazi Üniversitesi Sosyal Bilimler Dergisi,363,1302-9703,2149-9047,PAPER,,"Ergun Özler, D.E., Dil Şahin, M. & Atalay Giderler, C. (2010). Teorik bir çerçevede Whistleblowing- etik ilişkisi. Eskişehir Osmangazi Üniversitesi Sosyal Bilimler Dergisi, 11 (2), 1302-9703."
2910,1249939,20078382,8,1126573,2021,848,Ahmet ÇALIK,,,strong_trdizin_id,,no_doi,,GRUPKARAR VERME YÖNTEMLERİNİ KULLANARAK YEŞİL TEDARİKÇİ SEÇİMİ: GIDA ENDÜSTRİSİNDEN BİR ÖRNEK OLAY ÇALIŞMASI,2021,Ekonomik ve Sosyal Araştırmalar Dergisi,848,1306-2174,1306-3553,PAPER,,"Çalık A. 2021. Grup karar verme yöntemlerini kullanarak yeşil tedarikçi seçimi: Gıda endüstrisinden bir örnek olay çalışması. Ekon Sos Araş Derg, 17(1): 1-16."
2924,1304716,23544440,2,309692,2017,1839,Nevra AKDEMİR; F.Serkan ÖNGEL,,,strong_trdizin_id,,no_doi,,Gaziantepte Göç ve Yerellik Üzerinden Birikim Dinamikleri,2017,Emek Araştırma Dergisi,1839,1305-6182,,PAPER,,"Akdemir, N., & Öngel, F. S. (2017). The Dynamics of Accumulation Through Migration and Localities in Gaziantep, Emek Araştırma Dergisi, 8(11), 55-74. http://www.emekarastirma.org/uploads/dergi/2910.pdf"
2944,1323707,23544845,9,1136343,2022,640,Aynur AYDIN; Yavuz Özhan Türker,,,strong_trdizin_id,,no_doi,,ORMANALANLARININ TURİZME TAHSİSİNDE HUKUKİ SÜREÇ,2022,Türkiye Barolar Birliği Dergisi,640,1304-2408,,PAPER,,"Aydın, A. & Türker, Y. Ö. (2022). Orman alanlarının turizme tahsisinde hukuki süreç. TBB Dergisi 160: 125-150."
2955,1331423,23874781,14,81553,2007,580,Nurcan DEMİRALP,,,strong_trdizin_id,,no_doi,,CoğrafyaEğitiminde Materyaller ve 2005 Coğrafya Dersi Öğretim Programı,2007,Kastamonu Üniversitesi Kastamonu Eğitim Dergisi,580,1300-8811,,PAPER,,"Demiralp, N. (2007). Coğrafya eğitiminde materyaller ve 2005 coğrafya dersi öğretim programı. Kastamonu Eğitim Dergisi, 15(1), 373-384."
2956,1331423,23874797,30,83048,2006,1230,Pınar KÖSEOĞLU; Haluk SORAN,,,strong_trdizin_id,,no_doi,,BiyolojiÖğretmenlerinin Araç-Gereç Kullanımına Yönelik Tutumları,2006,Hacettepe Üniversitesi Eğitim Fakültesi Dergisi,1230,1300-5340,2536-4758,PAPER,,"Köseoğlu, P. ve Soran, H. (2006). Biyoloji öğretmenlerinin araç-gereç kullanımına yönelik tutumları. Hacettepe Üniversitesi Eğitim Fakültesi Dergisi, 30, 159-165."
2966,1288533,22538549,39,121410,2011,522,Yasemin YAVUZER,,,strong_trdizin_id,,no_doi,,Okullardasaldırganlık/şiddet: okul ve öğretmenle ilgili risk faktörleri ve önleme stratejileri,2011,Milli Eğitim,522,1302-5600,2791-7657,PAPER,,"Yavuzer, Y. (2011). Okullarda saldırganlık/şiddet: okul ve öğretmenle ilgili risk faktörleri ve önleme stratejileri. Milli Eğitim Dergisi, 41(192), 43-61."
2984,1256049,20340190,22,263319,2017,580,Genel Bir BAKIŞ,,,strong_trdizin_id,,no_doi,,GelenekselÇocuk Oyunlarının Matematiğe Uyarlanması ve Uygulanması Sürecindeki Kazanım ve Problemlere,2017,Kastamonu Üniversitesi Kastamonu Eğitim Dergisi,580,1300-8811,,PAPER,,"Karadeniz, M. H. (2017). Geleneksel Çocuk Oyunlarının Matematiğe Uyarlanması ve Uygulanması Sürecindeki Kazanım ve Problemlere Genel Bir Bakış, Kastamonu Education Journal, 25(6), 2245-2262."
2996,1190463,17369262,40,196748,2015,589,M Fatih BUĞAN; Cengiz TORAMAN; H. Ali ATA,,,strong_trdizin_id,,no_doi,,MEVDUATVE KATILIM BANKALARININ KARŞILAŞTIRMALI PERFORMANS ANALİZİ,2015,Cumhuriyet Üniversitesi İktisadi ve İdari Bilimler Dergisi,589,1303-1279,,PAPER,,"Toraman, C., Ata, H. A., & Buğan, M. Fatih. (2015). Mevduat ve Katılım Bankalarının Karşılaştırmalı Performans Analizi. Cumhuriyet Üniversitesi İktisadi ve İdari Bilimler Dergisi, 16(2), 301-310."
3042,1283770,21629059,46,126038,2011,373,Ebru ÖZTÜRK; Suna Kaymak ÖZMEN,,,strong_trdizin_id,,no_doi,,"ÖğretmenAdaylarının Problemli internet kullanım davranışlarının, kişilik tipi, utangaçlık ve demografik değişkenlere göre incelenmesi*",2011,Kuram ve Uygulamada Eğitim Bilimleri,373,1303-0485,2148-7561,PAPER,,"47. Öztürk E, Özmen-Kaymak S. An investigation of the problematic internet use of teacher candidates based on personality types, shyness and demographic factors. Educ Sci: Theory Pract [Article in Turkish] 2011;11:1785–808."
3065,1287827,22429576,31,83992,2005,397,Aşkın KESER,,,strong_trdizin_id,,no_doi,,ÇalışmaYaşamı ile Yaşam Doyumu İlişkisine Teorik Bakış,2005,İstanbul Üniversitesi İktisat Fakültesi Mecmuası,397,1304-0235,,PAPER,,"Keser, A. (2005). Çalışma yaşamı ile yaşam doyumu ilişkisine teorik bakış. İstanbul Üniversitesi İktisat Fakültesi Mecmuası, 55(1), 897-913."
3194,1244146,19833839,20,128981,2011,1447,Hakan DEMİRGİL,,,strong_trdizin_id,,no_doi,,"Politikistikrarsızlık,belirsizlik ve makroekonomi: Türkiye örneği (1970-2006)",2011,Marmara Üniversitesi İktisadi ve İdari Bilimler Dergisi,1447,2149-1844,2587-2672,PAPER,,"Demirgil, H. (2011). Politik İstikrarsızlık, Belirsizlik ve Makroekonomi: Türkiye Örneği (1970-2006). Marmara Üniversitesi İktisadi ve İdari Bilimler Dergisi, 31(2), 123-144."
3252,1324463,23574502,6,160221,2011,405,Selçuk BALI; Mehmet Ozan CİNEL,,,strong_trdizin_id,,no_doi,,Altınfiyatlarının imkb 100 endeksi'ne etkisi ve bu etkinin ölçümlenmesi,2011,Atatürk Üniversitesi İktisadi ve İdari Bilimler Dergisi,405,1300-4646,2147-7582,PAPER,,"Balı, S., & Cinel, M. (2011). Altın Fiyatlarının İMKB 100 Endeksi’ne Etkisi Ve Bu Etkinin Ölçümlenmesi. Atatürk Üniversitesi İktisadi Ve İdari Bilimler Dergisi, 25(3-4), 45-63."
3342,1347318,24500129,17,232963,2016,541,Yılmaz BAYHAN,,,strong_trdizin_id,,no_doi,,İkinciÜrün Ayçiçeği Üretiminde Farklı Toprak İşleme ve Doğrudan Ekim Yöntemlerinin Enerji Kullanım Etkinliğinin Karşılaştırılması,2016,Tekirdağ Ziraat Fakültesi Dergisi,541,1302-7050,2146-5894,PAPER,,"Bayhan, Y. (2016). Comparison of energy use efficiency of different tillage methods and notillage on the secondary crop sunflower production. Journal of Tekirdag Agricultural Faculty, 13(2): 102-109 (In Turkish)"
3345,1232199,19556526,22,1189691,2022,1445,Güven DELİCE; Hacı Ahmet KARADAŞ,,,strong_trdizin_id,,no_doi,,Structureand Stability of the Kazakhstan Banking System,2022,Karamanoğlu Mehmetbey Üniversitesi Sosyal ve Ekonomik Araştırmalar Dergisi,1445,1309-9132,2147-7833,PAPER,,"Delice, G., & Karadaş, H. A. (2022). Structure and stability of the Kazakhstan banking system. Karamanoğlu Mehmetbey Üniversitesi Sosyal ve Ekonomik Araştırmalar Dergisi, 24(42), 387-414."
3436,1263646,20648047,23,234118,2014,490,Ön ÇALIŞMA; Mukadder İnci BAŞER KOLCU; Giray KOLCU; Umut GÖK BALCI; A BAŞER; G KOLCU; Aysel BAŞER,,,strong_trdizin_id,,no_doi,,DEFANSİFTIP UYGULAMALARI TUTUM ÖLÇEĞİNİN TÜRKÇE FORMUNUN GEÇERLİLİK VE GÜVENİLİRLİĞİ,2014,İzmir Tepecik Eğitim Hastanesi Dergisi,490,1305-7073,1305-7146,PAPER,,"BAġER, Aysel / BAġER KOLCU, Mukadder Ġnci / KOLCU, Giray / GÖK BALCI, Umut, “Defansif Tıp Uygulamaları Tutum Ölçeğinin Türkçe Formunun Geçerlilik ve Güvenilirliği Ön ÇalıĢma” Tepecik Eğitim Hastanesi Dergisi, Y. 2014, C. 24, S. 2, s. 16-24."
3448,1351824,24679006,27,524931,2022,847,Rüştü Murat DEMİRER; Onur BİLGİNER; Burcu TUNGA,,,strong_doi_crossref,10.5505/pajes.2021.68700,ok,10.5505/pajes.2021.68700,Derilezyonlarının evrişimsel yapay sinir ağları ile sınıflandırılması,2022,Pamukkale Üniversitesi Mühendislik Bilimleri Dergisi,847,,2147-5881,PAPER,,"[28] Bilginer O, Tunga B, Demirer RM. “Deri lezyonlarının evrişimsel yapay sinir ağları ile sınıflandırılması”. Pamukkale Üniversitesi Mühendislik Bilimleri Dergisi, 28(2), 208-214, 2022."
3463,1271615,21160723,16,341201,2019,806,Gökhan GÜNEYSU,,,strong_trdizin_id,,no_doi,,GANAve FİLDİŞİ SAHİLİ ARASINDAKİ DENİZ SINIRINA İLİŞKİN ITLOS KARARI BAĞLAMINDA DENİZ ALANLARININ SINIRLANDIRILMASINA İLİŞKİN BAZI MESELELER,2019,UYUŞMAZLIK MAHKEMESİ DERGİSİ,806,2147-8376,2149-7966,PAPER,,"GÜNEYSU, Gökhan: ""Gana ve Fildişi Sahili Arasındaki Deniz Sınırına İlişkin ITLOS Kararı Bağlamında Deniz Alanlarının Sınırlandırılmasına İlişkin Bazı Meseleler"", Uyuşmazlık Mahkemesi Dergisi, C. 13, 2019, s. 213-231."
3527,1211625,18521233,48,112492,2010,466,İrem KESKİN; Püren BUGET; Fazıl GÜLER; Cevdet KIZIL; Ahmet KIZIL; Cengiz CEYLAN,,,strong_trdizin_id,,no_doi,,Acomprehensive analysis of managers working in the Turkish tourism sector,2010,Elektronik Sosyal Bilimler Dergisi (elektronik),466,,1304-0278,PAPER,,"Kızıl, A., Güler, F., Ceylan, C., Kızıl, C., Keskin, A. İ., & Buget, P. (2010). A Comprehensive Analysis of Managers Working in the Turkish Tourism Sector. Elektronik Sosyal Bilimler Dergisi, 9(34), 205-222."
3628,1343137,24335272,1,507225,2021,1046,Eylem CANASLAN,,,strong_trdizin_id,,no_doi,,BİLİMFELSEFESİNE EKOLOJİK BİR YAKLAŞIM: BRUNO LATOUR’UN ÇOĞULCU KAVRAMLARI,2021,Felsefi Düşün - Akademik Felsefe Dergisi,1046,2148-0958,,PAPER,,"Canaslan, Eylem. “Bilim Felsefesine Ekolojik Bir Yaklaşım: Bruno Latour’un Çoğulcu Kavramları”, Felsefi Düşün Akademik Felsefe Dergisi, Sayı:17/Felsefe ve Bilim, Ekim (2021): 68-91."
3658,1235991,19528271,4,101318,2009,414,Kerime Derya TAŞÇI BEYDAĞ,,,strong_trdizin_id,,no_doi,,Jinekolojipolikliniğine başvuran kadınların genital hijyen davranışları,2009,Atatürk Üniversitesi Hemşirelik Yüksekokulu Dergisi,414,1301-9899,,PAPER,,"Beydağ, K. D. (2009). Jinekoloji polikliniğine başvuran kadınların genital hijyen davranışları. Atatürk Üniversitesi Hemşirelik Yüksekokulu Dergisi, 12(2), 105- 107."
3744,1315175,23092352,8,161825,2013,798,Zeynep Medine ÖZMEN; FUNDA AYDIN GÜÇ,,,strong_trdizin_id,,no_doi,,Doktoraeğitimi ile ilgili yaşanan zorluklar ve baş etme stratejileri: Durum çalışması,2013,Yükseköğretim ve Bilim Dergisi,798,2146-5959,2146-5967,PAPER,,"Özmen, Z. M. ve Güç, F. A. (2013). Doktora eğitimi ile ilgili yaşanan zorluklar ve baş etme stratejileri: Durum çalışması. Yükseköğretim ve Bilim Dergisi. 3 (3), 214-219. Patton, M.Q. (2002). Qualitative research and evaluation methods (3rd Ed.). London: Sage Publications, Inc."
3759,1354570,24786591,40,97190,2009,594,H.Emre ÜNAL; Nazan KUTER,,,strong_trdizin_id,,no_doi,,"Sürdürülebilirlikkapsamında Ekoturizmin çevresel, ekonomik ve sosyo-kültürel etkileri",2009,Kastamonu Üniversitesi Orman Fakültesi Dergisi,594,1303-2399,1309-4181,PAPER,,"(40) Kuter, N., & Ünal, H. E. (2009). Sürdürülebilirlik kapsamında ekoturizmin çevresel, ekonomik ve sosyo-kültürel etkileri. Kastamonu University Journal of Forestry Faculty, 9(2), 146-156."
3766,1351195,24655440,34,188361,2015,693,Hakan A. YAVUZ,,,strong_trdizin_id,,no_doi,,ONARICIADALET VE UZLAŞTIRMA KURUMU BAĞLAMINDA CEZA ADALET SİSTEMİNDE MAĞDURUN KONUMU,2015,Türkiye Adalet Akademisi Dergisi,693,1309-6826,,PAPER,,"Yavuz, Hakan, “Onarıcı Adalet ve Uzlaştırma Kurumu Bağlamında Ceza Adalet Sisteminde Mağdurun Korunması”, Türkiye Adalet Akademisi Dergisi, 2015, Y. 6, S. 23, s. 85–115."
3769,1174652,16644186,5,194341,2015,614,Yusuf UZUN; Ali KELEŞ; Kenan DEMİREL; İsmail ACAR,,,strong_trdizin_id,,no_doi,,Macrofungaldiversity of Hani (Diyarbakır/Turkey) district,2015,Biological Diversity and Conservation,614,1308-5301,1308-8084,PAPER,,"Acar İ, Uzun Y, Demirel K, Keleş A (20159. Macrofungal diversity of Hani (Diyarbakır/Turkey) district. Biological Diversity and Conservation 8(1): 28-34."
3771,1174652,16644249,68,30348,2003,1221,Abdullah KAYA; Yusuf UZUN; Kenan DEMİREL,,,strong_trdizin_id,,no_doi,,Macrofungiof Erzurum province,2003,Turkish Journal of Botany,1221,1300-008X,1303-6106,PAPER,,"Demirel K, Kaya A, Uzun Y (2003). Macrofungi of Erzurum Province. Turkish Journal of Botany 27(1): 29-36."
3772,1174652,16644266,85,56630,2006,1221,Hasan Hüseyin DOĞAN; Celaleddin ÖZTÜRK,,,strong_trdizin_id,,no_doi,,"Macrofungiand their distribution in Karaman Province, Turkey",2006,Turkish Journal of Botany,1221,1300-008X,1303-6106,PAPER,,"Doğan HH, Öztürk C (2006). Macrofungi and their distribution in Karaman Province, Turkey. Turkish Journal of Botany 30(3): 193-207."
3773,1174652,16644267,86,28924,2002,203,Gıyasettin KAŞIK; Hasan Hüseyin DOĞAN; Celaleddin ÖZTÜRK,,,strong_trdizin_id,,no_doi,,Twonew Peziza records from Mut environ,2002,Ot Sistematik Botanik Dergisi,203,1300-2953,,PAPER,,"Doğan HH, Öztürk C, Kaşık G (2002). Two new Peziza records from Mut environ. The Herb Journal of Systematic Botany 9(2): 117-122."
3812,1284085,21649579,77,356557,2019,813,Yüksel KIVRAK; Gökhan PERİNÇEK; İbrahim YAĞCI,,,strong_doi_crossref,10.17098/amj.625436,ok,10.17098/amj.625436,"SigaraBırakma Polikliniğine Başvuran Kişilerde D Tipi Kişilik, Dürtüsellik, Çocukluk Çağı Travmaları, Anksiyete ve Depresyon Düzeyleri",2019,Ankara Medical Journal,813,1303-2283,2148-4570,PAPER,,"Yağcı, İ., Perincek, G. ve Kıvrak, Y. (2019). Sigara bırakma polikliniğine başvuran kişilerde d tipi kişilik, dürtüsellik, çocukluk çağı travmaları, anksiyete ve depresyon düzeyleri. Ankara Medical Journal, 19(3), 582-590."
3821,1351344,24661599,81,359500,2019,277,Mehmet SAK,,,strong_trdizin_id,,no_doi,,ContextualFactors that Enhance and Impair Directed Motivational Currents in Instructed L2 Classroom Settings,2019,Novitas-Royal,277,,1307-4733,PAPER,,"(81) Sak, M. (2019). Contextual factors that enhance and impair directed motivational currents in instructed L2 classroom settings. Novitas-ROYAL, 13, 155–174."
3842,1370916,25464586,22,118544,2011,385,Serap ÖZDÖL KUTLU,,,strong_trdizin_id,,no_doi,,Çanakçömleksiz neolitik çağda güneydoğu anadolu'da din ve sosyal yapı,2011,Tarih İncelemeleri Dergisi,385,0257-4152,0257-4152,PAPER,,"ÖZDÖL, S. (2011). “Çanak Çömleksiz Neolitik Çağda Güneydoğu Anadolu’da Din ve Sosyal Yapı”. Tarih İncelemeleri Dergisi C.26, S.1, 173-99."
3902,1382105,26529072,4,12436,2000,112,İlyas AKDEMİR; Murat YÜCE; Hanife ERKAL; Nuran AKDEMİR; Handan MISIRLI; Sinan DAĞDELEN; Şükrü ÇELİK; Murat AKÇAY,,,strong_trdizin_id,,no_doi,,Romatizmalmitral darlığı olan hastalarda sessiz beyin infarktı sıklığı,2000,Türk Kardiyoloji Derneği Arşivi,112,1016-5169,1308-4488,PAPER,,"4. Akdemir İ, Dağdelen S, Çelik Ş, et al. Romatizmal mitral darlığı olan hastalarda sessiz beyin infarktı sıklığı. Türk Kardiyol Dern Arş. 2000; 28: 673-77."
3935,1221730,19627579,13,237252,2016,1036,Yüksel ALPER; Fikret PAZIR,,,strong_trdizin_id,,no_doi,,KeçiboynuzuMeyvesi (Ceratonia siliqua L.) ve Sağlık,2016,Akademik Gıda,1036,1304-7582,2148-015X,PAPER,,"13. Pazır F, Alper Y. Keçiboynuzu Meyvesi Ceratonia siliqua L. ve Sağlık. Akademik Gıda. 2016;14(3):302–6."
3945,1182025,17131459,6,105367,2010,612,Pınar BİLGİN,,,strong_trdizin_id,,no_doi,,Güvenlikçalışmalarında yeni açılımlar: Yeni güvenlik çalışmaları,2010,SAREM Stratejik Arastirmalar Dergisi,612,1303-698X,,PAPER,,"BİLGİN, Pınar, “Güvenlik Çalışmalarında Yeni Açılımlar: Yeni Güvenlik Çalışmaları”, Stratejik Araştırmalar, Vol. 8, No. 14, January 2010, pp. 69-96."
3948,1179752,16876458,11,250200,2016,405,İbrahim HÜSEYNİ; Erol ÇAKMAK,,,strong_trdizin_id,,no_doi,,TÜRKİYEDE İHRACAT VE EKONOMİK BÜYÜME İLİŞKİSİ: EŞ- BÜTÜNLEŞME VE NEDENSELLİK ANALİZİ,2016,Atatürk Üniversitesi İktisadi ve İdari Bilimler Dergisi,405,1300-4646,2147-7582,PAPER,,"Hüseyni, İ., Çakmak E., (2016). Türkiye'de ihracat ve ekonomik büyüme ilişkisi: eş-bütünleşme ve nedensellik analizi. Atatürk Üniversitesi İktisadi ve İdari Bilimler Dergisi 30(4): 831- 844."
3967,1267428,20801558,67,195396,2015,580,Serpil YORGANCI,,,strong_trdizin_id,,no_doi,,WebTabanlı Uzaktan Eğitim Yönteminin Öğrencilerin Matematik Başarılarına Etkileri,2015,Kastamonu Üniversitesi Kastamonu Eğitim Dergisi,580,1300-8811,,PAPER,,"Yorgancı, S. (2015). Web Tabanlı Uzaktan Eğitim Yönteminin Öğrencilerin Matematik Başarılarına Etkileri. Kastamonu Eğitim Dergisi, 23(3), 1401-1420."
4069,1365571,25264874,22,166880,2014,527,Cem Okan TUNCEL,,,strong_trdizin_id,,no_doi,,Ortagelir tuzağı ve inovasyon politikaları: Doğu Asya deneyimi ve Türkiye için dersler,2014,Maliye Dergisi,527,1300-3623,2645-8780,PAPER,,"Tuncel, C. O. (2014). Orta gelir tuzağı ve inovasyon politikaları: Doğu Asya deneyimi ve Türkiye için dersler. Maliye Dergisi, 167, 40–70. https://ms.hmb.gov.tr/uploads/2019/09/167-03.pdf"
4134,1270122,20934474,13,975,2004,274,Mustafa KURT; Diyar AKAY; Metin DAĞDEVİREN,,,strong_trdizin_id,,no_doi,,İşdeğerlendirme sürecinde analitik hiyerarji prosesi ve uygulaması,2004,Gazi Üniversitesi Mühendislik Mimarlık Fakültesi Dergisi,274,1300-1884,1304-4915,PAPER,,"Dağdeviren, M., Akay, D., Kurt, M., 2004. İş değerlendirme sürecinde analitik hiyerarşi prosesi ve uygulaması. Gazi Üniversitesi Mühendislik Mimarlık Fakültesi Dergisi, 19(2): 131-138."
4191,1296774,22212919,3,357873,2007,626,Mustafa ALP,,,strong_trdizin_id,,no_doi,,İŞSÖZLEŞMESİNİN DEVRİNDE BAZI SORUNLAR,2007,Dokuz Eylül Üniversitesi Hukuk Fakültesi Dergisi,626,1303-6963,2587-1870,PAPER,,"● Alp, Mustafa: “İş Sözleşmesinin Devrinde Bazı Sorunlar”, Dokuz Eylül Üniversitesi Hukuk Fakültesi Dergisi, C.9, Özel Sayı, 2007 (s.189-209)"
4192,1363735,25179909,26,1266696,2023,138,Çiğdem MERMUTOĞLU; Elif Zelal ÇİFTÇİ; Nida ÖZCAN; Saim DAYAN,,,strong_doi_crossref,10.5505/vtd.2023.78972,ok,10.5505/vtd.2023.78972,KlinikÖrneklerden İzole Edilen Karbapenem Dirençli Klebsiella pneumoniae ve Escherichia coli Suşlarında Antibiyotik Duyarlılıklarının Araştırılması: Kapsamlı Bir Sağlık Kuruluşunda Dört Yıllık Analiz,2023,Van Tıp Dergisi,138,1300-2694,2587-0351,PAPER,,"26. Mermutluoğlu Ç, Çiftçi EZ, Özcan N, et al. Klinik örneklerden izole edilen karbapenem dirençli Klebsiella pneumoniae ve Escherichia coli suşlarında antibiyotik duyarlılıklarının araştırılması: Kapsamlı bir sağlık kuruluşunda dört yıllık analiz. Van Tıp Derg. 2023;30(4):374-81."
4201,1274170,21134465,51,2519,2002,394,Zeynep ERDEN; Behlül ÜSDİKEN,,,strong_trdizin_id,,no_doi,,1990lı Yıllarda Türkiye'de Yönetim Alanı: Disiplinin Yapısı ve Yaklaşımlar,2002,Yönetim Araştırmaları Dergisi,394,1303-4979,,PAPER,,"Üsdiken, B., & Erden, Z. (2002). 1990’lı yıllarda Türkiye’de yönetim alanı: Disiplinin yapısı ve yaklaşımlar. Yönetim Araştırmaları Dergisi, 2(1), 91-113."
4220,1375950,25646798,17,167162,2013,378,Pınar ÇAĞ; İbrahim YILDIRIM,,,strong_trdizin_id,,no_doi,,Evlilikdoyumunu yordayan ilişkisel ve kişisel değişkenler,2013,Türk Psikolojik Danışma ve Rehberlik Dergisi,378,1302-1370,,PAPER,,"Çağ, P. & Yıldırım, İ. (2013). Evlilik doyumunu yordayan ilişkisel ve kişisel değişkenler. Turkish Psychological Counseling and Guidance Journal, 4(39), 13-23."
4295,1202619,18247993,9,198353,2015,498,Nurten ELKİN,,,strong_trdizin_id,,no_doi,,GebelerinPrenatal Bağlanma Düzeyleri ve Bunları Etkileyen Faktörler,2015,STED/Sürekli Tıp Eğitimi Dergisi,498,1300-0853,2148-5348,PAPER,,"Elkin N. (2015). Gebelerin prenatal bağlanma düzeyleri ve bunları etkileyen faktörler. Sürekli Tıp Eğitimi Dergisi, 24 (6), 230-237."
4310,1269173,20997031,18,112321,2010,524,Mehmet Ali KARAKU Ş; ELA KATI SUNAY; Ramazan SELVER,,,strong_trdizin_id,,no_doi,,Akışkanınyüzey gerilim hareketlerinin dikdörtgenler prizması içerisinde incelenmesi,2010,Makine Teknolojileri Elektronik Dergisi (elektronik),524,1304-4141,1304-4141,PAPER,,"Selver, R., Katı, E., Karakuş, M.A., 2010. Akışkanın yüzey gerilim hareketlerinin dikdörtgenler prizması içersinde incelenmesi. Makine Teknolojileri Elektronik Dergisi, 7, 1, 83-96."
4408,1177000,16736278,96,257540,2016,803,Reşit AKIN; Sultan Basmacı KANDEMİR; Hasan KANDEMİR; Hülya KARATAŞ,,,strong_trdizin_id,,no_doi,,LiseÖğrencilerinde Riskli Madde Kullanımının İncelenmesi,2016,Harran Üniversitesi Tıp Fakültesi Dergisi,803,1304-9623,1309-4025,PAPER,,"Karataş H, Kandemir H, Kandemir SB, Reşit A. Lise öğrencilerinde riskli madde kullanımının incelenmesi. Harran Üniversitesi Tıp Fakültesi Dergisi 2015; 13(1): 23-31."
4471,1227711,19438946,19,1118676,2021,2102,Unal Yilmaz; Ali KIRCAY,,,strong_doi_crossref,10.30855/gmbd.2021.03.12,ok,10.30855/gmbd.2021.03.12,"ElektrikliAraçlarda Batarya Şarj Ünitesi için LLC Rezonans Dönüştürücünün Kurulumu, Modellemesi ve Analizi",2021,Gazi Mühendislik Bilimleri Dergisi,2102,2149-4916,2149-9373,PAPER,,"[19] Yılmaz Ü. and Kırçay A., “Installation, modeling and analysis of LLC resonance converter for battery charger in electric vehicle”, Gazi Journal of Engineering Sciences, 7(3): 298-308, (2021).http://www.solec.org/wp- content/uploads/2014/02/SOLKOTEbrochure.pdf"
4479,1312094,22865316,55,1192050,2021,1445,Hasan GÜL; Fatma YILDIRIM,,,strong_trdizin_id,,no_doi,,ToplumsalCinsiyete Duygusal Bakış,2021,Karamanoğlu Mehmetbey Üniversitesi Sosyal ve Ekonomik Araştırmalar Dergisi,1445,1309-9132,2147-7833,PAPER,,"Yıldırım, F., & Gül, H. (2021). Toplumsal cinsiyete duygusal bakış. KMÜ Sosyal ve Ekonomik Araştırmalar Dergisi, 23(41), 578–590."
4517,1223268,19315940,20,129723,2011,710,Meral KILIÇ; Özlem KARABULUTLU,,,strong_trdizin_id,,no_doi,,Üniversiteöğrencilerinin cinsel sağlık ve üreme sağlığı hakkındaki bilgi düzeylerinin belirlenmesi,2011,Anadolu Hemşirelik ve Sağlık Bilimleri Dergisi,710,1309-5471,2687-2498,PAPER,,"Karabulutlu, Ö., & Kılıç, M. (2011). Üniversite öğrencilerinin cinsel sağlık ve üreme sağlığı hakkındaki bilgi düzeylerinin belirlenmesi. Anadolu Hemşirelik ve Sağlık Bilimleri Dergisi, 14(2), 39-45."
4559,1209450,18364307,15,118332,2010,664,Fatma BÖLÜKBAŞ; Funda KESKİN,,,strong_trdizin_id,,no_doi,,YabancıDil olarak Türkçe öğretiminde metinlerin kültür aktarımındaki işlevi,2010,Turkish Studies (Elektronik),664,,1308-2140,PAPER,,"Bölükbaş, F. & Keskin, F. (2010). Yabancı dil olarak Türkçe öğretiminde metinlerin kültür aktarımındaki işlevi. Turkish Studies-International Periodical For The Languages, Literature and History of Turkish or Turkic, 5/4, 221-235."
4747,1283960,21641580,61,227389,2013,648,Edip ÖRÜCÜ; SİBEL ÖZAFŞARLIOĞLU SAKALLI,,,strong_trdizin_id,,no_doi,,ÖRGÜTSELADALETİN ÇALIŞANLARIN İŞTEN AYRILMA NİYETİNE ETKİSİ: GÜNEY AFRİKA CUMHURİYETİNDE BİR UYGULAMA,2013,Mustafa Kemal Üniversitesi Sosyal Bilimler Enstitüsü Dergisi,648,1304-429X,,PAPER,,"Örücü, E., & Özafşarlıoğlu, S. (2013). Örgütsel adaletin çalışanların işten ayrılma niyetine etkisi: Güney Afrika Cumhuriyetinde bir uygulama. Mustafa Kemal University Journal of Social Sciences Institute, 10(23), 335–358."
4864,1197604,17765420,17,83176,2006,521,Mehmet DİKKAYA,,,strong_trdizin_id,,no_doi,,Küreselleşmeve Bilgi Toplumu: Eğitimin Küreselleşmesi ve Neo-Liberal Politikaların Etkileri,2006,Uluslararası İlişkiler,521,1304-7310,,PAPER,,"Dikkaya, M. & Özyakışır, D. (2006). Küreselleşme ve bilgi toplumu: Eğitimin küreselleşmesi ve neo-liberal politikaların etkileri. Uluslararası İlişkiler Dergisi, 3(9), 151-172. https://dergipark.org.tr/tr/download/article-file/539696 adresinden erişilmiştir."
4871,1273345,21149311,11,147437,2013,687,Mustafa VAR; Banu BEKÇİ; Gaye TAŞKAN,,,strong_trdizin_id,,no_doi,,"Bitkilendirmetasarım kriterleri bağlamında doğal türlerin kentsel boşluk alanlarında değerlendirilmesi: Bartın, Türkiye",2013,Artvin Çoruh Üniversitesi Orman Fakültesi Dergisi,687,2146-1880,2146-698X,PAPER,,"Bekci, B., Var, M., Taşkan, G., 2013. Bitkilendirme tasarım kriterleri bağlamında doğal türlerin kentsel boşluk alanlarında değerlendirilmesi: Bartın, Türkiye. Artvin Çoruh Üniversitesi, Orman Fakültesi Dergisi 14(1): 113–125."
4958,1366162,25288703,31,1232525,2024,300,Ümmü TUNÇ; Esra ATALAR; Musa Sezer GARGI; Zeliha ERGÜL AYDIN,,,strong_trdizin_id,,no_doi,,"Classificationof Fake, Bot, and Real Accounts on Instagram Using Machine Learning",2024,Politeknik Dergisi,300,1302-0900,2147-9429,PAPER,,"[31] Tunç, Ü., Atalar, E., Gargı, M. S., Ergül Aydın, Z. ""Classification of Fake, Bot, and Real Accounts on Instagram Using Machine Learning."" Politeknik Dergisi, 27(2), 479-488, (2024)."
4972,1280805,21465161,98,301127,2018,689,Filiz BULUT; Setenay S. YALINBAŞ; M. Murat CİVANER,,,strong_trdizin_id,,no_doi,,SAĞLIKTAŞİDDET TIP ÖĞRENCİLERİNİN MESLEĞE VE HASTALARA BAKIŞINI NASIL ETKİLİYOR? BİR FAKÜLTE ÖRNEĞİ,2018,Toplum ve Hekim,689,1300-4387,2757-5004,PAPER,,"Yalınbaş S. S, Bulut F, Civaner M. M, (2018). Sağlıkta şiddet tıp öğrencilerinin mesleğe ve hastalara bakışını nasıl etkiliyor? “Bir fakülte örneği”. Toplum ve Hekim, 33(2): 148-160."
5041,1316912,23202160,11,152648,2012,767,Nebahat Oran ARSLAN; Fadimana FİDAN,,,strong_trdizin_id,,no_doi,,BalkanSavaşları sonrasında Yunanistan’da kalan Türk esirler meselesi,2012,Türk Dünyası İncelemeleri Dergisi,767,1301-2045,2667-6729,PAPER,,"ARSLAN Nebahat Oran ve Fadimana Fidan, “Balkan Savaşları Sonrasında Yunanistan’da Kalan Türk Esirler Meselesi”, Türk Dünyası İncelemeleri Dergisi, XII/2, 2012, ss. 249-264."
5055,1272979,21394573,22,214831,2016,858,Mustafa ÇELİK; Mehmet Ali GÜNDOĞDU; Aydın AKIN; Alper DARDENİZ; Kemal Abdurrahim KAHRAMAN; Aysun GÖKDEMİR; Fadime ATEŞ,,,strong_trdizin_id,,no_doi,,BazıSofralık Üzüm Çeşitlerinin 5BB Amerikan Asma Anacı Üzerindeki Vejetatif Gelişim Performanslarının Belirlenmesi,2016,ÇOMÜ Ziraat Fakültesi Dergisi,858,2147-8384,2564-6826,PAPER,,"Dardeniz, A., Gündoğdu, M.A., Akın, A., Ateş, F., Çelik, M., Gökdemir, A. ve Kahraman, K.A. 2016. Bazı Sofralık Üzüm Çeşitlerinin 5BB Amerikan Asma Anacı Üzerindeki Vejetatif Gelişim Performanslarının Belirlenmesi. ÇOMÜ Ziraat Fakültesi Dergisi, 4(1): 69-75."
5056,1272979,21394574,23,57026,2005,164,Alper DARDENİZ; Ali Osman ŞAHİN,,,strong_trdizin_id,,no_doi,,Aşılıasma fidanı üretiminde farklı çeşit ve anaç kombinasyonlarının vejetatif gelişme ve fidan randımanı üzerine etkileri,2005,Bahçe,164,1300-8943,2791-6375,PAPER,,"Dardeniz, A. ve Şahin, A.O. 2005. Aşılı Asma Fidanı Üretiminde Farklı Çeşit ve Anaç Kombinasyonlarının Vejetatif Gelişme ve Fidan Randımanı Üzerine Etkileri. Bahçe, 34(2): 1-9."
5067,1284369,21664185,6,15982,2001,116,Haluk ARKAR; Hülya YALDIZ; Doğan EKER,,,strong_trdizin_id,,no_doi,,"ÇokBoyutlu Algılanan Sosyal Destek Ölçeği'nin gözden geçirilmiş formunun faktör yapısı, geçerlik ve güvenirliği",2001,Türk Psikiyatri Dergisi,116,1300-2163,2651-3463,PAPER,,"Eker, D., Arkar, H. & Yaldız, H. (2001). Çok boyutlu algılanan sosyal destek ölçeğinin gözden geçirilmiş formunun faktör yapısı, geçerlik ve güvenirliği. Türk Psikiyatri Dergisi, 12(1), 17-25."
5072,1233280,19417280,4,233771,2014,1230,İbrahim YILDIRIM; ÖZLEM HASKAN AVCI,,,strong_trdizin_id,,no_doi,,"ErgenlerdeŞiddet Eğilimi, Yalnızlık ve Sosyal Destek",2014,Hacettepe Üniversitesi Eğitim Fakültesi Dergisi,1230,1300-5340,2536-4758,PAPER,,"Avcı, Ö., & Yıldırım, İ. (2014). Ergenlerde şiddet eğilimi, yalnızlık ve sosyal destek,  Hacettepe Üniversitesi Eğitim Fakültesi Dergisi, 29(1), 157-168."
5074,1282954,21580987,9,397131,2020,1121,Suzan ÇOBAN; Malik DÜNDAR,,,strong_trdizin_id,,no_doi,,ÜrünYerleştirme Çabalarında Tüketici Algılarının Satın Alma Niyeti ve Marka İmajı Üzerine Etkileri: Konya İli Örneği,2020,Gümüşhane Üniversitesi Sosyal Bilimler Dergisi,1121,,1309-7423,PAPER,,"Dundar, M., & Coban, S. (2020). Ürün Yerleştirme Çabalarında Tüketici Algılarının Satın Alma Niyeti ve Marka İmajı Üzerine Etkileri: Konya İli Örneği. Gümüşhane Üniversitesi Sosyal Bilimler Dergisi, 11(3), 792-804."
5095,1298611,23594526,50,66343,2007,425,Turgay YAZAR,,,strong_trdizin_id,,no_doi,,OrtaçağAnadolu Türk Mimarı Bezemesinde Vakvak Üslubu,2007,Bilig / Türk Dünyası Sosyal Bilimler Dergisi,425,1301-0549,2822-6348,PAPER,,"Yazar, T. (2007). Orta Çağ Anadolu Türk mimari bezemesinde vakvak üslubu. Bilig Dergisi, 42, 1-33."
5143,1269832,20913458,45,406225,2018,555,Efekan ÖZKAN; Ahmet TOKGÖZLÜ,,,strong_trdizin_id,,no_doi,,TaşkınRisk Haritalarında AHP Yönteminin Uygulanması: Aksu Çayı Havzası Örneği,2018,Süleyman Demirel Üniversitesi Fen-Edebiyat Fakültesi Sosyal Bilimler Dergisi,555,1300-9435,2667-6206,PAPER,,"Tokgözlü, A., Özkan, E., 2018. Taşkın Risk Haritalarında AHP Yönteminin Uygulanması: Aksu Çayı Havzası Örneği. Süleyman Demirel Üniversitesi Fen-Edebiyat Fakültesi Sosyal Bilimler Dergisi, (44), 151-176."
5150,1318051,23262084,6,99476,2009,219,Fulya DEMİRÇEKEN; Ahmet UÇAKTÜRK; Zafer ARSLAN; Aysel YÖNEY; Serap ÖZMEN,,,strong_trdizin_id,,no_doi,,Sosyoekonomikdüzeyi düşük ailelerin çocuklarında giardiazis ve atopi birlikteliği,2009,Astım Allerji İmmünoloji,219,1308-9234,,PAPER,,"6. Uçaktürk A, Özmen S, Demirçeken F, Arslan Z, Yöney A. Association between giardiasis and atopy in children of low income families. Asthma Allergy Immunology. 2009; 7: 52-7."
5349,1291179,22974806,20,1188582,2023,3780,Fulya GÖKDEMİR; Tülay YILMAZ,,,strong_doi_crossref,10.5152/janhs.2023.22260,ok,10.5152/janhs.2023.22260,"LikertTipi Ölçekleri Kullanma, Modifiye Etme, Uyarlama ve Geliştirme Süreçleri",2023,Journal of nursology (Online),3780,,2822-2954,PAPER,,"20.  Gökdemir F, Yılmaz T. Likert Tipi Ölçekleri Kullanma, Modifiye Etme, Uyarlama ve Geliştirme Süreçleri, J Nursology, 2023,26(2),148-160."
5455,1250019,20121122,22,143914,2011,424,Sezer Cihan ÇALIŞKAN,,,strong_trdizin_id,,no_doi,,Çalışanlarınpsikolojik güçlendirilme algıları üzerinde işyeri arkadaşlıkları ve örgütsel iletişimin etkisi,2011,Çukurova Üniversitesi Sosyal Bilimler Enstitüsü Dergisi,424,1304-8880,1304-8899,PAPER,,"Çalışkan C. Z., (2011), Çalışanların psikolojik güçlendirilme algıları üzerinde işyeri arkadaşlıkları ve örgütsel iletişimin etkisi. Çukurova Üniversitesi, Sosyal Bilimler Enstitüsü Dergisi, 20(3), 77-92."
5480,1187850,17234964,27,330273,2019,1022,Onur ÇETİN; Banu MANKİN; Güney Çetin GÜRKAN,,,strong_trdizin_id,,no_doi,,DuygusalEmek ve İçsel Motivasyonun Çalışanın Yaratıcılığı Üzerindeki Etkisi: Bankacılık Sektöründe Bir Araştırma,2019,Girişimcilik ve İnovasyon Yönetim Dergisi,1022,2147-5792,2687-234X,PAPER,,"Mankin, B., Gürkan, G. Ç. ve Çetin, O. (2019). Duygusal emek ve içsel motivasyonun çalışanın yaratıcılığı üzerindeki etkisi: Bankacılık sektöründe bir araştırma. Journal of Entrepreneurship and Innovation Management, 8(2), 126-156."
5481,1192997,17519164,20,123367,2011,4,Hakan KÜLTÜRSAY; Emel YILMAZ; Erhan ESER; Cevad ŞEKURİ,,,strong_trdizin_id,,no_doi,,Miyokartenfarktüsü boyutsal değerlendirme ölçeği (MIDAS) Türkçe sürümünün psikometrik özellikleri,2011,Anadolu Kardiyoloji Dergisi,4,1302-8723,1308-0032,PAPER,,"[20] Yilmaz E, Eser E, Sekuri C, Kultursay H. Miyokart Enfarktüsü Boyutsal Değerlendirme Ölçeği (MIDAS) Türkçe sürümünün psikometrik özellikleri. Anatolian Journal of Cardiology/Anadolu Kardiyoloji Dergisi. 2011;11(5)."
5561,1191474,17427395,81,144348,2013,1230,Nuri ÖZEK; Hasan Said TORTOP,,,strong_trdizin_id,,no_doi,,Projetabanlı öğrenmede anlamlı alan gezisi: Güneş enerjisi ve kullanım alanları konusu,2013,Hacettepe Üniversitesi Eğitim Fakültesi Dergisi,1230,1300-5340,2536-4758,PAPER,,"Tortop, H. S., & Özek, N. (2013). Proje tabanlı öğrenmede anlamlı alan gezisi: Güneş enerjisi ve kullanım alanları konusu. Hacettepe Üniversitesi Eğitim Fakültesi Dergisi, 44, 300-307."
5709,1320131,23380705,20,283312,2017,1035,Selvi GÖÇMENİN; Namık HÜSEYİNLİ; Namık Hüseyinli danışmanlığında HAZIRLADIĞI; Selvi GÖÇMEN,,,strong_trdizin_id,,no_doi,,EngelliÇalışma Kültürünün Cinsiyet Bağlamında Değerlendirilmesi1,2017,İnsan ve Toplum Bilimleri Araştırmaları Dergisi,1035,,2147-1185,PAPER,,"Göçmen, S., & Hüseyinli, N. (2017). Engelli çalışma kültürünün cinsiyet bağlamında değerlendirilmesi. İnsan ve Toplum Bilimleri Araştırmaları Dergisi, 6(6), 254-270."
5721,1329079,23766235,4,206868,2015,534,BAKKO MEHMET BOZASLAN; Emel ÇOKOĞULLAR,,,strong_trdizin_id,,no_doi,,OSMANLIDAN CUMHURİYET'E MODERN EĞİTİMİN İNŞASI: DEVLETİN KURTARILMASINDAN DEVLETİN KURULMASINA,2015,Gazi Üniversitesi İktisadi ve İdari Bilimler Fakültesi Dergisi,534,1302-2024,2148-1792,PAPER,,"Bozaslan, B. M. ve Çokoğullar, E. (2015). Osmanlı’dan Cumhuriyet’e modern eğitimin inşası: devletin kurtarılmasından devletin kurulmasına. Gazi Üniversitesi İktisadi ve İdari Bilimler Fakültesi Dergisi, 17(3), 309-329. Erişim: https://dergipark.org.tr/tr/download/article-file/287160"
5776,1299447,22340499,52,533218,2022,819,Beyhan BELLER DİKMEN; Ali DERAN; Musa ÖZÇELİK,,,strong_trdizin_id,,no_doi,,Nesnelerinİnterneti Teknolojisinin Muhasebe ve Denetim Sürecine Etkisi ve Muhtemel Riskler,2022,İşletme Araştırmaları Dergisi,819,,1309-0712,PAPER,,"Özçelik, M., Dikmen, B., ve Deran, A. (2022). Nesnelerin interneti teknolojisinin muhasebe ve denetim sürecine etkisi ve muhtemel riskler, İşletme Araştırmaları Dergisi. 14(2), 1544–1563."
5795,1378119,25707176,13,178950,2013,517,ÖZLEM GÜLLÜOĞLU IŞIK,,,strong_trdizin_id,,no_doi,,Kayseride Hizmet Veren Özel İlköğretim Okulu Öğretmenlerinin Çatışma Faktörlerinin ve Çatışma Yönetimi Stratejilerinin Analizi,2013,İletişim Kuram ve Araştırma Dergisi,517,,2147-4524,PAPER,,"Güllüoğlu, Ö. (2013). Analyzing conflict factors and conflict management strategies of the teachers working in private schools in Kayseri. Journal of Communication Theory and Research, 1(36), 193- 218."
5798,1378119,25707208,45,250913,2015,1230,Esen SUCUOĞLU,,,strong_trdizin_id,,no_doi,,DevletLisesi Öğretmenlerinin Çatışma Nedenleri ve Çatışma Yönetimi Yaklaşımlarının Değerlendirilmesi,2015,Hacettepe Üniversitesi Eğitim Fakültesi Dergisi,1230,1300-5340,2536-4758,PAPER,,"Sucuoğlu, E. (2015). Evaluation of the conflict causes and conflict management approaches of the state lycee teachers. H. U. Journal of Education, 30(4), 16-28."
5801,1378119,25707214,51,90476,2009,589,Senay YÜRÜR,,,strong_trdizin_id,,no_doi,,YöneticilerinÇatışma Yönetim Tarzları ve Kişilik Özellikleri Arasındaki İlişkinin Analizine Yönelik Bir Araştırma,2009,Cumhuriyet Üniversitesi İktisadi ve İdari Bilimler Dergisi,589,1303-1279,,PAPER,,"Yürür, S. (2009). A study of analyzing the relationship between personality traits and conflict management styles of managers.  Cumhuriyet University Journal of Economics & Administrative Sciences, 10(1), 23-42."
5863,1341423,24256477,19,288651,2018,501,Kudret GÜL; Melike GÜL,,,strong_trdizin_id,,no_doi,,BALIKESİRİLİNDE KADIN GİRİŞİMCİ PROFİLİ VE SORUNLARI: YİYECEK SEKTÖRÜNDE BİR UYGULAMA,2018,Dumlupınar Üniversitesi Sosyal Bilimler Dergisi,501,,2587-005X,PAPER,,"Gül, M., & Gül, K. (2018). Balıkesir ilinde kadın girişimci profili ve sorunları: Yiyecek sektöründe bir uygulama. Dumlupınar Üniversitesi Sosyal Bilimler Dergisi, 56, 82-96."
5905,1288651,21878397,6,109037,2010,548,Serhan GÜRLÜK,,,strong_trdizin_id,,no_doi,,Sürdürülebilirkalkınma gelişmekte olan ülkelerde uygulanabilir mi?,2010,Eskişehir Osmangazi Üniversitesi İktisadi ve İdari Bilimler Dergisi,548,1306-6730,1306-6293,PAPER,,[6] Gürlük S. Sürdürülebilir kalkınma gelişmekte olan ülkelerde uygulanabilir mi? Eskişehir  Osmangazi Üniversitesi İİBF Dergisi 2010; 5(2): 85-99.
5909,1288651,21878467,76,232143,2017,300,Fatih Emre BORAN; Elif DAMGACI; Kurtuluş BORAN,,,strong_trdizin_id,,no_doi,,Sezgiselbulanık TOPSIS yöntemi kullanarak Türkiye’nin yenilenebilir enerji kaynaklarının değerlendirilmesi,2017,Politeknik Dergisi,300,1302-0900,2147-9429,PAPER,,"[76] Damgacı E, Boran K, Boran FE. Sezgisel bulanık TOPSIS yöntemi kullanarak Türkiye’nin  yenilenebilir enerji kaynaklarının değerlendirilmesi. Politeknik Dergisi 2017; 20(3): 629-637."
5961,1252893,20292211,84,491416,2021,693,Enes KÖKEN,,,strong_trdizin_id,,no_doi,,YAPAYZEKÂNIN CEZAİ SORUMLULUĞU,2021,Türkiye Adalet Akademisi Dergisi,693,1309-6826,,PAPER,,"Köken, Enes, “Yapay Zekânın Cezai Sorumluluğu”, Türkiye Adalet Akademisi Dergisi 47 (Temmuz 2021), 247-286."
5962,1252893,20292251,124,462885,2021,2680,Ayşe TANRIVERDİ,,,strong_trdizin_id,,no_doi,,YAPAYZEKÂNIN KAMU HİZMETİNİN SUNUMUNA ETKİLERİ,2021,Adalet Dergisi ,2680,1011-730X,2717-6614,PAPER,,"Tanrıverdi, Ayşe Almıla. “Yapay Zekânın Kamu Hizmetinin Sunumuna Etkileri”. Adalet Dergisi 66/1 (2021), 293-314."
6060,1344437,24395134,55,71353,2006,424,Alper YONTAR; Filiz YURTAL,,,strong_trdizin_id,,no_doi,,SınıfÖğretmenlerinin Öğrencilerinden Bekledikleri Sorumluluklar ve Sorumluluk Kazandırmada Kullandıkları Yöntemler,2006,Çukurova Üniversitesi Sosyal Bilimler Enstitüsü Dergisi,424,1304-8880,1304-8899,PAPER,,"Yurtal, F. & Yontar, A. G. A. (2006). Sınıf öğretmenlerinin öğrencilerinden bekledikleri sorumluluklar ve sorumluluk kazandırmada kullandıkları yöntemler. Çukurova Üniversitesi Sosyal Bilimler Enstitüsü Dergisi, 15(2), 411-423."
6126,1318472,24033451,27,341571,2019,546,Mert Onuralp GÖKALP; Ebru GÖKALP; Selin ÇOBAN; PEKİN ERHAN EREN,,,strong_trdizin_id,,no_doi,,DİJİTALDÖNÜŞÜMÜN ETKİSİNDE VERİMLİ İSTİHDAM YÖNETİMİ: YOL HARİTASI ÖNERİSİ,2019,Verimlilik Dergisi,546,1013-1388,2757-6973,PAPER,,"Gokalp, E., Gökalp, M. O., Çoban, S., Eren, P. E. (2019). Dijital dönüşümün etkisinde verimli istihdam yönetimi: yol haritasi önerisi. Verimlilik Dergisi, (3), 201-222."
6165,1323795,23548804,8,74253,2007,433,Şükrü BALCI,,,strong_trdizin_id,,no_doi,,Negatifsiyasal reklamlarda ikna edici mesaj stratejisi olarak korku çekiciliği kullanımı,2007,Selçuk Üniversitesi Sosyal Bilimler Enstitüsü Dergisi,433,1302-1796,2667-4750,PAPER,,"Balcı, Ş. (2007). Negatif siyasal reklamlarda ikna edici mesaj stratejisi olarak korku çekiciliği kullanımı. Selçuk Üniversitesi Sosyal Bilimler Enstitüsü Dergisi, 17, 73–106."
6171,1250297,20097041,21,229072,2016,821,Akif Mehmet KETENCİ; Esra SOYLU; Engin GÖNEN; Ercüment SOYUGÜZEL; Yusuf ÜSTÜN; Sedat BOYACI; Zekeriya ÖZGE; Servet TEKİN; Semih Metin SEZEN,,,strong_trdizin_id,,no_doi,,KahramanmaraşYöresinde Yaygın Olarak Kullanılan Damla Sulama Damlatıcılarının Hidrolik Özelliklerinin Değerlendirilmesi,2016,Kahramanmaraş Sütçü İmam Üniversitesi Doğa Bilimleri Dergisi,821,,1309-1743,PAPER,,"Tekin, S., Boyacı, S., Sezen, S. M., Gönen, E., Soylu, E., Soyugüzel, E., Üstün, Y., 2016. Kahramanmaraş Yöresinde Yaygın Olarak Kullanılan Damla Sulama Damlatıcılarının Hidrolik Özelliklerinin Değerlendirilmesi. Tarım ve Doğa Dergisi. 19(4): 445-453."
6176,1219622,19134272,18,237182,2016,638,Celal GÖLE; Hakan BİLGEÇ,,,strong_trdizin_id,,no_doi,,TİCARİİŞLETME İŞLETTİKLERİ HALDE TACİR SAYILMAYAN DERNEK VE VAKIFLARA İLİŞKİN DÜZENLEMENİN (TTK. m. 16/2) DEĞERLENDİRİLMESİ,2016,Banka ve Ticaret Hukuku Dergisi,638,1300-1396,,PAPER,,"Göle, Celal- Bilgeç, Hakan. “Ticari İşletme İşlettikleri Halde Tacir Sayılmayan Dernek ve Vakıflara İlişkin Düzenlemenin (TTK m. 16/2) Değerlendirilmesi”, Banka ve Ticaret Hukuku Dergisi XXXII/4 (2016), 5-22."
6272,1157027,16528401,35,171248,2013,537,Yunus Emre ÇEKİCİ; Faik KANATLI,,,strong_trdizin_id,,no_doi,,Türkçeöğretiminde disiplinler arası olanaklar,2013,Mersin Üniversitesi Eğitim Fakültesi Dergisi,537,1305-5429,1306-7850,PAPER,,"Kanatlı, F. ve Çekici, Y. E. (2013). Türkçe öğretiminde disiplinler arası olanaklar. Mersin Üniversitesi Eğitim Fakültesi Dergisi, 2, 223-234."
6391,1252299,20176856,35,100429,2009,603,Xiufeng LIU,,,strong_trdizin_id,,no_doi,,Beyondscience literacy: Science and the public,2009,International Journal of Environmental and Science Education (elektronik),603,1306-3065,,PAPER,,"Liu, X. (2009). Beyond Science Literacy: Science and the Public. International Journal of Environmental & Science Education. 4(3),301-311."
6418,1208159,18258036,56,73942,2008,405,M. Ensar YEŞİLYURT,,,strong_trdizin_id,,no_doi,,Türkiyeİmalat Sanayinde Mekansal Komşuluk İlişkileri,2008,Atatürk Üniversitesi İktisadi ve İdari Bilimler Dergisi,405,1300-4646,2147-7582,PAPER,,"Yeşilyurt, M. E. (2008). Türkiye imalat sanayinde mekansal komşuluk ilişkileri. Atatürk Üniversitesi İktisadi İdari Bilimler Fakültesi Dergisi, 22(1), 165-173."
6507,1299569,22348373,24,1259195,2023,527,Neslihan KARATAŞ DURMUŞ; İmran ARITI ERDEM,,,strong_trdizin_id,,no_doi,,Vergiİdaresi 3.0: Yapay Zekâ Perspektifinden Bir İnceleme,2023,Maliye Dergisi,527,1300-3623,2645-8780,PAPER,,"Karataş Durmuş N, ‘Vergi İdaresi 3.0. Yapay Zekâ Perspektifinden Bir İnceleme, Maliye Dergisi, (2023); 184:225-253"
6536,1343197,24337703,7,249659,2016,433,Mahmut Ünsal ŞAŞMAZ; Erhan GENÇ,,,strong_trdizin_id,,no_doi,,TakiptekiBanka Kredilerinin Makroekonomik Belirleyicileri: Ticari Krediler Örneği,2016,Selçuk Üniversitesi Sosyal Bilimler Enstitüsü Dergisi,433,1302-1796,2667-4750,PAPER,,"Genç, E., & Şaşmaz, M. Ü. (2016). Takipteki banka kredilerinin makroekonomik belirleyicileri: Ticari krediler örneği. Selçuk Üniversitesi Sosyal Bilimler Enstitüsü Dergisi, (36), 119–129."
6725,1206605,18403831,73,203219,2016,425,Kubilay YAZICI,,,strong_trdizin_id,,no_doi,,YeniTürk Devletlerinin Posta Pullarında Türk Kimliği ve Kültürü,2016,Bilig / Türk Dünyası Sosyal Bilimler Dergisi,425,1301-0549,2822-6348,PAPER,,"Yazıcı, K. (2016). Yeni Türk devletlerinin posta pullarında Türk kimliği ve kültürü. Bilig, 77, 83-108."
6781,1264204,20673205,9,489562,2021,2116,Abdullah ALGIN; Şahin ÇOLAK; Nihat Müjdat HÖKENEK; Davut TEKYOL; İsmail TAYFUR; İbrahim ALTUNDAĞ; Ayşe YÜKSEL; Tuğçe ZENGİN,,,strong_doi_crossref,10.14744/hnhj.2019.83723,ok,10.14744/hnhj.2019.83723,Evaluationof Cases Applied to Emergency Service with Suspected Rabies Exposure in the Past Year,2021,Haydarpaşa Numune Medical Journal,2116,2630-5720,,PAPER,,"Tekyol D, Çolak Ş, Tayfur İ, et al. Evaluation of Cases Applied to Emergency Service with Suspected Rabies Exposure in the Past Year. Haydarpaşa Numune Medical Journal. 2021;61(2):123."
6848,1336140,24067104,55,301374,2018,627,Seher ARIKAN TEZERGİL,,,strong_trdizin_id,,no_doi,,ARACIKURUMLARIN FİNANSAL PERFORMANSLARININ TOPSİS YÖNTEMİ İLE İNCELENMESİ,2018,Mali Çözüm,627,1303-5444,,PAPER,,"Tezergil, S. A. (2018). Aracı kurumların finansal performanslarının Topsis yöntemi ile incelenmesi. Mali Çözüm Dergisi, 28, 43-58."
6996,1270301,20940455,6,299413,2018,600,Kadir ARSLANBOĞA,,,strong_trdizin_id,,no_doi,,OSMANLIDEVLETİʼNDE VAKIF YÖNETİMİNDE TEVLİYET: İSTANBUL ÖRNEĞİ,2018,Yönetim Bilimleri Dergisi,600,1304-5318,2147-9771,PAPER,,"Arslanboğa, K. (2018). Osmanlı Devletiʼnde Vakıf Yönetiminde Tevliyet: İstanbul Örneği. Yönetim Bilimleri Dergisi, 16 (32), 551-558. [CrossRef]"
7010,1269706,21475308,17,229927,2010,356,Yasemin GÜNAY; Oğuz ÇETİN,,,strong_trdizin_id,,no_doi,,FENEĞİTİMİNDE WEB TABANLI ÖĞRETİMİN ÖĞRENCİLERİN AKADEMİK BAŞARILARINA VE TUTUMLARINA ETKİSİ,2010,Çukurova Üniversitesi Eğitim Fakültesi Dergisi,356,1302-9967,,PAPER,,"Çetin, O., & Günay, Y. (2010).  Fen eğitiminde web tabanlı eğitimin akademik başarılarına ve tutumlarına etkisi. Çukurova Üniversitesi Eğitim Fakültesi Dergisi, 3(38), 19-34."
7025,1265221,20717847,1,210803,2016,995,Uğur BASTIK; Özkan AKMAN,,,strong_trdizin_id,,no_doi,,SosyalBilgiler Ders Kitaplarında İhtilaflı Konular İçerisinde Yer Alan 'Aile' Kavramının İncelenmesi: Bir İçerik Analizi,2016,Trakya Üniversitesi Eğitim Fakültesi Dergisi,995,2146-071X,,PAPER,,"Akman, Ö. & Bastık, U. (2016). Sosyal Bilgiler Ders Kitaplarında İhtilaflı Konular İçerisinde Yer Alan 'Aile' Kavramının İncelenmesi: Bir İçerik Analizi. Trakya Üniversitesi Eğitim Fakültesi Dergisi, 6(2), 247-263."
7030,1325895,23628454,2,106350,2010,1339,Seda ÖZKAN; Alper VARDAR; İbrahim İKİZCELİ; Sebahattin GEYİK; Okhan AKDUR; Polat DURUKAN; Şebnem KILIÇ,,,strong_trdizin_id,,no_doi,,Occupationalinjuries admitted to the emergency department,2010,Ulusal Travma ve Acil Cerrahi Dergisi,1339,1306-696X,1307-7945,PAPER,,"Ozkan S, Kiliç S, Durukan P, et al. Occupational injuries admitted to the emergency department. Ulus Travma Acil Cerrahi Derg. 2010;16:241-7."
7032,1325895,23628467,15,92846,2009,5,Varol Gamze SARAÇOĞLU; BEDRİYE ÖNCÜ ÇETİNKAYA; Sultan DOĞAN; Suat KÜÇÜKGÖNCÜ,,,strong_trdizin_id,,no_doi,,Erişkindikkat eksikliği hiperaktivite bozukluğu kendi bildirim ölçeği (ASRS-v1.1): Türkçe formunun geçerlilik ve güvenilirliği,2009,Anadolu Psikiyatri Dergisi,5,1302-6631,,PAPER,,"Doğan S, Öncü B, Varol S, Küçükgöncü S. Validity and reliability of the Turkish version of the Adult ADHD self-report scale (ASRS-v1.1). Anadolu Psikiyatri Dergisi. 2009;10:77-87."
7049,1179619,16849045,5,84546,2007,387,Recai COŞTUR; Umut AL,,,strong_trdizin_id,,no_doi,,TürkPsikoloji Dergisi'nin Bibliyometrik Profili,2007,Türk Kütüphaneciliği,387,1300-0039,2147-9682,PAPER,,"5. Umut AL, Coştur R. Türk Psikoloji Dergisi’nin bibliyometrik profili. Türk Kütüphaneciliği 2007:21(2):142-163."
7194,1320152,23381820,19,186628,2014,626,Pınar BACAKSIZ,,,strong_trdizin_id,,no_doi,,CEZALANDIRMAVE TOPLUMA YENİDEN KAZANDIRMA,2014,Dokuz Eylül Üniversitesi Hukuk Fakültesi Dergisi,626,1303-6963,2587-1870,PAPER,,"BACAKSIZ, P. (2014). Cezalandırma ve Topluma Yeniden Kazandırma. Prof. Dr. Hakan PEKCANITEZ’e Armağan, DEÜHFD, 16(Özel Sayı), 4917-4941."
7232,1310301,23743000,28,304677,2018,910,Hatice Selin IRMAK; Taner ARTAN,,,strong_doi_crossref,10.17681/hsp.370597,ok,10.17681/hsp.370597,FeministGerontoloji Bağlamında Yaşlılığın Kadınsallaşması,2018,Sağlık Bilimleri ve Meslekleri Dergisi /Journal of Health Sciences and Professions,910,2148-7588,,PAPER,,"Irmak, H. S., ve Artan, T. (2018). Feminist Gerontoloji Bağlamında Yaşlılığın Kadınsallaşması. Sağlık Bilimleri ve Meslekleri Dergisi, 5(2), 236-243."
7257,1347571,24511390,6,1219786,2023,2606,Vildan BAYRAM; Mesut ÖZTIRAK,,,strong_trdizin_id,,no_doi,,Yeşilİş Etiği: Bir Ölçek Geliştirme Çalışması,2023,Journal of emerging economies and policy (Online),2606,,2651-5318,PAPER,,"Bayram, V., & Öztırak, M. (2023). Yeşil iş etiği: Bir ölçek geliştirme çalışması. Journal of Emerging Economies and Policy, 8(2), 124-135."
7275,1209441,18360865,22,119532,2011,552,Duygu ÇAMURCU,,,strong_trdizin_id,,no_doi,,YüksekÖğrenimine Yeni Başlayan Türkçe Eğitimi Bölümü Öğrencilerinin Yazma Becerilerinin İncelenmesi,2011,Türkiyat Araştırmaları Dergisi,552,1300-5766,,PAPER,,"Çamurcu, D. (2011). Yükseköğrenimine yeni başlayan Türkçe eğitimi bölümü öğrencilerinin yazma becerilerinin incelenmesi. Selçuk Üniversitesi Türkiyat Araştırmaları Dergisi, 29, 503-518"
7323,1299253,22332628,2,419474,2021,545,Uğur YAVUZ; İsmail AKGÜL,,,strong_trdizin_id,,no_doi,,ÖrtülüBilgi Paylaşımı ile Çalışan Yaratıcılığı Arasındaki İlişkide Algılanan Örgütsel Desteğin Aracı Rolü,2021,Atatürk Üniversitesi Sosyal Bilimler Enstitüsü Dergisi,545,1304-4990,,PAPER,,"Akgül, İ., & Yavuz, U. (2021). Örtülü bilgi paylaşımı ile çalışan yaratıcılığı arasındaki ilişkide algılanan örgütsel desteğin aracı rolü. Atatürk Üniversitesi Sosyal Bilimler Enstitüsü Dergisi, 25(1), 193-213."
7328,1335832,24055896,19,141162,2012,71,Serir ÖZKAN AKTOĞU; Can BİÇMEN; Talat ECEMİŞ; Süheyla SÜRÜCÜOĞLU; Semra KURUTEPE; Pınar ÇELİK; Aylin ÖZGEN ALPAYDIN,,,strong_trdizin_id,,no_doi,,Toplumkökenli Pnömonisi olan erişkin hastalarda konvansiyonel ve multipleks PCR yöntemleriyle bakteriyel etiyolojinin araştırılması,2012,Mikrobiyoloji Bülteni,71,0374-9096,,PAPER,,"Kurutepe S, Ecemiş T, Özgen A, Biçmen C, Çelik P, Aktoğu Özkan S. Toplum kökenli pnömonisi olan erişkin hastalarda konvansiyonel ve multipleks PCR yöntemleriyle bakteriyel etiyolojinin araştırılması. Mikrobiyol Bul. 2012;46(4):523-31."
7332,1171714,16969875,25,335247,2019,469,Derya KOÇAK BIÇAK; Ayşe Ottekin DEMİRBOLAT,,,strong_trdizin_id,,no_doi,,OkulPsikolojik Danışmanların Okul Yöneticileri ve Öğretmenlerden Beklentileri,2019,Türk Eğitim Bilimleri Dergisi,469,1303-8451,2459-1912,PAPER,,"Koçak Bıçak, D. ve Ottekin Demirbolat, A. (2019). Okul psikolojik danışmanların okul yöneticileri ve öğretmenlerden beklentileri. Türk Eğitim Bilimleri Dergisi, 17(2), 236-357."
7339,1186055,17199827,11,148502,2013,1445,Selçuk AVDEREN; Recep ÇİÇEK,,,strong_trdizin_id,,no_doi,,Sağlıkturizmi açısından İç Anadolu Bölgesi'ndeki kaplıca ve termal tesislerin mevcut yapısının ve potansiyelinin belirlenmesine yönelik bir araştırma,2013,Karamanoğlu Mehmetbey Üniversitesi Sosyal ve Ekonomik Araştırmalar Dergisi,1445,1309-9132,2147-7833,PAPER,,"Çiçek, R., ve Avderen, S. (2013). Sağlık turizmi açısından İç Anadolu Bölgesi'ndeki kaplıca ve termal tesislerin mevcut yapısının ve potansiyelinin belirlenmesine yönelik bir araştırma. KMÜ Sosyal ve Ekonomik Araştırmalar Dergisi, 15 (25), 25-35."
7348,1250888,20119233,5,1211078,2022,1726,Ertuğrul DÜZGÜN,,,strong_trdizin_id,,no_doi,,TuristRehberlerinin Dijital Turizmdeki Gelişmelere Bakışı,2022,Turizm Akademik Dergisi,1726,1302-5759,2149-1690,PAPER,,"Düzgün, E. (2022). Turist Rehberlerinin Dijital Turizmdeki Gelişmelere Bakışı, Turizm Akademik Dergisi, 9 (1): 193-208."
7389,1319082,23327851,25,182213,2013,377,Ali ERYILMAZ; Tayfun DOĞAN,,,strong_trdizin_id,,no_doi,,İkiBoyutlu Benlik Saygısı ve Öznel İyi Oluş Arasındaki İlişkilerin İncelenmesi,2013,Pamukkale Üniversitesi Eğitim Fakültesi Dergisi,377,1301-0085,1309-0275,PAPER,,"Doğan, T., & Eryılmaz, A. (2013). Benlik Saygısı ve Öznel İyi Oluş Arasındaki İlişkilerin İncelenmesi. Pamukkale Üniversitesi Eğitim Fakültesi Dergisi, 33(33), 107-117."
7561,1308875,22712075,12,74855,2006,534,Selim KILIÇ,,,strong_trdizin_id,,no_doi,,YeniToplumsal ve Ekonomik Arayışlar Sürecinde Sürdürülebilir Kalkınma,2006,Gazi Üniversitesi İktisadi ve İdari Bilimler Fakültesi Dergisi,534,1302-2024,2148-1792,PAPER,,"Kılıç, S. (2006). Yeni Toplumsal ve Ekonomik Arayışlar Sürecinde Sürdürülebilir Kalkınma, Gazi Üniversitesi İktisadi ve İdari Bilimler Fakültesi Dergisi, 8(2), 81-101."
7562,1308875,22712078,15,326820,2018,1035,Şerife ÖNDER; Ahmet AĞCA,,,strong_trdizin_id,,no_doi,,İşletmelerinRisk Gruplarına Göre Çevresel Sürdürülebilirlik Uygulamaları: BIST 100 Endeksinde Bir Uygulama,2018,İnsan ve Toplum Bilimleri Araştırmaları Dergisi,1035,,2147-1185,PAPER,,"Önder, Ş. and Ağca, A. (2018). İşletmelerin Risk Gruplarına Göre Çevresel Sürdürülebilirlik Uygulamaları: BIST 100 Endeksinde Bir Uygulama, İnsan ve Toplum Bilimleri Araştırmaları Dergisi, 7(1), 77-89."
7612,1340095,24201603,1,113449,2011,640,Mehmet AKBAL,,,strong_trdizin_id,,no_doi,,Medeniyargılama hukukunda adli yardım,2011,Türkiye Barolar Birliği Dergisi,640,1304-2408,,PAPER,,"AKBAL, Mehmet: “Medeni Yargılama Hukukunda Adli Yardım”, Türkiye Barolar Birliği Dergisi, 2011, Cilt 23, Sayı 93, s. 147-173."
7613,1340095,24201626,24,172611,2014,623,Ahmet EKİNCİ,,,strong_trdizin_id,,no_doi,,Anayasamahkemesi’nin bireysel başvuru kararlarında mahkemeye erişim hakkı,2014,Gazi Üniversitesi Hukuk Fakültesi Dergisi,623,1302-0013,,PAPER,,"EKİNCİ, Ahmet: “Anayasa Mahkemesi’nin Bireysel Başvuru Kararlarında Mahkemeye Erişim Hakkı”, Ankara Hacı Bayram Veli Üniversitesi Hukuk Fakültesi Dergisi, 2014, Cilt 18, Sayı 3, s. 821-848."
7635,1207630,18247902,44,277164,2017,1035,Fatih ÖZKAFA,,,strong_trdizin_id,,no_doi,,HayvanTasvirli Hat Eserleri,2017,İnsan ve Toplum Bilimleri Araştırmaları Dergisi,1035,,2147-1185,PAPER,,"Özkafa, Fatih. “Hayvan Tasvirli Hat Eserleri”. İnsan ve Toplum Bilimleri Araştırmaları Dergisi, 6/5, 2017, 2299-2322."
7668,1266093,20746112,59,107916,2010,648,Sevim BUDAK; Uğur YILDIRIM,,,strong_trdizin_id,,no_doi,,ABtam üyelik sürecinde Türkiye'nin çevre politikasındaki değişimler,2010,Mustafa Kemal Üniversitesi Sosyal Bilimler Enstitüsü Dergisi,648,1304-429X,,PAPER,,"Yıldırım, U., & Budak, S. (2010). AB tam üyelik sürecinde Türkiye'nin çevre politikasındaki değişimler. Mustafa Kemal Üniversitesi. Sosyal Bilimler Enstitüsü Dergisi, 7(13), 173-191."
7699,1225822,19016305,49,143079,2012,545,MUSTAFA YÜKSEL,,,strong_trdizin_id,,no_doi,,DamienHirst'ün sanat pazarı,2012,Atatürk Üniversitesi Sosyal Bilimler Enstitüsü Dergisi,545,1304-4990,,PAPER,,"Yüksel, M. (2012). Damien Hirst’ün Sanat Pazarı. Atatürk Üniversitesi Sosyal Bilimler Enstitüsü Dergisi, 16(3), 159-170."
7703,1271841,21015361,6,71340,2007,116,Ayşen COŞKUN; Belma AĞAOĞLU; Nursu Çakın MEMİK; Özden Ş. ÜNERİ; Işık KARAKAYA,,,strong_trdizin_id,,no_doi,,Çocuklariçin yaşam kalitesi ölçeğinin 13-18 yaş ergen formunun geçerlik ve güvenilirliği,2007,Türk Psikiyatri Dergisi,116,1300-2163,2651-3463,PAPER,,"Çakın-Memik, N., Ağaoğlu, B., Coşkun, A., Üneri, Ö.Ş. ve Karakaya, I. (2007). Çocuklar İçin Yaşam Kalitesi Ölçeğinin 13-18 yaş ergen formunun geçerlik ve güvenilirliği. Turk Psikiyatri Derg, 18(4), 353-363."
7725,1328938,23760603,30,328937,2018,1202,Cemil HAKYEMEZ,,,strong_trdizin_id,,no_doi,,MezhepleriYakınlaştırma (Takrîbü’l-Mezâhib) Çalışmalarının Değerlendirilmesi Evaluation of Sects Reconcil,2018,İslami Araştırmalar,1202,1300-0373,1304-6810,PAPER,,"Hakyemez, Cemil. “Mezhepleri Yakınlaştırma (Takrîbü’l-Mezâhib) Çalışmalarının Değerlendirilmesi”. İslamî  Araştırmalar 2/29 (2018), 288-309."
7742,1157100,15855641,31,256412,2017,522,Yüksel GÜNDÜZ; Süleyman Davut GÖKER,,,strong_trdizin_id,,no_doi,,DÜNYAÖLÇEĞİNDE ÖĞRETMENLERİN SAYGINLIK STATÜSÜ VE ÖZLÜK HAKLARI,2017,Milli Eğitim,522,1302-5600,2791-7657,PAPER,,"Göker, S. D. ve Gündüz, Y. (2017). Dünya ölçeğinde öğretmenlerin saygınlık statüsü ve özlük hakları. Milli Eğitim Dergisi, 46(213), 177-196."
7811,1338891,24996500,17,30745,2003,226,Ümran ŞAHAN; Bilgehan YILMAZ; Aydın İPEK,,,strong_trdizin_id,,no_doi,,"Japonbıldırcınlarında (Coturnix coturnix japonica) canlı ağırlık, erkek dişi oranı ve anaç yaşının yumurta ağırlığı ve kuluçka sonuçlarına etkisi",2003,Uludağ Üniversitesi Ziraat Fakültesi Dergisi,226,1301-3165,2636-8595,PAPER,,"İpek, A., Şahan, Ü., & Yılmaz, B. (2003). Japon bıldırcınlarında (Coturnix coturnix japonica) canlı ağırlık, erkek-dişi oranı ve anaç yaşının yumurta ağırlığı ve kuluçka sonuçlarına etkisi. Uludağ Üniversitesi Ziraat Fakültesi Dergisi, 17(1),13-22."
7857,1306619,22624714,39,159951,2012,5,İbrahim BALCIOĞLU; İbrahim ÜZÜN; Şafak TAKTAK,,,strong_trdizin_id,,no_doi,,İstanbulda tamamlanmış intihar olgularının psikolojik otopsisi,2012,Anadolu Psikiyatri Dergisi,5,1302-6631,,PAPER,,"39. Taktak Ş, Üzün İ, Balcıoğlu İ. [Determined of psychological autopsy of completed suicides in İstanbul] (in Turkish). Anatolian Journal of Psychiatry. 2012; 13:117-124."
7882,1168560,17123727,71,119557,2009,572,Aylin DURSUN; HÜLYA ŞAHİN BALTACI,,,strong_trdizin_id,,no_doi,,Okulöncesi öğretmenlerinin iş doyumları: Burdur örneği,2009,Mehmet Akif Ersoy Üniversitesi Eğitim Fakültesi Dergisi,572,,2146-5983,PAPER,,"Şahin, H. ve Dursun, A. (2009). Okul öncesi öğretmenlerinin iş doyumları: Burdur örneği. Mehmet Akif Ersoy Üniversitesi Eğitim Fakültesi Dergisi, 18, 160-179."
7920,1282717,21586935,22,145049,2013,644,Suat ŞENSOY; Aytekin EKİNCİALP,,,strong_trdizin_id,,no_doi,,VanGölü havzası fasulye genotiplerinin bazı bitkisel özelliklerinin belirlenmesi,2013,Yüzüncü Yıl Üniversitesi Tarım Bilimleri Dergisi,644,1308-7576,1308-7584,PAPER,,"23.Ekincialp, A., Şensoy, S., 2013. Van Gölü Havzası Fasulye Genotiplerinin Bazı Bitkisel Özelliklerinin Belirlenmesi. Yüzüncü Yıl Üniversitesi Tarım Bilimleri Dergisi 23(2):102- 111."
7954,1310145,22765269,18,208877,2016,721,Sezen KAMA,,,strong_trdizin_id,,no_doi,,"ParlamenterHükümet Sistemi Olarak ""Westminster Modeli"" Britanya Örneği Üzerine Bir Deneme",2016,Marmara Üniversitesi Hukuk Fakültesi Hukuk Araştırmaları Dergisi,721,2146-0590,2529-0142,PAPER,,"Kama S, “Parlamenter Hükümet Sistemi Olarak “Westminster Modeli” Britanya Örneği Üzerine Bir Deneme”, MÜHFHAD, C. 22, S. 2, 2016, ss. 61-201."
7977,1274725,21333079,15,1187087,2023,1445,Nazlı ERSOY,,,strong_trdizin_id,,no_doi,,BütünleşikÇKKV Yaklaşımı ile AB Ülkelerinin Yaşam Kalitesinin Değerlendirilmesi,2023,Karamanoğlu Mehmetbey Üniversitesi Sosyal ve Ekonomik Araştırmalar Dergisi,1445,1309-9132,2147-7833,PAPER,,"Ersoy, N. (2023a). Bütünleşik ÇKKV yaklaşımı ile AB ülkelerinin yaşam kalitesinin değerlendirilmesi. Karamanoğlu Mehmetbey Üniversitesi Sosyal ve Ekonomik Araştırmalar Dergisi, 25(44), 190-212."
8014,1215972,18984386,13,101615,2009,614,Faik Ahmet KARAVELİOĞULLARI,,,strong_trdizin_id,,no_doi,,Anew record Verbascum szovitsıanum Boiss. var. szovitsıanum (Scrophularıaceae) from Turkey,2009,Biological Diversity and Conservation,614,1308-5301,1308-8084,PAPER,,"[13] F. A. Karavelioğulları. “A new record Verbascum szovitsianum Boiss. var. szovitsianum (Scrophulariaceae) from Turkey.” Bio¬dicon., vol. 2, pp. 68–70, 2009."
8066,1250370,20100281,14,207064,2016,743,Osman KILINÇ; Birol ŞAFAK,,,strong_trdizin_id,,no_doi,,20102015 Yılları Arasında Kan Kültürlerinde Üreyen Mikroorganizmalar ve Antibiyotik Duyarlılıkları,2016,Klimik Dergisi,743,,1309-1484,PAPER,,"14. Şafak B, Kılınç O. 2010-2015 yılları arasında kan kültürlerinde üreyen mikroorganizmalar ve antibiyotik  duyarlılıkları. KLİMİK Dergisi. 2016;29(2):60-4."
8159,1285690,21739691,5,189888,2015,343,Davut KARAMAN; Hakan BAYRAKTAROĞLU; Adnan KALKAN,,,strong_trdizin_id,,no_doi,,KOBİLERESAĞLANAN TEŞVİKLERİN FİRMALARIN İHRACAT PERFORMANSINA KATKISI: ANTALYA ORGANİZE SANAYİ BÖLGESİ'NDE BİR UYGULAMA,2015,Akdeniz İİBF Dergisi,343,1302-9975,2667-7229,PAPER,,"Bayraktaroğlu, H., Karaman, D., Kalkan, A. (2015). Kobilere Sağlanan Teşviklerin Firmaların İhracat Performansına Katkısı: Antalya Organize Sanayi Bölgesinde Bir Uygulama. Akdeniz Üniversitesi Bilecik İktisadi ve İdari Bilimler Fakültesi. 89-108. https://dergipark.org.tr/en/download/article-file/372845"
8171,1269445,20898798,29,117785,2010,585,Gülay EKİCİ; Hülya GÜLAY OGELMAN,,,strong_trdizin_id,,no_doi,,MEBOkul öncesi eğitim programının çevre eğitimi açısından analizi,2010,Journal of Turkish Science Education,585,,1304-6020,PAPER,,"Gülay, H. ve Ekici, G. (2010). MEB okul öncesi eğitim programının çevre eğitimi açısından analizi. Türk Fen Eğitimi Dergisi, 7(1), 74-84."
8225,1329429,24116982,9,134451,2012,25,Mehmet Ali ÖZCAN; Fatih DEMİRKAN; Selda KAHRAMAN; Güner Hayri ÖZSAN; Özden PİŞKİN; Bülent ÜNDAR; Vahit DEMİR; Abdullah KATGI,,,strong_trdizin_id,,no_doi,,Kroniklenfositik lösemi hastalarının genel klinik değerlendirilmesi,2012,Dokuz Eylül Üniversitesi Tıp Fakültesi Dergisi,25,1300-6622,2602-3148,PAPER,,"Demir, V., Kahraman, S., Katgı, A., Pişkin, Ö., Özsan, G.H., Demirkan, F., Ündar, B., & Özcan, M.A. (2012) Kronik Lenfositik Lösemi Hastalarının Genel Klinik Değerlendirilmesi, DEU Tıp Derg., 26(1):9-19."
8227,1256294,20352839,7,133865,2012,541,L. GENÇ; K. DEMİREL; M. SAÇAN,,,strong_trdizin_id,,no_doi,,Effectsof different irrigation levels on pepper (Capsicum Annum Cv. Kapija) yield and quality parameters in semi-arid conditions,2012,Tekirdağ Ziraat Fakültesi Dergisi,541,1302-7050,2146-5894,PAPER,,"Demirel K, Genç L, Saçan M . 2012. Yarı kurak koşullarda farklı sulama düzeylerinin salçalık biberde (Capsicum annum cv. Kapija) verim ve kalite parametreleri üzerine etkisi. Tekirdağ Ziraat Fakültesi Dergisi, 9(2): 7-15."
8236,1229456,19483460,90,68555,2007,521,Muzaffer Ercan YILMAZ,,,strong_trdizin_id,,no_doi,,Westphaliadan Günümüze Savaş,2007,Uluslararası İlişkiler,521,1304-7310,,PAPER,,"Yılmaz, M. E. (2007). Westphalia’dan günümüze savaş, Uluslararası İlişkiler, 4(14), 17-38. Young, P. (2013). Oak, London: Reaktion Books."
8331,1195230,17617395,45,47484,2005,559,Bayram TAY,,,strong_trdizin_id,,no_doi,,SosyalBilgiler Ders Kitaplarında Öğrenme Stratejileri,2005,Gazi Üniversitesi Kırşehir Eğitim Fakültesi Dergisi,559,1302-5007,,PAPER,,"Tay, B. (2005). Sosyal bilgiler ders kitaplarında öğrenme stratejileri. Gazi Üniversitesi Kırşehir Eğitim Fakültesi Dergisi, 6(1), 209-225."
8338,1157694,17411128,56,130511,2011,586,Şenay GÜNGÖR; Recep BOZYİĞİT,,,strong_trdizin_id,,no_doi,,KonyaOvasının toprakları ve sorunları,2011,MARMARA COĞRAFYA DERGİSİ,586,,1303-2429,PAPER,,"56.Bozyiğit, R., Güngör, Ş. 2011. Konya Ovası’nın toprakları ve sorunları. Marmara Coğrafya Dergisi 24:169-200."
8418,1197991,17939287,9,109651,2011,195,Savaş SARIÖZKAN,,,strong_trdizin_id,,no_doi,,Türkiyede manda yetiştiriciliği'nin önemi,2011,Kafkas Üniversitesi Veteriner Fakültesi Dergisi,195,1300-6045,1309-2251,PAPER,,"Sarıözkan, S. (2011). Türkiye’de Manda Yetiştiriciliği’nin Önemi, Kafkas Üniv Vet Fak Derg, 17(1):163-166"
8472,1247245,20047421,1,190807,2014,1064,TÜLİN VURAL ARSLAN; FİLİZ ŞENKAL SEZER; Arzu ÇAHANTİMUR,,,strong_trdizin_id,,no_doi,,ALIŞVERİŞMERKEZLERİNDE KULLANICI MEMNUNİYETİNİN KONFOR KOŞULLARI AÇISINDAN DEĞERLENDİRİLMESİ: BURSA ÖRNEĞİ,2014,Uludağ Üniversitesi Mühendislik Fakültesi Dergisi,1064,2148-4147,2148-4155,PAPER,,"[1] Ş. F. Sezer, V. T. Arslan, A. Çahantimur, “Alışveriş merkezlerinde kullanıcı memnuniyetinin konfor koşulları açısından değerlendirilmesi: Bursa örneği,” Uludağ Üniversitesi Mühendislik-Mimarlık Fakültesi Dergisi, vol. 19, no. 1, pp. 81-95, 2014."
8541,1222678,19246245,10,265765,2016,1602,Serap ALTUNTAŞ; Fatma ER,,,strong_trdizin_id,,no_doi,,HemşirelerinTıbbi Hata Yapma Durumları ve Nedenlerine Yönelik Görüşlerinin Belirlenmesi,2016,Sağlık ve Hemşirelik Yönetimi Dergisi,1602,,2149-018X,PAPER,,"Er, F., Altuntaş, S. 2016. “Hemşirelerin tıbbi hata yapma durumları ve nedenlerine yönelik görüşlerinin belirlenmesi”, Sağlık ve Hemşirelik Yönetimi Dergisi, 3(3), 132-9."
8546,1245354,20029348,43,70285,2006,392,Hatice ŞAHİN,,,strong_trdizin_id,,no_doi,,TürkçedeŞimdiki Zaman Eklerinin Zaman Belirleyicilerle Kullanımı,2006,Uludağ Üniversitesi Fen Edebiyat Fakültesi Sosyal Bilimler Dergisi,392,1302-2423,2564-6834,PAPER,,"Şahin, Hatice, “Türkçede Şimdiki Zaman Eklerinin Zaman Belirleyicilerle Kullanımı”, Uludağ Üniversitesi Fen-Edebiyat Fakültesi Sosyal Bilimler Dergisi, 11, (2006), s. 213-221."
8557,1340078,24200690,5,157593,2013,693,Yasemin BABA,,,strong_trdizin_id,,no_doi,,Almanöğreti ve uygulaması ışığında vazgeçmede gönüllülük unsuru,2013,Türkiye Adalet Akademisi Dergisi,693,1309-6826,,PAPER,,"BABA, Yasemin: “Alman Öğreti ve Uygulaması Işığında Vazgeçmede Gönüllülük Unsuru”, Türkiye Adalet Akademisi Dergisi, 2013, Cilt 4, Sayı 14, s. 1125-1150."
8564,1376463,26295957,12,271137,2017,1958,Mert TOPOYAN; Olcay ÇELENK,,,strong_trdizin_id,,no_doi,,BirÜniversite Hastanesinde Görevli Hemşirelerin Problem Çözme Beceri Düzeylerinin İncelenmesi,2017,Dokuz Eylül Üniversitesi Hemşirelik Fakültesi Elektronik Dergisi,1958,,2149-0333,PAPER,,"12. Çelenk O, Topoyan M. Bir Üniversite Hastanesinde Görevli Hemşirelerin Problem Çözme Beceri Düzeylerinin İncelenmesi. Dokuz Eylül Üniversitesi Hemşirelik Fakültesi Elektronik Dergisi, 2017;10(4):251-259. https://dergipark.org.tr/en/download/article-file/752881. 12 Mayıs 2024’te erişildi."
8565,1199059,17830335,10,159320,2013,342,Nihal ÇALIŞKAN; Önder ÇANGAL,,,strong_trdizin_id,,no_doi,,Yabancılaratürkçe öğretiminde dil ihtiyaç analizi: Bosna-hersek örneği,2013,Abant İzzet Baysal Üniversitesi Eğitim Fakültesi Dergisi,342,1303-0493,2148-4929,PAPER,,"Çalışkan, N. ve Çangal, Ö. (2013). Yabancılara Türkçe Öğretiminde Dil İhtiyaç Analizi: Bosna Hersek Örneği. Abant İzzet Baysal Üniversitesi Eğitim Fakültesi Dergisi, 13(2), 310-334."
8570,1255311,20342647,2,81810,2008,295,Yılmaz AKYÜZ,,,strong_trdizin_id,,no_doi,,ManagingFinancial Instability in Emerging Markets: A Keynesian Perspective,2008,ODTÜ Gelişme Dergisi,295,1010-9935,2980-0870,PAPER,,"Akyüz, Y. (2008), “Managing Financial Instability in Emerging Markets: A Keynesian Perspective”, Turkish Economic Association Discussion Papers, 2008/4."
8572,1352122,24687542,11,273278,2017,1958,Güler DURU AŞİRET; Funda ÇETİNKAYA,,,strong_trdizin_id,,no_doi,,Dahilive Cerrahi Kliniklerindeki Hastaların Öğrenim Gereksinimlerinin Belirlenmesi,2017,Dokuz Eylül Üniversitesi Hemşirelik Fakültesi Elektronik Dergisi,1958,,2149-0333,PAPER,,"Çetinkaya F, Aşiret GD. Dahili ve cerrahi kliniklerindeki hastaların öğrenim gereksinimlerinin belirlenmesi [Identification of learning needs of patients in medical and surgical units]. Dokuz Eylül Üniversitesi Hemşirelik Fakültesi Elektronik Dergisi. 2017;10(2):93-9. [Link]"
8577,1381134,25798240,92,1269888,2023,3834,Şadiye YILDIRIM; Evren ÜLKERYILDIZ,,,strong_doi_crossref,10.5152/planarch.2023.23138,ok,10.5152/planarch.2023.23138,MimarlıkÖğrencilerinin Temel Tasarım Eğitiminde Edindikleri Tasarım İlkelerinin Algısal Değişimi Üzerine Bir İnceleme,2023,PLANARCH - Design and planning research (Online),3834,,2822-4507,PAPER,,"92. Tosun, Ş., Ülkeryıldız, E., Mimarlık Öğrencilerinin Temel Tasarım Eğitiminde Edindikleri Tasarım İlkelerinin Algısal Değişimi Üzerine Bir İnceleme, PLANARCH-Design and Planning Research, 7 (2), 153-162, 2023."
8661,1257557,20402314,52,82275,2008,116,Ahmet TOSUN; Metehan IRAK,,,strong_trdizin_id,,no_doi,,"Üstbilişölçeği-30'un Türkçe uyarlaması, geçerliği, güvenirliği, kaygı ve obsesif-kompülsif belirtilerle ilişkisi",2008,Türk Psikiyatri Dergisi,116,1300-2163,2651-3463,PAPER,,"Tosun, A., & Irak, M. (2008). Üstbiliş Ölçeği-30’un Türkçe uyarlaması, geçerliği, güvenirliği, kaygı ve obsesif-kompülsif belirtilerle ilişkisi. Turk Psikiyatri Derg, 19(1), 67–80. https://cdn.bau.edu.tr/ content/dri23hcv8zrft-dosyalar_16.pdf"
8667,1274616,21154953,24,85559,2008,378,Özlem BALTA ÇAKIR; Mehmet Barış HORZUM; Tuncay AYAS,,,strong_trdizin_id,,no_doi,,Çocuklarİçin Bilgisayar Oyun Bağımlılığı Ölçeği,2008,Türk Psikolojik Danışma ve Rehberlik Dergisi,378,1302-1370,,PAPER,,"Horzum, M. B., Ayas, T. & Çakır Balta, Ö. (2008). Çocuklar için bilgisayar oyun bağımlılığı ölçeği. Türk PDR (Psikolojik Danışma ve Rehberlik) Dergisi, 3(30), 76-88."
8711,1244350,20754812,36,1169211,2022,872,Qaisar NASRAT,,,strong_trdizin_id,,no_doi,,CRYONICSTIP HUKUKUNDA TARTIŞMALI BİR KONU,2022,Tıp Hukuku Dergisi,872,2147-1045,2149-4193,PAPER,,"Nasrat, Qaisar. Cryonics: Tıp Hukukunda Tartışmalı Bir Konu. Tıp Hukuku Dergisi, 3/ 22 (2022): 399-410."
8783,1247806,20072311,18,92319,2009,334,GÖNÜL ONUR SEZER; Dilşen ONSEKİZ,,,strong_trdizin_id,,no_doi,,Kumarlısemt parkında tasarım özelliklerinin değerlendirilmesi,2009,"İTÜ Dergisi Seri A: Mimarlık, Planlama, Tasarım",334,1303-7005,1307-1645,PAPER,,"Onsekiz, D. and Sezer, O. (2009). Kumarlı semt parkında tasarım özelliklerinin değerlendirilmesi, itüdergisi/a mimarlık, planlama, tasarım, 8(2), 3-14."
8826,1304519,22555018,9,388598,2018,848,Güçgeldi BASHIMOV,,,strong_trdizin_id,,no_doi,,KAZAKİSTANIN BAKIR SEKTÖRÜNDEKİ REKABET GÜCÜNÜN ÖLÇÜLMESİ,2018,Ekonomik ve Sosyal Araştırmalar Dergisi,848,1306-2174,1306-3553,PAPER,,"Bashimov G. 2018. Kazakistan’ın bakır sektöründeki rekabet gücünün ölçülmesi. Ekon Sos Araş Derg, Özel Sayı, 55-68."
8854,1375844,25643159,80,122813,2011,692,MEHMET ŞİMŞİR,,,strong_trdizin_id,,no_doi,,HZPeygamber ve Raşid Halifeler döneminde özel iz ve işaret olarak kullanılan parola ve bayraklar,2011,İstem,692,1304-0618,2602-408X,PAPER,,"Şimşir, Mehmet. “Hz. Peygamber ve Râşid Halifeler Döneminde Özel İz ve İşaret Olarak Kullanılan Parola ve Bayraklar”. İSTEM 17 (2011), 155-175."
8858,1319539,23352293,21,71424,2007,138,Ayşen BAYRAM; TEKİN KARSLIGİL; Fahriye EKŞİ,,,strong_trdizin_id,,no_doi,,Çocuklukyaş grubu ishallerinde Escherichia coli O157:H7’nin araştırılması,2007,Van Tıp Dergisi,138,1300-2694,2587-0351,PAPER,,"21. Ekşi F, Karslıgil T, Bayram A. Investigation of Escherichia coli O157:H7 in childhood age group diarrhea. Van Med J 2007;14:15-8."
8924,1343314,24341977,2,191747,2014,1045,Ebru GÜNEREN; Gamze ÇOBAN; Zeynep ASLAN,,,strong_trdizin_id,,no_doi,,DestinasyonMarkalaşma Sürecinde Yöresel Mutfağın Rolü: Nevşehir Örneği,2014,Journal of Tourism and Gastronomy Studies,1045,,2147-8775,PAPER,,"(2) Aslan, Zeynep - Güneren, Ebru ve Çoban, Gamze (2014), “Destinasyon Markalaşma Sürecinde Yöresel Mutfağın Rolü: Nevşehir Örneği”, Journal of Tourism and Gastronomy Studies, 2/4, 3-13."
8925,1343314,24342009,34,296103,2012,664,Adem SAĞIR,,,strong_trdizin_id,,no_doi,,BİRYEMEK SOSYOLOJİSİ DENEMESİ ÖRNEĞİ OLARAK TOKAT MUTFAĞI,2012,Turkish Studies (Elektronik),664,,1308-2140,PAPER,,"(34) Sağır, Adem (2012), “Bir Yemek Sosyolojisi Denemesi Örneği Olarak Tokat Mutfağı”, International Periodical for the Languages, Literature and History of Turkish, 7/4, 2675-2695."
8957,1221063,18809019,9,323582,2018,801,Bekir GEÇİT,,,strong_trdizin_id,,no_doi,,İbnHaldun'da Siyasal Gücün Kullanılmasında 'Asa-biyet'in Önemi,2018,Beytulhikme An International Journal of Philosophy,801,,1303-8303,PAPER,,"GEÇİT, Bekir (2018). “İbn Haldun’da Siyasal Gücün Kullanılmasında ‘Asabiyet’in Önemi”, Beytülhikme Uluslararası Felsefe Dergisi, Cilt: 8, Sayı: 2, ss.619-639."
9386,1211670,18462304,40,148080,2013,407,Patrick RONEY,,,strong_trdizin_id,,no_doi,,Transcendenceand life: Nietzsche on the death of god,2013,Kaygı. Uludağ Üniversitesi Fen-Edebiyat Fakültesi Felsefe Dergisi,407,1303-4251,2645-8950,PAPER,,"Roney, Patrick. “Aşkınlık ve Yaşam: Nietzsche ve ‘Tanrının Ölümü’ Üzerine”. çev. Elis Şimşon. Kaygı 20 (2013), 305-322."
9410,1179846,16860188,37,1156266,2021,399,Emre YILDIZ; Sinan AKDAĞ; Yeter ÜNLÜ,,,strong_doi_not_crossref_verified,10.7822/omuefd.747484,not_found,,ÖğretmenAdaylarının Günümüz Dünya Sorunlarına Yönelik Tutumlarının Bazı Değişkenler Açısından İncelenmesi,2021,Ondokuz Mayıs Üniversitesi Eğitim Fakültesi Dergisi,399,1300-302X,2548-0278,PAPER,,"Yıldız, E., Akdağ, S., & Ünlü, Y. (2021). Öğretmen adaylarının günümüz dünya sorunlarına yönelik tutumlarının bazı değişkenler açısından incelenmesi. Ondokuz Mayıs Üniversitesi Eğitim Fakültesi Dergisi, 40(1), 497–517."
9426,1282955,21581038,17,106291,2010,501,Sibel GÜLER,,,strong_trdizin_id,,no_doi,,Türkmutfak kültürü ve yeme içme alışkanlıkları,2010,Dumlupınar Üniversitesi Sosyal Bilimler Dergisi,501,,2587-005X,PAPER,,"Güler, S. (2010). Türk mutfak kültürü ve yeme içme alışkanlıkları. Dumlupınar Üniversitesi Sosyal Bilimler Dergisi, 26, 24-30."
9462,1278068,21302635,18,422267,2020,1008,Muzaffer BİMAY,,,strong_doi_not_crossref_verified,10.18506/anemon.772594,not_found,,SuriyeliSığınmacıların Sosyo-Ekonomik ve Kültürel Uyum Düzeylerinin Karşılaştırılması: Kilis ve Batman Örneği,2020,Anemon Muş Alparslan Üniversitesi Sosyal Bilimler Dergisi,1008,2147-7655,2149-4622,PAPER,,"Bimay, M. (2020b). Suriyeli Sığınmacıların Sosyo-Ekonomik ve Kültürel Uyum Düzeylerinin Karşılaştırılması: Kilis ve Batman Örneği. Anemon Muş Alparslan Üniversitesi Sosyal Bilimler Dergisi, 8 (6), 1931-1943."
9545,1187921,17238006,27,39936,2005,362,ŞERİFE SEMA KARAKELLE,,,strong_trdizin_id,,no_doi,,ÖğretmenlerinEtkili Öğretmen Tanımlarının Etkili Öğretmenlik Boyutlarına Göre İncelenmesi,2005,Eğitim ve Bilim,362,1300-1337,,PAPER,,"Karakelle, S. (2005). Öğretmenlerin etkili öğretmen tanımlarının etkili öğretmenlik boyutlarına göre incelenmesi. Eğitim ve Bilim, 30(135). 1-10."
9599,1343589,24355667,33,43722,2002,208,Ali Yıldırım KORKUT; Fırat Aysun KOP,,,strong_trdizin_id,,no_doi,,Balıkyemlerinde kalite kontrol,2002,Su Ürünleri Dergisi,208,1300-1590,2148-3140,PAPER,,"Kop, A. F., & Korkut, A. Y. (2002). Balık Yemlerinde Kalite Kontrol. Su   U ¨  r  u ¨  nleri Dergisi, 19(1)."
9609,1321842,23463044,65,64989,2006,1230,Mustafa KURU; Nigün TATAR,,,strong_trdizin_id,,no_doi,,FenEğitiminde Araştırmaya Dayalı Öğrenme Yaklaşımının Akademik Başarıya Etkisi,2006,Hacettepe Üniversitesi Eğitim Fakültesi Dergisi,1230,1300-5340,2536-4758,PAPER,,"Tatar, N. ve Kuru, M. (2006). Fen eğitiminde araştırmaya dayalı öğrenme yaklaşımının akademik başarıya etkisi. Hacettepe Üniversitesi Eğitim Fakültesi Dergisi, 31(31), 147-158."
9665,1275313,21184127,53,1156265,2021,399,Esat ŞANLI; Murat GÖKALP; Atakan YİĞİT,,,strong_doi_not_crossref_verified,10.7822/omuefd.856750,not_found,,"Türkiyedeki Suriyeli Öğrencilerin Okula Uyumlarına Yönelik Öğretmen, Okul Yöneticileri ve Öğrencilerin Görüşleri",2021,Ondokuz Mayıs Üniversitesi Eğitim Fakültesi Dergisi,399,1300-302X,2548-0278,PAPER,,"Yiğit, A., Şanlı, E. ve Gökalp, M. (2021). Türkiye’deki Suriyeli öğrencilerin okula uyumlarına yönelik öğretmen, okul yöneticileri ve öğrencilerin görüşleri. Ondokuz Mayıs Üniversitesi Eğitim Fakültesi Dergisi, 40(1), 471-496."
9730,1169560,17392285,10,409187,2020,681,Ali Cem BUDAK,,,strong_trdizin_id,,no_doi,,1879TARİHLİ ESKİ MEDENİ USUL KANUNUMUZA GÖRE İSTİNAF MAHKEMESİNİN DOSYAYI İLK DERECE MAHKEMESİNE GÖNDERMESİ,2020,Medenî Usûl ve İcra - İflâs Hukuku Dergisi,681,1306-1224,2149-4215,PAPER,,"Budak A C, “1879 Tarihli Eski Medeni Usul Kanunumuza Göre İstinaf Mahkemesinin Dosyayı İlk Derece Mahkemesine Göndermesi”, C. 16, S. 46, 2020, Medenî Usûl ve İcra İflâs Hukuku Dergisi, ss. 449-462."
9763,1340985,24235519,21,2395,2002,387,Murat YILMAZ,,,strong_trdizin_id,,no_doi,,LotkaYasası ve Türkiye'de Kütüphane ve Bilgi Bilimi Literatürü,2002,Türk Kütüphaneciliği,387,1300-0039,2147-9682,PAPER,,"Yılmaz, Murat. “Lotka Yasası ve Türkiye’de Kütüphane ve Bilgi Bilimi Literatürü”. Türk Kütüphaneciliği 16, sy.1 (2002): 61-69."
9791,1222162,18855232,28,404360,2018,341,Esra TEKEZ KURT,,,strong_trdizin_id,,no_doi,,FAILUREMODES AND EFFECTS ANALYSIS USING FUZZY TOPSIS IN KNITTING PROCESS,2018,Tekstil ve Konfeksiyon,341,1300-3356,2602-3075,PAPER,,"28. Tekez, E.K. (2018) Failure modes and effects analysis using fuzzy TOPSIS in knitting process, Tekstil ve Konfeksiyon, 28(1), 21-26."
9822,1375948,25646690,4,95359,2009,370,Refika DELİORMAN BAKOĞLU; İlknur BOZ TAŞTAN; İhsan YİĞİT; Sebahattin YILDIZ,,,strong_trdizin_id,,no_doi,,Tükenmişliğiölçmede alternatif bir araç: Kopenhag tükenmişlik envanterinin Marmara Üniversitesi Akademik personeli üzerine uyarlaması,2009,Yönetim Dergisi:İstanbul Üniversitesi İşletme Fakültesi İşletme İktisadı Enstitüsü,370,1302-4221,,PAPER,,"Bakoğlu-Deliorman, R., Taştan-Boz, İ., Yiğit, İ., & Yıldız, S. (2009). Tükenmişliği ölçmede alternatif bir araç: Kopenhag Tükenmişlik Envanterinin Marmara Üniversitesi akademik personeli üzerine uyarlaması. İstanbul Üniversitesi Yönetim Dergisi, 20(63), 77-98."
9967,1199956,17891530,6,250918,2015,1230,Selahattin GELBAL; N. Bilge BAŞUSTA,,,strong_trdizin_id,,no_doi,,GruplararasıKarşılaştırmalarda Ölçme Değişmezliğinin Test Edilmesi: PISA Öğrenci Anketi Örneği,2015,Hacettepe Üniversitesi Eğitim Fakültesi Dergisi,1230,1300-5340,2536-4758,PAPER,,"Başusta, N. B., & Gelbal, S. (2015). Gruplar arası karşılaştırmalarda ölçme değişmezliğinin test edilmesi: PISA öğrenci anketi örneği [Examination of Measurement Invariance at Groups’ Comparisons: A Study on PISA Student Questionnaire]. Hacettepe Üniversitesi Eğitim Fakültesi Dergisi, 30(4), 80-90."
