sample_index,publication_id,reference_id,match_status,match_score,yok_tez_no,yok_title,yok_author,yok_year,yok_university,yok_url,raw_context
7,1368239,25368331,strong,0.828,464647,Türkiye' de 1923-1950 dönemi ulus devlet yapılanması ve gençlik politikaları,ESRA TANĞ,2017,BALIKESİR ÜNİVERSİTESİ / ,https://tez.yok.gov.tr/UlusalTezMerkezi/tezDetay.jsp?id=EAXNOqS2c8nWlesJ1edf4Q,"Tanğ, E. (2017). Türkiye’de 1923–1950 dönemi ulus devlet yapılanması ve gençlik politikaları [Nation-state formation and youth policies in Turkey during 1923–1950] (Unpublished master’s thesis). Balıkesir Üniversitesi, Sosyal Bilimler Enstitüsü, Sosyoloji ABD, Balıkesir."
77,1287910,22427162,no_match,0.0,,,,,,,"Twomey, C. (2018). Ceramics Collections-Exploring Object Engagement Beyond The Known Historic Models of Clay Practice. Westminster Üniversitesi Doktora Tezi"
166,1195235,17617663,strong,1.0,627934,"Evaluation of an English preparatory program through the context, input, process, and product (CIPP) model",ESAT KUZU,2020,ÇUKUROVA ÜNİVERSİTESİ / ,https://tez.yok.gov.tr/UlusalTezMerkezi/tezDetay.jsp?id=bY0x0HA9svbFDImACz7bTA,"Kuzu, E. (2020). Evaluation of an English preparatory program through the context, input, process, and product (CIPP) model [Unpublished master’s thesis]. Cukurova University."
169,1336550,24083190,strong,1.0,249753,"Yatılı ilköğretim bölge okullarındaki yöneticilerin, öğretmenlerin ve diğer çalışanların sinerjik yönetime ilişkin görüşleri",YAKUP GÜRLEK,2010,GAZİOSMANPAŞA ÜNİVERSİTESİ / ,https://tez.yok.gov.tr/UlusalTezMerkezi/tezDetay.jsp?id=2yp_OfcZUE2-pnVWt7_3Ow,"Gürlek, Y. (2010). Yatılı ilköğretim bölge okullarındaki yöneticilerin, öğretmenlerin ve diğer çalışanların sinerjik yönetime ilişkin görüşleri (Yüksek Lisans Tezi). Gaziosmanpaşa Üniversitesi, Eskişehir."
188,1228598,19469154,no_match,0.0,,,,,,,"[38] M. A. Sayeed, “Fish biodiversity in the Chalan Beel a natural depression in North West Bangladesh,” PhD Thesis, Department of Fisheries Biology and Genet- ics, Bangladesh Agricultural University, Mymens- ingh, Article 64, 2010."
225,1268679,20858211,strong,1.0,288146,"İlköğretim okullarındaki öğretmenlerin okul kültürü algıları ile örgütsel sinizm tutumları arasındaki ilişki (İstanbul ili, Esenyurt ilçesi örneği)",ERSİN ŞİRİN,2011,YEDİTEPE ÜNİVERSİTESİ / ,https://tez.yok.gov.tr/UlusalTezMerkezi/tezDetay.jsp?id=LfYCvAJoIpwH97gj3JqoLw,"Şirin, E. (2011). İlköğretim okullarındaki öğretmenlerin okul kültürü algıları ile örgütsel sinizm tutumları arasındaki ilişki. (Tez No. 288146) [Yüksek lisans tezi, Yeditepe Üniversitesi]. Yükseköğretim Kurulu Ulusal Tez Merkezi."
280,1343486,24352156,no_match,0.0,,,,,,,"39. V. Torczon, Multi-directional Search: A Direct Search Algorithm for Parallel Machines, Ph.D. dissertation. Houston, TX, USA: Rice University, 1989."
319,1377979,25703541,strong,0.928,524063,Değerler eğitimi bağlamında mahremiyet eğitimi,HÜSEYİN EMRE DURAN,2018,ONDOKUZ MAYIS ÜNİVERSİTESİ / ,https://tez.yok.gov.tr/UlusalTezMerkezi/tezDetay.jsp?id=aMBvOLljQRDfQ41upNRBkw,"Duran, Hüseyin Emre. Değerler Eğitimi Bağlamında Mahremiyet Eğitimi. Samsun: Samsun Ondokuz Mayıs Üniversitesi, Sosyal Bilimler Enstitüsü, Yüksek Lisans Tezi, 2018."
352,1353628,24751090,strong,1.0,683532,"Ergenlerde siber zorbalığa maruz kalma düzeyleri açısından benlik saygısı, narsisizm ve empatik öfkenin siber zorbalığa maruz bırakma üzerindeki etkisi",ZEYNEP ALİYE VATANSEVER,2021,FATİH SULTAN MEHMET VAKIF ÜNİVERSİTESİ / ,https://tez.yok.gov.tr/UlusalTezMerkezi/tezDetay.jsp?id=N6TMdSJEkIKKKMQyYjY6gw,"Vatansever, Z. A. (2021). Ergenlerde siber zorbalığa maruz kalma düzeyleri açısından benlik saygısı, narsisizm ve empatik öfkenin siber zorbalığa maruz bırakma üzerindeki etkisi (Yayımlanmamış yüksek lisans tezi). Fatih Sultan Mehmet Vakıf Üniversitesi, İstanbul."
373,1269139,21000762,no_match,0.0,,,,,,,"Gencan, Y. (2015). Piyasa Gözetimi ve Denetiminde Düzeltici Faaliyet Uygulamaları. Uzmanlık Tezi. Bilim, Sanayi ve Teknoloji Bakanlığı."
379,1198238,17844890,strong,0.77,419235,Turistik ürün çeşidi olarak helal turizm konsepti uygulayan konaklama tesislerinde müşteri algıları,MUSA OFLAZ,2015,BALIKESİR ÜNİVERSİTESİ / ,https://tez.yok.gov.tr/UlusalTezMerkezi/tezDetay.jsp?id=NtTfCUlQqC-oLdFU_5Ga9A,"Oflaz, M. (2015). Turistik Ürün Çeşidi Olarak Helal Turizm Konsepti Uygulayan Konaklama Tesislerinde Müşteri Algıları, Balıkesir Üniversitesi Sosyal Bilimler Enstitüsü Yayımlanmış Yüksek Lisans Tezi, Balıkesir. ss. 43-44."
399,1171850,16523665,strong,1.0,446331,"İlkokul matematik derslerinde şarkı kullanımının öğrencilerin başarı, tutum ve sözcük dağarcığı üzerindeki etkisi",NİLÜFER TAN,2016,ADNAN MENDERES ÜNİVERSİTESİ / ,https://tez.yok.gov.tr/UlusalTezMerkezi/tezDetay.jsp?id=LAGlbMlqHdvFFQSTBL0RBQ,"Tan, N. (2016). İlkokul Matematik Derslerinde Şarkı Kullanımının Öğrencilerin Başarı, Tutum ve Sözcük Dağarcığı Üzerindeki Etkisi, (Yayımlanmamış Yüksek Lisans Tezi), Adnan Menderes Üniversitesi, Aydın."
468,1310431,22776347,strong,1.0,492301,"5. sınıf ""Canlılar dünyasını gezelim ve tanıyalım"" ünitesinin klasik eğitsel oyunlar ve teknoloji destekli eğitsel oyunlarla öğretiminin değerlendirilmesi",EVŞEN AYMEN PEKER,2018,ONDOKUZ MAYIS ÜNİVERSİTESİ / ,https://tez.yok.gov.tr/UlusalTezMerkezi/tezDetay.jsp?id=IDdGWfn1xj3glqpeMN3h4g,"Peker Aymen, E. (2018). 5. sınıf ""Canlılar dünyasını gezelim ve tanıyalım"" ünitesinin klasik eğitsel oyunlar ve teknoloji destekli eğitsel oyunlarla öğretiminin değerlendirilmesi (Tez No: 492301). [Doktora Tezi, Ondokuz Mayıs Üniversitesi]."
505,1197883,17818310,no_match,0.0,,,,,,,"8. Liu, H., Effect of concrete strength on the response of ductile shear walls. (Doktora tezi). McGill University, Montréal, Canada, 2004."
529,1328069,23723659,no_match,0.0,,,,,,,"Ramos, Thiago Moutinho. Reinsurance contracts and back to back presumption: A comparative study between English and Norwegian law, LL. M. Thesis, Oslo: University of Oslo Faculty of Law, 2013."
551,1287699,21839772,strong,1.0,496217,Bor minerali atığı katkılı polipropilen  kompozit malzemelerin mekanik ve  tribolojik özelliklerinin incelenmesi,MURAT ÖZTÜRK,2018,SAKARYA ÜNİVERSİTESİ / ,https://tez.yok.gov.tr/UlusalTezMerkezi/tezDetay.jsp?id=ocQSxyAcxx7eU_E5C3em2g,"Öztürk, M. (2018). Bor minerali atığı katkılı polipropilen kompozit malzemelerin mekanik ve tribolojik özelliklerinin incelenmesi (Yüksek lisans tezi). Sakarya Üniversitesi Fen Bilimleri Enstitüsü, Sakarya."
578,1201816,17955996,no_match,0.0,,,,,,,"Baki, N. (2018). Zekâ oyunları dersinde uygulanan geometrikmekanik oyunların öğrencilerin akademik öz yeterlik ve problem çözme becerilerine etkisi (Yayımlanmamış yüksek lisans tezi). Kırıkkale Üniversitesi, Kırıkkale."
579,1201816,17956013,no_match,0.0,,,,,,,"Demirel, T. (2015). Zekâ oyunlarının Türkçe ve matematik derslerinde kullanılmasının ortaokul öğrencileri üzerindeki bilişsel ve duyuşsal etkilerinin değerlendilirmesi (Yayımlanmamış doktora tezi). Atatürk Üniversitesi, Erzurum."
580,1201816,17956018,no_match,0.0,,,,,,,"Dokumacı Sütçü, N. (2017). Zekâ oyunlarının ortaokul 7. sınıf öğrencilerinin uzamsal yeteneklerine ve uzamsal yetenek özdeğerlendirmelerine etkisi (Yayımlanmamış doktora tezi). Dicle Üniversitesi, Diyarbakır."
581,1201816,17956054,no_match,0.0,,,,,,,"Yöndemli, E. N. (2018). Zekâ oyunlarının (strateji ve geometri) ortaokul düzeyindeki öğrencilerde matematiksel muhakeme yeteneğine ve matematik dersinde gösterilen çabaya etkisi (Yayımlanmamış yüksek lisans tezi). Kırıkkale Üniversitesi, Kırıkkale."
603,1331433,23875230,no_match,0.0,,,,,,,"Tankız, K. D. (2011). Müzik öğretmenliği programı özel yetenek sınavına başvuran adayların başarı durumlarının çeşitli değişkenlere göre incelenmesi [Yayımlanmamış yüksek lisans tezi]. İnönü Üniversitesi."
607,1250615,20182730,no_match,0.0,,,,,,,"Gagné, P. E. (2004). Generalized confirmatory factor mixture models: A tool for assessing factorial invariance across unspecified populations [Unpublished doctoral dissertation]. University of Maryland, College Park."
634,1283400,21613126,strong,1.0,421058,Sınır ve eşik olarak duvar,TUĞÇE ALKAYA,2015,İSTANBUL TEKNİK ÜNİVERSİTESİ / ,https://tez.yok.gov.tr/UlusalTezMerkezi/tezDetay.jsp?id=BaqWjo72H7SfskRMJd3TDQ,"Alkaya, T. (2015). Sınır ve eşik olarak duvar [Master’s thesis]. Istanbul Technical University."
654,1267040,21102682,strong,1.0,520145,İlkokul düzeyindeki üstün yetenekli öğrencilere yönelik destek eğitim odasının yürütülmesinde karşılaşılan sorunlar ve sorunlara yönelik çözüm müdahaleleri,ERCAN ÖPENGİN,2018,ANADOLU ÜNİVERSİTESİ / ,https://tez.yok.gov.tr/UlusalTezMerkezi/tezDetay.jsp?id=ky18BBkPUZZoj9HEYxmbFQ,"Öpengin, E. (2018). İlkokul düzeyindeki üstün yetenekli öğrencilere yönelik destek eğitim odasının yürütülmesinde karşılaşılan sorunlar ve sorunlara yönelik çözüm müdahaleleri (Tez No. 520145) [Doktora tezi, Anadolu Üniversitesi-Eskişehir]. Yükseköğretim Kurulu Ulusal Tez Merkezi."
690,1165219,16251961,strong,0.989,375360,Lise öğrencilerinde  depresyon düzeyi ve anne baba tutumu arasındaki ilişkisinin incelenmesi,SEVİNJ MUTALLİMOVA,2014,İSTANBUL AREL ÜNİVERSİTESİ / ,https://tez.yok.gov.tr/UlusalTezMerkezi/tezDetay.jsp?id=oPoQwBsY5XW9D8Ouk5iKMw,"Mutallimova, S. (2014). Lise öğrencilerinde depresyon düzeyi ve anne baba tutumu arasındaki ilişkinin incelenmesi (Yüksek lisans tezi). İstanbul Arel Üniversitesi Sosyal Bilimler Enstitüsü, İstanbul."
691,1165219,16251981,strong,1.0,569172,Ebeveyn tutumları ile çocukların öz düzenlemeleri arasındaki ilişki incelenmesi,EDA UYKAN,2019,İSTANBUL AYDIN ÜNİVERSİTESİ / ,https://tez.yok.gov.tr/UlusalTezMerkezi/tezDetay.jsp?id=XnPDLAIIIZnMFvi5sk1L8Q,"Uykan, E. (2019). Ebeveyn tutumları ile çocukların öz düzenlemeleri arasındaki ilişki incelenmesi (Yüksek lisans tezi). İstanbul Aydın Üniversitesi Sosyal Bilimler Enstitüsü, İstanbul."
700,1215894,18979958,strong,1.0,356679,Görsel sanatlar ders amaçlarının gerçekleşmesinde öğretmenlerinin karşılaştıkları sorunların incelenmesi: Ankara ili Gölbaşı ilçesi örneği,ESRA GÖÇMEN,2014,GAZİ ÜNİVERSİTESİ / ,https://tez.yok.gov.tr/UlusalTezMerkezi/tezDetay.jsp?id=StYaI-e0v8ShCrdXw9NIuA,"Göçmen, E. (2014). Görsel sanatlar ders amaçlarının gerçekleşmesinde öğretmenlerinin karşılaştıkları sorunların incelenmesi (Ankara ili Gölbaşı ilçesi örneği) [Yayımlanmamış yüksek lisans tezi]. Gazi Üniversitesi."
709,1224320,19337186,no_match,0.0,,,,,,,"Işık, S. (2019). Dijital çağda kuşaklararası farklılıklar ve z kuşağı: Dijital yerliler ve dijital göçmenlerin teknoloji kullanım özelliklerine yönelik bir araştırma. Yüksek lisans tezi, Ege Üniversitesi, Sosyal Bilimler Enstitüsü, İzmir, Türkiye."
777,1354814,24797987,no_match,0.0,,,,,,,"Çeçen, H. (1996). Fıtnat Hanım hayatı-sanatı ve divanı inceleme-metin, Yayınlanmamış Yüksek Lisans Tezi, İnönü Üniversitesi, Sosyal Bilimler Enstitüsü: Malatya."
943,1375766,25640873,strong,0.994,287706,Türk basınında 1946-1950 dönemi Demokrat Parti'nin demokrasi konusundaki muhalefeti,AYŞE NUR MENEKŞE ÇALIKÇI,2000,İSTANBUL ÜNİVERSİTESİ / ,https://tez.yok.gov.tr/UlusalTezMerkezi/tezDetay.jsp?id=dNQ03fiW4I72bfyZNQzq9A,"Menekşe, A.N. (2000), Türk basınında 1946-1950 dönemi Demokrat Parti’nin demokrasi konusundaki muhalefeti (Yayımlanmamış Yüksek Lisans Tezi). İstanbul Üniversitesi, Sosyal Bilimler Enstitüsü, İstanbul."
956,1277668,21282636,no_match,0.0,,,,,,,"Kaya E S, “Hanefi Mezhebinde Nevazil Literatürünün Doğuşu ve Ebu’l-Leys es-Semerkandî’nin Kitâbu’n-Nevâzil’i”, yayımlanmamış yüksek lisans tezi, Marmara Üniversitesi, Sosyal Bilimler Enstitüsü, İstanbul, 1996."
969,1196888,17719348,strong,0.933,634428,Mitos ile Logos aksında yaratılış kıssasının fenomenolojik analiz ve sentezi,RUKİYE KILIÇ,2020,ÇANAKKALE ONSEKİZ MART ÜNİVERSİTESİ / ,https://tez.yok.gov.tr/UlusalTezMerkezi/tezDetay.jsp?id=938x8MEVvu8FFbwbWP7T-Q,"Kılıç, Rukiye. Mitos İle Logos Aksında Yaratılış Kıssasının Fenomenolojik Analiz Ve Sentezi. Çanakkale: Onsekiz Mart Üniversitesi, Sosyal Bilimler Enstitüsü, Yüksek Lisans Tezi, 2020."
974,1154316,16126084,no_match,0.0,,,,,,,"UYSAL, Yavuz, Hakas Masalları(İnceleme-Metinler), Erciyes Üniversitesi Sosyal Bilimler Enstitüsü (Yayımlanmış Doktora Tezi), Kayseri 2014."
980,1369846,25424875,strong,1.0,220166,1980 sonrası Türk sineması ve Yavuz Turgul,SEDEF BAYBURTLUOĞLU,2005,MİMAR SİNAN GÜZEL SANATLAR ÜNİVERSİTESİ / ,https://tez.yok.gov.tr/UlusalTezMerkezi/tezDetay.jsp?id=hlZjJMhKPiUvqyMVc19eOQ,"Bayburtoğlu, S. (2005). 1980 sonrası Türk sineması ve Yavuz Turgul. (Yayımlanmamış Yüksek Lisans Tezi). Mimar Sinan Güzel Sanatlar Üniversitesi Sosyal Bilimler Enstitüsü, İstanbul."
1083,1315860,23137666,no_match,0.0,,,,,,,"Alp, G. B. (2023). Sınıf öğretmenlerinin zekâ oyunlarına yönelik tutumlarının ve öğretim süreçlerinde zekâ oyunlarından yararlanma durumlarının incelenmesi [Yayımlanmamış Yüksek Lisans Tezi, Ege Üniversitesi]. Ulusal Tez Merkezi."
1084,1315860,23137716,strong,0.944,190239,İlköğretim 4. ve 5. sınıf satranç bilen ve bilmeyen öğrencilerin doğal sayılara ilişkin dört işlem ve problem çözme başarılarının karşılaştırılması,REŞAT SADIK,2006,ABANT İZZET BAYSAL ÜNİVERSİTESİ / ,https://tez.yok.gov.tr/UlusalTezMerkezi/tezDetay.jsp?id=p73R8kdGSApuy76N0V9fZQ,"Sadık, R. (2006). İlköğretim 4. ve 5. sınıf satranç bilen öğrenciler ile satranç bilmeyen öğrencilerin doğal sayılara ilişkin dört işlem ve problem çözme başarılarının karşılaştırılması [Yayımlanmamış Yüksek Lisans Tezi, Abant İzzet Baysal Üniversitesi]. Ulusal Tez Merkezi."
1088,1260416,20920036,strong,1.0,669603,Ortaokul öğrencilerinin ısı ve sıcaklık konusundaki kavram yanılgılarını gidermede probleme dayalı öğrenme yönteminin etkisi,AYDANUR YILMAZEL,2021,MERSİN ÜNİVERSİTESİ / ,https://tez.yok.gov.tr/UlusalTezMerkezi/tezDetay.jsp?id=YRu59nod-v7jAmiYESHCOg,"Yılmazel, A. (2021). Ortaokul öğrencilerinin ısı ve sıcaklık konusundaki kavram yanılgılarını gidermede probleme dayalı öğrenme yönteminin etkisi (Yayımlanmamış yüksek lisans tezi). Mersin Üniversitesi, Eğitim Bilimleri Enstitüsü, Mersin."
1116,1370634,25453769,no_match,0.0,,,,,,,"Çevik, E.B. (2006). Diyarbakır koşullarında silaj amacıyla yetiştirilebilecek mısır çeşitlerinin bazı tarımsal karakterlerinin saptanması. Yüzüncü Yıl Üniversitesi, Fen Bilimleri Enstitüsü, Yüksek Lisans Tezi, Tarla Bitkileri Ana Bilim Dalı, Van."
1127,1306501,22620830,no_match,0.0,,,,,,,"Aslan, F. Hacı Bektaş-ı Veli’nin Düşünce Dünyası. Sivas: Cumhuriyet Üniversitesi, Yüksek Lisans Tezi, 2007."
1155,1186067,17200005,no_match,0.0,,,,,,,"Durusoy Öztepe, N. (2018). Ev Eksenli Çalışan Kadınlar ve Denizli Örneği. Yayınlanmış Doktora Tezi, Sosyal Bilimler Enstitüsü, Ankara Üniversitesi: Ankara."
1192,1269854,20986161,strong,1.0,371636,"Kentsel dönüşümün ekonomik, mekânsal, sosyal etkileri ve kamunun rolü:Ankara Gültepe (Çinçin) örneği",AYŞE TUĞBA AÇIKGÖZ,2014,GAZİ ÜNİVERSİTESİ / ,https://tez.yok.gov.tr/UlusalTezMerkezi/tezDetay.jsp?id=YVrAckhpojbusi5kSY2krA,"Açıkgöz, A. T. (2014). Kentsel dönüşümün ekonomik, mekânsal, sosyal etkileri ve kamunun rolü:Ankara Gültepe (Çinçin) örneği (Yüksek Lisans Tezi, Tez No: 371636), Ankara: Gazi Üniversitesi, Fen Bilimleri Enstitüsü."
1216,1245514,20674476,no_match,0.0,,,,,,,"Braskerud, A. & Jarbo, A.B. (2018). Capital Structure Decisions in Energy Companies Listed on the Oslo Stock Exchange. [Unpublished dissertation]. Oslo Metropolitan University, Norway."
1272,1227285,19093551,no_match,0.0,,,,,,,"Barakat, Sarah. (2014). Jordan, Saudi Arabia and the Arab Spring: Why the Kingdoms Survived. (master's thesis) Universität Wien."
1322,1238619,19753128,no_match,0.0,,,,,,,"Peightel, J. W. (1971). The development and comparison of two recorded programed techniques in teaching the beginning trombone student [Yayımlanmamış doktora tezi]. Pennsylvania State University."
1333,1372037,26019414,no_match,0.0,,,,,,,"Ömüt, S. Ç. (2024). Yusuf Sûresi bağlamında çocuk evlerinde korunma altındaki çocuklarda iyilik davranışının oluşması [Yayımlanmamış yüksek lisans proje ödevi]. Bilecik Şeyh Edebali Üniversitesi, Lisansüstü Eğitim Enstitüsü. https://hdl.handle.net/11552/3276"
1411,1345228,24426559,strong,0.937,357769,"Destinasyon imajı, algılanan değer, aidiyet ve davranışsal niyetler arasındaki ilişkilerin belirlenmesi: Bir araştırma",MUAMMER BEZİRGAN,2014,BALIKESİR ÜNİVERSİTESİ / ,https://tez.yok.gov.tr/UlusalTezMerkezi/tezDetay.jsp?id=gIQH6l3Nne4KVSOt4z2pKQ,"Bezirgan, M. (2014). Destinasyon İmajı, Algılanan Değer, Aidiyet ve Davranışsal Niyetler Arasındaki İlişkilerin Belirlenmesi: Bir Araştırma. Yayınlanmamış Doktora Tezi. Balıkesir Üniversitesi Sosyal Bilimler Enstitüsü, Balıkesir."
1419,1373403,25555231,strong,1.0,640096,"Kodlama öğretiminin 6. sınıf öğrencilerinin bilgisayarca düşünme becerilerine, matematik kaygı algılarına ve problem çözme algılarına etkisi",ATİLLA SADE,2020,MERSİN ÜNİVERSİTESİ / ,https://tez.yok.gov.tr/UlusalTezMerkezi/tezDetay.jsp?id=10pY8Rr9NLlx7lEsIyYJ8g,"*Sade, A. (2020). Kodlama öğretiminin 6. sınıf öğrencilerinin bilgisayarca düşünme becerilerine, matematik kaygı algılarına ve problem çözme algılarına etkisi. [Yayımlanmamış yüksek lisans tezi, Mersin Üniversitesi]. YÖK Tez Merkezi."
1424,1369000,25881798,strong,0.933,597451,Küçük ve orta ölçekli kentlerde dayanışma temelli yaratıcılık potansiyelinin değerlendirilmesi: Sinop örneği,MUSTAFA GÜL,2019,MİMAR SİNAN GÜZEL SANATLAR ÜNİVERSİTESİ / ,https://tez.yok.gov.tr/UlusalTezMerkezi/tezDetay.jsp?id=-fAuWd02yg7E3z7B6GgsFQ,"Gül, M. (2019). Küçük ve orta ölçekli kentlerde dayanışma temelli yaratıcılık potansiyelinin değerlendirilmesi: Sinop örneği. [Unpublished doctoral thesis]. Mimar Sinan Güzel Sanatlar Üniversitesi."
1468,1381626,25810086,no_match,0.0,,,,,,,"The Food and agriculture organization corporate statistical database (FAOSTAT, 2020) report, 2020. Gencer. M. (2023). Kuru ve Sulu Şartlarda Aspir (Carthamus tinctorius L.)’de Farklı Sıra Üzeri Mesafelerin Önemli Tarımsal ve Kalite Özellikleri Üzerine Etkisi. Selçuk Üniversitesi. Fen Bilimleri Enstitüsü. Doktora Tezi. Konya"
1479,1194107,17580517,possible,0.693,435322,Social media marketing in tourism industry and role of the social media on consumer preferences: A survey on the effects of social media sites on the buying decision making process,ANIL KÜTÜK,2016,YAŞAR ÜNİVERSİTESİ / ,https://tez.yok.gov.tr/UlusalTezMerkezi/tezDetay.jsp?id=Xw4ZSVV6u357AKxnzoZm-A,"Kütük, A. (2016). Social media marketing in tourism industry and role of the social media on consumer preferences: A survey on the effects of social media sites on the buying decision making process [Yüksek Lisans Tezi, Yaşar Unıversıty]."
1489,1258113,20431496,strong,1.0,702037,"Probleme dayalı, işbirlikli ve proje tabanlı öğrenme yöntemlerinin öğrencilerin problem çözme becerilerine etkisini inceleyen çalışmaların meta-analizi",UĞUR KURT,2021,MARMARA ÜNİVERSİTESİ / ,https://tez.yok.gov.tr/UlusalTezMerkezi/tezDetay.jsp?id=QpT39Izpy6ataGvff6FmkQ,"Kurt, U. (2021). Probleme dayalı, işbirlikli ve proje tabanlı öğrenme yöntemlerinin öğrencilerin problem çözme becerilerine etkisini inceleyen çalışmaların meta-analizi (Yüksek lisans tezi). YÖK Tez veri tabanından erişildi. (Tez No. 702037)"
1498,1216699,18645710,no_match,0.0,,,,,,,"Green, J. H. (2017). Marguerite Duras : Les héros de ses premiers écrits (Lisans Tezi). Lunds Universitet Språk- och litteraturcentrum, Lund."
1521,1187312,17212363,no_match,0.0,,,,,,,"Treadwell, W. L. (1991). The Political History of The Sâmânid State, (Thesis submitted to the Institute of Oriental Studies for the Degree of Doctor of Philosophy in the University of Oxford, PhD diss.). University of Oxford, Oxford."
1535,1290566,21964602,strong,0.824,685663,Havacılıkta insan faktörünün uçak kazalarına etkisinin incelenmesi: Tenerife uçak kazası örneği,ŞEBNEM TAMER,2021,İSTANBUL GELİŞİM ÜNİVERSİTESİ / ,https://tez.yok.gov.tr/UlusalTezMerkezi/tezDetay.jsp?id=zkEikf6oELIDWzHPhCvMOw,"Tamer, Ş. (2021). Havacılıkta insan faktörünün uçak kazalarına etkisinin incelenmesi: Tenerife uçak kazası örneği. (Yayımlanmamış Yüksek Lisans Tezi). İstanbul Gelişim Üniversitesi Lisansüstü Eğitim Enstitüsü, İstanbul."
1551,1272056,21029409,no_match,0.0,,,,,,,"Pakiş, Ömer. Molla Halil es-Si’irdî ve Tefsirindeki Metodu. İstanbul: Marmara Üniversitesi, Sosyal Bilimler Enstitüsü, Yüksek Lisans Tezi, 1996."
1616,1279681,21396945,strong,0.966,444478,Gaziantep konut mutfaklarında kültür - iç mekan etkileşimi ve gelenekselden moderne analitik değerlendirme ışığında yerleşim önerileri,EBRU YAZGAN,2016,MİMAR SİNAN GÜZEL SANATLAR ÜNİVERSİTESİ / ,https://tez.yok.gov.tr/UlusalTezMerkezi/tezDetay.jsp?id=XkITXT3xwmDhGS7wbJ-5EQ,"Yazgan, E.(2016). Gaziantep Konut Mutfaklarında Kültür-İç Mekan Etkileşimi Ve Gelenekselden Moderne Analitik Değerlendirme Işığında Yerleşim Önerileri, (Doktora), Fen Bilimleri Enstitüsü, Mimar Sinan Güzel Sanatlar Üniversitesi, İstanbul, 128s"
1666,1251055,20805007,no_match,0.0,,,,,,,"Scott, D. H. Breeding Salt Tolerant Grapevine Rootstocks. PhD Thesis. University of California, Davis, (2022)."
1675,1252277,21715215,strong,0.954,667656,Özel yetenekli öğrenciler için uygulanan eğitim atölyesi programlarının Stufflebeam'in Bağlam-Girdi-Süreç-Ürün (CIPP) modeline göre değerlendirilmesi: TÜZDEV örneği,FATİH AKSOY,2021,ONDOKUZ MAYIS ÜNİVERSİTESİ / ,https://tez.yok.gov.tr/UlusalTezMerkezi/tezDetay.jsp?id=rnWR6e-2M2o33hyomTYrKg,"Aksoy, F. (2021). Özel yetenekli öğrenciler için uygulanan eğitim atölyesi programlarının stufflebeam'in bağlam-girdi-süreç-ürün (CIPP) modeline göre değerlendirilmesi: TÜZDEV örneği (Yayımlanmamış yüksek lisans tezi). Ondokuz Mayıs Üniversitesi Lisansüstü Eğitim Enstitüsü, Samsun."
1676,1252277,21715223,strong,1.0,321114,The effectiveness of induction program for candidate teachers,MÜBERRA AYVAZ DÜZYOL,2012,ORTA DOĞU TEKNİK ÜNİVERSİTESİ / ,https://tez.yok.gov.tr/UlusalTezMerkezi/tezDetay.jsp?id=V0Xrq_pN74sMN9o7a8l6gQ,"Ayvaz Düzyol, M. (2012). The effectiveness of induction program for candidate teachers (Yayımlanmamış yüksek lisans tezi). Orta Doğu Teknik Üniversitesi Eğitim Bilimleri Enstitüsü, Ankara."
1677,1252277,21715226,no_match,0.0,,,,,,,"Bayhan, M. (2011). Sözleşmeli infaz ve koruma memurlarına uygulanan hizmet içi eğitim programının CIPP modeli ile değerlendirilmesi (Yayımlanmamış yüksek lisans tezi). Atatürk Üniversitesi Eğitim Bilimleri Enstitüsü, Erzurum."
1678,1252277,21715247,strong,1.0,524674,Üniversitelerin lisans programlarında uygulanan çekirdek programın değerlendirilmesi,ELİF İLHAN,2018,GAZİ ÜNİVERSİTESİ / ,https://tez.yok.gov.tr/UlusalTezMerkezi/tezDetay.jsp?id=28FGdZv-Ybcyawqg7B_uUw,"İlhan, E. (2018). Üniversitelerin lisans programlarında uygulanan çekirdek programın değerlendirilmesi (Yayımlanmamış doktora tezi). Gazi Üniversitesi Eğitim Bilimleri Enstitüsü, Ankara."
1679,1252277,21715267,strong,1.0,643367,Okul öncesi eğitim programının stufflebeam (CIPP) program değerlendirme modeli ile incelenmesi,ELİF NİSA PAKSOY,2020,KİLİS 7 ARALIK ÜNİVERSİTESİ / ,https://tez.yok.gov.tr/UlusalTezMerkezi/tezDetay.jsp?id=6fHaiejvW95VvkFPtDv8TA,"Paksoy, E.N. (2020). Okul öncesi eğitim programının Stufflebeam (CIPP) program değerlendirme modeli ile incelenmesi (Yayımlanmamış yüksek lisans tezi). Kilis 7 Aralık Üniversitesi Lisansüstü Eğitim Enstitüsü, Kilis."
1693,1198820,17879917,no_match,0.0,,,,,,,"[8] Çalıkoğlu, Y., (2017), Epoksitlenmiş Soya Yağından Thioglycolik Asit Metil Ester İle Halka Açan Poliollerle Yeni Poliüretan Sentezi Karakterizasyonu, Yüksek Lisans Tezi, Sakarya Üniversitesi, Fen Bilimleri Enstitüsü, Sakarya, 21-28."
1718,1223428,19318849,strong,0.946,368343,Sosyal bi̇lgi̇ler öğretmen adaylarının  akademi̇k erteleme davranışlarının çeşi̇tli̇ deği̇şkenler açısından i̇ncelenmesi̇,RAMAZAN BULUT,2014,AFYON KOCATEPE ÜNİVERSİTESİ / ,https://tez.yok.gov.tr/UlusalTezMerkezi/tezDetay.jsp?id=8iJ5X2z6j4JOmu_pfKnkiw,"Bulut, R. (2014). Sosyal bilgiler öğretmen adaylarının akademik erteleme davranışlarının çeşitli değişkenler açısından incelenmesi (Yayınlanmamış yüksek lisans tezi), Afyon Kocatepe Üniversitesi Sosyal Bilimler Enstitüsü, Afyon."
1730,1250196,20092682,no_match,0.0,,,,,,,"Çağlayan, B. (1997). Kerbela mersiyeleri. [Yayınlanmamış doktora tezi]. Gazi Üniversitesi."
1803,1363941,25187722,strong,0.92,214195,Türkiye Türkçesinde kalıp sözler üzerine bir inceleme,ÇİĞDEM EROL,2007,İSTANBUL ÜNİVERSİTESİ / ,https://tez.yok.gov.tr/UlusalTezMerkezi/tezDetay.jsp?id=PaeJtSx5WCL5jJR9aL57BA,"Erol, Ç. (2007). Türkiye Türkçesinde Kalıp Sözler Üzerine Bir İnceleme. İstanbul: İstanbul Üniversitesi Sosyal Bilimler Enstitüsü. (Yayımlanmamış Yüksek Lisans Tezi)."
1906,1265128,20714694,strong,0.943,668588,Bristol emzirme değerlendirme ölçeği ile emzirme başarısının değerlendirilmesi,YAĞMUR HAZAL KAŞISARI,2021,İSTANBUL MEDİPOL ÜNİVERSİTESİ / ,https://tez.yok.gov.tr/UlusalTezMerkezi/tezDetay.jsp?id=TREgSEYL753xPnmf8uXD5A,38. Kaşisari YH. Bristol Emzirme Değerlendirme Ölçeği ile emzirme başarısının değerlendirilmesi [Master’s thesis]. İstanbul: İstanbul Medipol University; 2021.
1919,1223061,18883196,no_match,0.0,,,,,,,"Yıldız, Hasan. XLIX Numaralı Mühimme Defteri (Tahlil-Metin). İstanbul: İstanbul Üniversitesi, Sosyal Bilimler Enstitüsü, Yüksek Lisans Tezi, 1996."
1977,1247339,21556560,strong,0.913,94821,Bir kelam problemi olarak imanın psikolojik yapısı,HÜLYA ALPER,2000,MARMARA ÜNİVERSİTESİ / ,https://tez.yok.gov.tr/UlusalTezMerkezi/tezDetay.jsp?id=7m7ROhkkYifufZTNmDp4WA,"Alper, Hülya. Bir Kelam Problemi Olarak İmanın Psikolojik Yapısı. İstanbul: Marmara Üniversitesi, Sosyal Bilimler Enstitüsü, Doktora Tezi, 2000."
2003,1294786,22335875,no_match,0.0,,,,,,,"Erken, İsmail. el-Câmi‘ li-Ahkâmi’l-Kur’ân’ın Filolojik Açıdan İncelenmesi. İzmir: Dokuz Eylül Üniversitesi, Sosyal Bilimler Enstitüsü, Doktora Tezi, 2020."
2029,1294183,22100248,no_match,0.0,,,,,,,"Akıcı, N., & diğerleri. (1986). Ankara hastanelerinde yatan kanserli hastalara sunulan tıbbi sosyal hizmetler üzerine bir araştırma (Yayınlanmamış bitirme tezi). Hacettepe Üniversitesi Sosyal Hizmetler Yüksekokulu, Ankara."
2034,1326405,23650610,strong,0.929,206611,Hastane işletmelerinde örgütsel yapıdan kaynaklanan çatışmalar ve Afyon Kocatepe Üniversitesi Araştırma ve Uygulama Hastanesi örneği,ATİLLA KARAHAN,2007,AFYON KOCATEPE ÜNİVERSİTESİ / ,https://tez.yok.gov.tr/UlusalTezMerkezi/tezDetay.jsp?id=aN8brp72yibR1ehLx-VWsg,"Karahan, A. (2007). Hastane işletmelerinde örgütsel yapıdan kaynaklanan çatışmalar ve Afyon Kocatepe Üniversitesi Uygulama ve Araştırma Hastanesi örneği [Unpublished doctoral dissertation]. Afyon Kocatepe University."
2035,1326405,23650627,strong,0.897,368018,Sağlık kurumlarının kurumsallaşmasının kurum performansı üzerindeki etkisi,PINAR ÖZTÜRK,2014,HALİÇ ÜNİVERSİTESİ / ,https://tez.yok.gov.tr/UlusalTezMerkezi/tezDetay.jsp?id=PfO-fDAosUD-op1QZadikA,"Öztürk, P. (2014). Sağlık kurumlarının kurumsallaşmasının kurum performansı üzerine etkisi [Unpublished doctoral dissertation]. Haliç University."
2043,1271386,21150524,no_match,0.0,,,,,,,"Altınsoy, F. (2018). Comparison of traditional teaching and technology assisted methods in creating awareness of environmental pollution in pre-school children. (Publication no. 493107) [Master Thesis, Necmettin Erbakan University]. YÖK. https://tez.yok.gov.tr/UlusalTezMerkezi/tezSorguSonucYeni.jsp"
2093,1233131,19411739,strong,0.961,740382,Öğrenme güçlüğü olan öğrencilerin sözcük çözümleme becerilerini desteklemeye yönelik sözcük çözümleme müdahale programının etkililiğinin incelenmesi,ÇAĞLAYAN PINAR DEMİRTAŞ,2022,ANKARA ÜNİVERSİTESİ / ,https://tez.yok.gov.tr/UlusalTezMerkezi/tezDetay.jsp?id=eWAy7o43_Oi0V8UAObQx_Q,"Demirtaş, Ç. P. (2022). Öğrenme güçlüğü olan öğrencilerin sözcük çözümleme becerilerini desteklemeye yönelik sözcük çözümleme müdahale programının etkililiğinin incelenmesi. (Yayınlanmamış doktora tezi). Ankara Üniversitesi, Eğitim Bilimleri Enstitüsü, Ankara."
2095,1198207,17840406,no_match,0.0,,,,,,,"Ağlamaz Susup, A.E. (2018). İzmir’de Gastronomi Turizminin Geliştirilmesine Yönelik Sistemsel Bir Yaklaşım. Doktora Tezi Aydın Adnan Menderes Üniversitesi Sosyal Bilimler Enstitüsü Turizm İşletmeciliği Anabilim Dalı. İzmir."
2184,1365176,25247897,no_match,0.0,,,,,,,"Taşkaya, M. (2008). Türkiye’de neo-liberal süreçte örtülü reklam deneyimi: Düzenlemeler, denetim ve aktörler. Doctoral dissertation, Ankara University."
2232,1185911,17197616,strong,0.929,587803,Analyse und bewertung der fehler der studierenden mit Türkisch als muttersprache bei der textproduktion im Deutschunterricht,GÜLFİDAN DÜRÜK,2019,TRAKYA ÜNİVERSİTESİ / ,https://tez.yok.gov.tr/UlusalTezMerkezi/tezDetay.jsp?id=YVy_xIr7nWpJCPJCiAwb1Q,"Dürük, G. (2019). Analyse und bewertung der fehler der studierenden mit Türkisch als muttersprache bei der textproduktion im Deutschunterricht. [Magisterarbeit, Trakya Universität]. Ulusal Tez Merkezi."
2278,1182422,17058797,strong,1.0,233405,Tarımda çalışılabilir gün sayılarının meteorolojik parametrelerle incelenmesi,SAVAŞ KUŞCU,2008,ANKARA ÜNİVERSİTESİ / ,https://tez.yok.gov.tr/UlusalTezMerkezi/tezDetay.jsp?id=gxlfXAw8idC1_2ONXVy1fQ,"Kuşçu, S., (2008). Tarımda çalışılabilir gün sayılarının meteorolojik parametrelerle incelenmesi. Yüksek Lisans Tezi. Ankara Üniversitesi, Fen Bilimleri Enstitüsü, Tarım Makineleri Anabilim Dalı, Ankara."
2279,1182422,17058803,no_match,0.0,,,,,,,"Vatandaş, M. (1987). Ankara Koşularında Sulanabilir 10 Hektarlık Bir Tarım İşletmesi İçin En Uygun Mekanizasyon Modelinin Tespiti. Yayınlanmamış Yüksek Lisans Tezi. Ankara Üniversitesi, Fen bilimleri Enstitüsü Tarımsal mekanizasyon Ana Bilim Dalı, Ankara."
2364,1336651,24087856,strong,0.892,457572,"Kültürel mirası koruma bağlamında ""Yavaş Şehir"" (Cittaslow) Hareketi: Türkiye örneği",DENİZ ÇAKAR,2016,DOKUZ EYLÜL ÜNİVERSİTESİ / ,https://tez.yok.gov.tr/UlusalTezMerkezi/tezDetay.jsp?id=Hr0q1xS1pYwMiLs20AJ9Pw,"Çakar, D. (2016). Kültürel mirası koruma bağlamında ""yavaş şehir""(cittaslow) hareketi: Türkiye örneği. Yüksek Lisans Tezi. Dokuz Eylül Üniversitesi. Fen Bilimleri Enstitüsü. İzmir."
2417,1223084,19294019,strong,1.0,764254,Improved image generation in normalizing flows through a multi-scale architecture and variational training,DENİZ SAYIN,2022,ORTA DOĞU TEKNİK ÜNİVERSİTESİ / ,https://tez.yok.gov.tr/UlusalTezMerkezi/tezDetay.jsp?id=yrA0OjKy4AGa40VLOqmbqg,"Sayın, D. (2022). Improved image generation in normalizing flows through a multi-scale architecture and variational training (Yüksek lisans tezi). Orta Do ̆gu Teknik Üniversitesi."
2497,1212748,19438726,no_match,0.0,,,,,,,"Akcanbaş, S. M. (2004) ASEAN Örneğinde Kuzeydoğu Asya’da Bölgesel Bir Ekonomik Entegrasyonun Olası Etkileri. İstanbul Üniversitesi Sosyal Bilimler Enstitüsü İktisat Anabilim Dalı, Doktora Tezi"
2580,1293674,22083645,no_match,0.0,,,,,,,"Urhan, G. (2016). An Examination of students’ quality of arguments and informal reasoning skills in argumentation based learning environments (Unpublished doctoral dissertation). Gazi University, Ankara."
2587,1354928,24802223,no_match,0.0,,,,,,,"DeLongchamp, A. C. (2020). Evaluating the effects of a job crafting intervention on employee work-life balance (Yüksek lisans tezi, University of Minnesota) University of Minnesota Digital Conservancy. https://hdl.handle.net/11299/212273"
2596,1274760,21164145,strong,0.92,294715,XVIII. yüzyılın ilk yarısında Adana kazası (1700-1750),SAİM YÖRÜK,2011,ATATÜRK ÜNİVERSİTESİ / ,https://tez.yok.gov.tr/UlusalTezMerkezi/tezDetay.jsp?id=yi6PoaFUxWaOZLwZMs8Ucw,"Yörük, Saim. XVIII. Yüzyılın İlk Yarısında Adana Kazası (1700-1750). Erzurum: Ankara Üniversitesi Sosyal Bilimler Enstitüsü, Yayımlanmış Doktora Tezi, 2011."
2598,1190657,17592672,strong,0.941,405734,Eleştirel farkındalık yaratmada yeni medya okuryazarlığı ve yeni medya bilinci üzerine bir inceleme,ADALET GÖRGÜLÜ AYDOĞDU,2015,GAZİ ÜNİVERSİTESİ / ,https://tez.yok.gov.tr/UlusalTezMerkezi/tezDetay.jsp?id=IKkzDAHap6ukaSSrzlw1lQ,"Görgülü Aydoğdu, A. (2015). Eleştirel farkındalık yaratmada yeni medya okuryazarlığı ve yeni medya bilinci üzerine bir inceleme [Yayınlanmamış doktora tezi]. Gazi Üniversitesi."
2624,1354648,25248537,strong,1.0,395051,Sosyal bilgiler öğretmen adaylarının küresel sosyal sorumluluk düzeylerinin çeşitli değişkenler açısından incelenmesi,ENİS HARUN BAŞER,2015,DUMLUPINAR ÜNİVERSİTESİ / ,https://tez.yok.gov.tr/UlusalTezMerkezi/tezDetay.jsp?id=SGKEeGW6P_5zxTsiaVtanw,"Başer, E. H. (2015). Sosyal bilgiler öğretmen adaylarının küresel sosyal sorumluluk düzeylerinin çeşitli değişkenler açısından incelenmesi (Yüksek lisans tezi). Dumlupınar Üniversitesi Eğitim Bilimleri Enstitüsü, Kütahya."
2642,1158373,15937738,no_match,0.0,,,,,,,"[48] A. Ulusal, “Biyokütleden piroliz yöntemi ile üretilen biyocharin çevresel etkilerinin incelenmesi”, Master's thesis, Anadolu Üniversitesi, 2016."
2681,1274033,21126323,strong,0.902,188266,Çatak (Van)-Uzuntekne ve yakın çevresinin fiziki coğrafyası,HALİL ZORER,2005,YÜZÜNCÜ YIL ÜNİVERSİTESİ / ,https://tez.yok.gov.tr/UlusalTezMerkezi/tezDetay.jsp?id=ZIEGDURUxda8iLf5tMDzXg,"Zorer, H. (2005). Çatak (Van) – Uzuntekne ve Yakın Çevresinin Fiziki Coğrafyası (Yayınlanmamış Yüksek Lisans Tezi), Yüzüncü Yıl Üniversitesi, Van."
2723,1232599,19981615,no_match,0.0,,,,,,,"Şenay, A. (1996). Ahşap lamine taşıyıcı elemanların mekanik özelliklerinin belirlenmesi üzerine araştırmalar, İstanbul Üniversitesi, Fen Bilimleri Enstitüsü, Doktora Tezi, İstanbul."
2750,1299557,22347121,strong,0.71,567268,XIX. yüzyıl seyahatnamelerine göre Osmanlı kitap kültürü ve kütüphaneler,NAFİYE NİHAN YILDIZ,2019,İSTANBUL ÜNİVERSİTESİ / ,https://tez.yok.gov.tr/UlusalTezMerkezi/tezDetay.jsp?id=YMETt2EqtVrR_1SVlWVs4Q,"Yıldız, Nafiye Nihan, XIX. Yüzyıl Seyahatnamelerine Göre Osmanlı Kitap Kültürü ve Kü- tüphaneler, İstanbul Üniversitesi, Sosyal Bilimler Enstitüsü, Yayımlanmamış Yüksek Lisans Tezi, İstanbul 2019."
2857,1364643,25220680,no_match,0.0,,,,,,,"Qu, K. (2017). The impact of experience on satisfaction and revisit intention in theme parks: An application of the experience economy (Master's thesis). Graduate Theses and Dissertations. Ames, Iowa, United States: Iowa State University. Retrieved from https://lib.dr.iastate.edu/etd/15609"
2927,1320205,23386694,strong,0.907,607734,Örgütsel motivasyon ve halk kütüphanesi çalışanlarının motivasyon düzeylerinin belirlenmesi: Ankara ili örneği,HATİCE KARACAOĞLU,2019,ÇANKIRI KARATEKİN ÜNİVERSİTESİ / ,https://tez.yok.gov.tr/UlusalTezMerkezi/tezDetay.jsp?id=idqCyBlfOV-LiaqKt7zurg,"Karacaoğlu, H. (2019). Örgütsel motivasyon ve halk kütüphanesi çalışanlarının motivasyon düzeylerinin belirlenmesi: Ankara ili örneği [Yayımlanmamış yüksek lisans tezi]. Çankırı Karatekin Üniversitesi."
3012,1328082,24516649,no_match,0.0,,,,,,,"Kahramanmaraş Sütçü İmam University, Institute of Science, Department of Horticulture (Doctoral Thesis, Thesis no: 894055), 1-207p."
3097,1332134,23908696,no_match,0.0,,,,,,,"Abdessemed, F. (2007). Contribution pour la redécouverte des techniques con- structives traditionnelle sismo-résistan- tes adoptées dans les grandes villes du Maghreb, Alger - Fès et Tunis durant le XVIIe siècle. [Unpublished doctoral dissertation]. Polythenical School of Architecture and Town Planning, Al- giers, Algeria."
3113,1336863,24555554,no_match,0.0,,,,,,,"Kılıç, N. S. (2015). The fragmentation of Alevilik as exemplified in the case of Gazi Mahallesi: Three Cemevis, three free spaces. İstanbul: Yüksek Lisans Tezi."
3149,1190904,17480569,strong,0.942,142644,Güncel cami yapılaşmasının kullanıcıları açısından biçimsel ve işlevsel değerlendirilmesi,AHMET ENİS TÜFEKÇİOĞLU,2003,İSTANBUL TEKNİK ÜNİVERSİTESİ / ,https://tez.yok.gov.tr/UlusalTezMerkezi/tezDetay.jsp?id=RzbVKt61LZcWN9cB66vn5w,"Tüfekçioğlu, Ahmet Enis. Güncel Cami Yapılaşmasının Kullanıcıları Açısından Bi- çimsel ve İşlevsel Değerlendirilmesi. İstanbul: İstanbul Üniversitesi, Yüksek Lisans Tezi, 2003."
3339,1214781,21567601,no_match,0.0,,,,,,,"Budak, Mehmet Alişan. Diyarbakır-Elâzığ-Şanlıurfa Kentli Makamsal Müzik Geleneklerine Tarihsel Ve Analitik Bir Bakış. Ankara: Hacettepe Üniversitesi, Güzel Sanatlar Enstitüsü Müzik Teorileri Anabilim Dalı, Yüksek Lisans Tezi, 2021."
3396,1322455,23488293,no_match,0.0,,,,,,,"Kır, A. (2008). “Türkiye’nin Makedonya Politikasının Balkan Politikası İçerisindeki Yeri”, Yüksek Lisans Tezi, İstanbul. Kjorbayram, S. (2018). “Bağımsızlığından Günümüze Makedonya (1991-2014)”, Yüksek Lisans Tezi, Edirne."
3413,1203312,18370118,no_match,0.0,,,,,,,"Canpolat, T. (2019). Sabahattin Âli’nin “İçimizdeki Şeytan” romanında Nietzsche ve Levinas gerilimi. (Yayınlanmamış yüksek lisans tezi). Akdeniz Üniversitesi Sosyal Bilimler Enstitüsü, Antalya."
3441,1301594,22442015,no_match,0.0,,,,,,,2. Ağdemir H. A research on the place and importance of family practice in the health sector and the satisfaction status of service beneficiaries and service providers. [Master’s Thesis]. Mersin: Çağ University Institute of Social Sciences; 2012.
3476,1291270,21990259,no_match,0.0,,,,,,,"Willert, K. W. (2012). Leadership for excellence: A case study of leadership practices of school superintendents serving four Malcolm Baldrige National Quality Award recipient school districts. (Yayımlanmamış Doktora Tezi), University of St. Thomas, USA."
3477,1163780,16627235,no_match,0.0,,,,,,,"Johnson-Clark KA (1996) The effect of filial therapy on child conduct behavior problems and the quality of the parent-child relationship (PhD thesis). San Diego, California School of Professional Psychology."
3483,1226697,19061758,strong,1.0,555671,Peyzaj mimarlığında aydınlatma tasarımı ve teknikleri üzerine bir araştırma,DENİZ TOKYAY,2019,ANKARA ÜNİVERSİTESİ / ,https://tez.yok.gov.tr/UlusalTezMerkezi/tezDetay.jsp?id=Gey3t6RCjyP8xg9M15yB4g,"Tokyay, D.(2019). Peyzaj mimarlığında aydınlatma tasarımı ve teknikleri üzerine bir araştırma, Yüksek Lisans Tezi,Fen Bilimleri Enstitüsü, Ankara Üniversitesi, Ankara."
3652,1345440,24432713,no_match,0.0,,,,,,,"18. Taher, Z.O. (2020). Nursing Students' Emotional Self-Efficacy and Their Attitudes Towards Violence Against Women and Their Professional Roles in Violence, Ondokuz Mayis University Graduate School of Nursing, Master's Thesis."
3667,1264738,20697290,no_match,0.0,,,,,,,"Taşdemir, Salima (2013), The Feminization of Pro-Kurdish Party Politics in Turkey: The Role of Women Activists (Exeter: Exeter University, Yayınlanmamış Doktora Tezi)."
3717,1308452,22697259,strong,1.0,657020,Malatya makine imalat sanayinde Ar-Ge ve inovasyon düzeyinin araştırılması,TAHA BULUT,2020,İNÖNÜ ÜNİVERSİTESİ / ,https://tez.yok.gov.tr/UlusalTezMerkezi/tezDetay.jsp?id=WR0YJigUt5rZxJuulAK-XQ,"Bulut, T. (2020) “Malatya Makine İmalat Sanayinde Ar-Ge ve İnovasyon Düzeyinin Araştırılması”, Yüksek Lisans Tezi, Malatya, İnönü Üniversitesi Fen Bilimleri Enstitüsü."
3791,1160769,17640629,no_match,0.0,,,,,,,26. Isaksson H. On dental caries and dental erosion in Swedish young adults [doctoral thesis]. [Gothenburg (Sweden) ]: University of Gothenburg; 2013.
3841,1257718,20408350,strong,1.0,579837,II. Meşrutiyet devri Türk öykülerinde kimlik inşası,DİNÇER ATAY,2019,ARDAHAN ÜNİVERSİTESİ / ,https://tez.yok.gov.tr/UlusalTezMerkezi/tezDetay.jsp?id=-AkajsuKNGwVE_JqtGy-ww,"Atay, D. (2019). II. Meşrutiyet devri Türk öykülerinde kimlik inşası [Yayımlanmamış doktora tezi]. Ardahan Üniversitesi."
3851,1327885,23713080,no_match,0.0,,,,,,,"Yılmaz, G. (2021). Examining The Relationship Between Curriculum Literacy Levels, Curriculum Orientations and Curriculum Fidelity Levels of Teachers. Master’s Thesis, Gaziantep University, Gaziantep."
3968,1260182,20519425,no_match,0.0,,,,,,,"[4] Sur, Gökhan, “Karma takviyeli alüminyum matriksli kompozitlerin üretimi, mekanik özellikler ve işlenebilirliklerinin incelenmesi,” Gazi Üniversitesi Fen Bilimleri Enstitüsü, Doktora Tezi, Ankara, 2008."
3979,1337447,24116360,possible,0.599,510857,Konaklama işletmelerinde finansal başarısızlık riskinin ölçümü: Türkiye ve Avrupa'daki halka açık konaklama işletmelerinin karşılaştırmalı analizi,CEMİLE ÖCEK,2018,MERSİN ÜNİVERSİTESİ / ,https://tez.yok.gov.tr/UlusalTezMerkezi/tezDetay.jsp?id=RVHUNHvqONyfRhfb3dxFFQ,"Öcek, C. (2018). Konaklama işletmelerinde finansal başarısızlık riskinin ölçümü: Türkiye ve Avrupa'daki halka açık konaklama işletmelerinin karşılaştırmalı analizi, Yayımlanmamış Yüksek Lisans Tezi, Mersin Üniversitesi Sosyal Bilimler Enstitüsü, Mersin."
4026,1216744,18647008,no_match,0.0,,,,,,,"Dökmeci, V. (2018). İstanbul'daki Venedik dragomanları ve dil oğlanları (1551-1797) (Yayınlamamış doktora tezi). İstanbul Üniversitesi."
4038,1365742,25271229,no_match,0.0,,,,,,,"Moss, D. M. (2016). The Arab Spring abroad: Mobilization among Syrian, Libyan, and Yemeni diasporas in the U.S. and Great Britain [Doctoral dissertation, University of California, Irvine]. eScholarship. Retrieved from https://escholarship.org/uc/item/8dd2k20p"
4049,1160094,17126454,strong,1.0,454691,Spor yapan ve yapmayan bireylerin psikolojik dayanıklılık ve kişilik özelliklerinin çeşitli değişkenlere göre incelenmesi,NURİYE ŞEYMA ŞAR,2016,SAKARYA ÜNİVERSİTESİ / ,https://tez.yok.gov.tr/UlusalTezMerkezi/tezDetay.jsp?id=uifCvgmOfYJp48KLAJpqWg,"Şar, N. Ş. (2016). Spor yapan ve yapmayan bireylerin psikolojik dayanıklılık ve kişilik özelliklerinin çeşitli değişkenlere göre incelenmesi. Yayımlanmamış Yüksek Lisans Tezi, Sakarya Üniversitesi, Eğitim Bilimleri Enstitüsü, Beden Eğitimi ve Spor Öğretmenliği Anabilim Dalı, Sakarya."
4097,1191575,17404130,strong,0.987,595131,İş şekillendirmenin iş performansına ve işten ayrılma niyetine etkisinde iş tutumlarının aracılık rolünün incelenmesi,MURAT FİKRETTİN TURAN,2019,SAKARYA ÜNİVERSİTESİ / ,https://tez.yok.gov.tr/UlusalTezMerkezi/tezDetay.jsp?id=kr-M-FiiGvpiyqBxr90biQ,"Turan, M. F. (2019). İş şekillendirmenin iş performansına ve işten ayrılma niyetine etkisinde iş tutulmaların aracılık rolünün incelenmesi (Doktora tezi). Sakarya Üniversitesi, İşletme Enstitüsü. Sakarya."
4158,1184185,17074507,strong,1.0,231350,Sosyal girişimciliği etkileyen faktörlerin analizi,BURCU KÜMBÜL GÜLER,2008,DOKUZ EYLÜL ÜNİVERSİTESİ / ,https://tez.yok.gov.tr/UlusalTezMerkezi/tezDetay.jsp?id=jwWQtjYaF_XiBrjfkpw6zQ,"Güler Kümbül, B., (2008). Sosyal girişimciliği etkileyen faktörlerin analizi (Yayımlanmamış doktora tezi). Dokuz Eylül Üniversitesi, İzmir."
4270,1194155,17584137,strong,1.0,700237,Profesyonel futbolcuların benlik saygıları ile zihinsel dayanıklılıkları arasındaki ilişkinin incelenmesi,SİNAN BAKIR,2020,GAZİ ÜNİVERSİTESİ / ,https://tez.yok.gov.tr/UlusalTezMerkezi/tezDetay.jsp?id=SByiEQkhDqjs-X-T5zwaTg,"Bakır, S. (2020). Profesyonel futbolcuların benlik saygıları ile zihinsel dayanıklılıkları arasındaki ilişkinin incelenmesi. Doktora Tezi, Gazi Üniversitesi Sağlık Bilimleri Enstitüsü, Ankara."
4271,1194155,17584144,strong,0.835,248415,"Yıldızlar kategorisi erkek güreşçilerde denetim odağı, benlik saygısı ve başarı ilişkisi: Ege bölgesi yıldızlar ligi örneği",EYLEM GENCER,2008,PAMUKKALE ÜNİVERSİTESİ / ,https://tez.yok.gov.tr/UlusalTezMerkezi/tezDetay.jsp?id=teO6QyQdDWpIrn_awCcMNA,"Gencer, E. (2008). Yıldızlar kategorisi erkek güreşçilerde denetim odağı, benlik saygısı ve başarı ilişkisi: Ege bölgesi yıldızlar ligi örneği. Yüksek Lisans Tezi, Pamukkale Üniversitesi Sağlık Bilimleri Enstitüsü, Denizli."
4298,1199061,17830450,strong,0.994,278198,Medya okuryazarlığının sosyal bilgiler programlarıyla ilişkilendirilmesi ve öğretim,ADNAN ALTUN,2010,GAZİ ÜNİVERSİTESİ / ,https://tez.yok.gov.tr/UlusalTezMerkezi/tezDetay.jsp?id=5UjsKKqpE237ojXCJuQTVw,"Altun, A. D. (2010). Medya Okuryazarlığının Sosyal Bilgiler Programlarıyla İlişkilendirilmesi ve Öğretimi. Doktora Tezi. Ankara: Gazi Üniversitesi."
4304,1296597,22203023,no_match,0.0,,,,,,,"Alıcı, Ş. (2013). Anasınıfına devam eden çocuklar için azalt, tekrar kullan, geri kazan eğitimi [Yüksek lisans tezi, Orta Doğu Teknik Üniversitesi]. Ulusal Tez Merkezi."
4455,1337271,24108575,no_match,0.0,,,,,,,"Kovacs, A. (2007). The leisure personality: Relationships between personality, leisure satisfaction, and life satisfaction [Unpublished doctoral dissertation]. Indiana University School of Health."
4498,1280403,21540009,no_match,0.0,,,,,,,"Gürel, D. (2018). Somut Olmayan Kültürel Miras Etkinliğinin 7. Sınıf Sosyal Bilgiler Dersinde Kullanımı. Yayımlanmamış Doktora Tezi, Gazi Üniversitesi Eğitim Bilimleri Enstitüsü."
4521,1190341,17338785,no_match,0.0,,,,,,,"Barış, F. (1994). Kent içi Toplu Taşımada Raylı Sistemlerin Gerekliliği, (Yüksek Lisans Tezi), Karadeniz Teknik Üniversitesi Fen Bilimleri Enstitüsü, Trabzon."
4560,1209450,18364319,strong,1.0,759895,Yabancı dil olarak Türkçe öğretimi ders kitaplarındaki yönergelerin görev temelli yöntem açısından incelenmesi,SİBEL ÇELİK,2022,NEVŞEHİR HACI BEKTAŞ VELİ ÜNİVERSİTESİ / ,https://tez.yok.gov.tr/UlusalTezMerkezi/tezDetay.jsp?id=8bV0Nrd1O6mtvMr9eiOANw,"Çelik, S. (2022). Yabancı dil olarak Türkçe öğretimi ders kitaplarındaki yönergelerin görev temelli yöntem açısından incelenmesi. Yayımlanmamış yüksek lisans tezi, Nevşehir Hacı Bektaş Veli Üniversitesi, Nevşehir."
4594,1345032,25117231,strong,1.0,451836,Okul öncesi öğretmenlerinin öz-yeterlik düzeyleri ile üstün yeteneklilerin eğitimine yönelik tutumlarının karşılaştırılması,ŞABANAĞA DAŞTAN,2016,GAZİ ÜNİVERSİTESİ / ,https://tez.yok.gov.tr/UlusalTezMerkezi/tezDetay.jsp?id=ox-GgowzTRCwnwbLc22U4g,"Daştan, Ş. (2016). Okul öncesi öğretmenlerinin öz-yeterlik düzeyleri ile üstün yeteneklilerin eğitimine yönelik tutumlarının karşılaştırılması (Yayımlanmamış Yüksek Lisans Tezi). Gazi Üniversitesi."
4610,1342873,24323522,strong,0.942,532860,Sosyal bilgiler öğretmen adaylarının kaynaştırma eğitimine yönelik öz yeterlik inançlarının incelenmesi,RAHİME CANAN ATEŞ,2018,AKDENİZ ÜNİVERSİTESİ / ,https://tez.yok.gov.tr/UlusalTezMerkezi/tezDetay.jsp?id=8hYkF-ogSOMXFOp8KAknRw,"Ateş, R. C. (2018). Sosyal bilgiler öğretmen adaylarının kaynaştırma eğitimine yönelik öz yeterlik inançlarının incelenmesi. Yayınlanmamış yüksek lisans tezi, Akdeniz Üniversitesi Eğitim Bilimleri Enstitüsü."
4614,1333999,23983518,no_match,0.0,,,,,,,"Gürler, B. (1994). Metropolis’in Hellenistik Dönem Seramiği. (Doktora Tezi). Ege Üniversitesi Sosyal Bilimler Enstitüsü, İzmir."
4618,1240665,19763039,no_match,0.0,,,,,,,"Öztürk, S. (2017). Zihinsel engelli veya yaygın gelişimsel bozukluk tanılı çocuk ve ergenlerin ebeveynlerinde stresle başa çıkma tutumlar ve evlilik uyumuna etkisi. Yüksek lisans tezi. Üsküdar Üniversitesi, Sosyal Bilimler Enstitüsü, İstanbul."
4638,1233156,19412424,strong,0.993,361644,Garipname ile Dede Korkut hikayeleri'nin ikilemeler açısından mukayesesi,HAKİ TABCU,2014,ADIYAMAN ÜNİVERSİTESİ / ,https://tez.yok.gov.tr/UlusalTezMerkezi/tezDetay.jsp?id=QJ97N5KGEOJOcp8dzv0qvA,"Tabcu, H. (2014). Garipname ile Dede Korkut hikayelerinin ikilemeler açısından mukayesesi. [Yayımlanmamış yüksek lisans tezi]. Adıyaman Üniversitesi Sosyal Bilimler Enstitüsü."
4641,1376073,25651403,strong,0.8,522556,Çocuk gelinlerin erken evlilik süreçleri ve erken evliliklerin önlenmesine ilişkin görüş ve düşüncelerin incelenmesi,PERVİN DOĞAN GÖKSEL,2018,MANİSA CELAL BAYAR ÜNİVERSİTESİ / ,https://tez.yok.gov.tr/UlusalTezMerkezi/tezDetay.jsp?id=u_wklyRRfOza9YB5wUCNSw,"Göksel, Pervin Doğan. Çocuk Gelinlerin Erken Evlilik Süreçleri ve Erken Evliliklerin Önlenmesine İlişkin Görüş ve Düşüncelerin İncelenmesi. Manisa Celal Bayar Üniversitesi Sağlık Bilimleri Enstitüsü, Yüksek Lisans Tezi, 2018."
4663,1375658,25636370,no_match,0.0,,,,,,,"Gökçe, M. Cüneyt. “Muhammed b. Eşref es-Semerkandî ve Kelâm İlmindeki Yeri”. Doktora Tezi, Marmara Üniversitesi, 1996."
4733,1233544,21122146,no_match,0.0,,,,,,,"Çetin, G. 2018. Bazı bitkilerde hiperglisemi ve diyabetik komplikasyonların engellenmesinde etkin olabilecek fenolik yapıda bileşiklerin incelenmesi ve karakterizasyonu. ""Yüksek lisans"" tezi,Ege Üniversitesi, Fen Bilimleri Enstitüsü,İzmir."
4769,1223561,19320003,no_match,0.0,,,,,,,"Zorba, T. (2008). A study on determination of tobacco cultivars and lines, best suited for Black Sea region and their expertise data. [MSc Thesis], University of Ondokuz Mayıs, Samsun, Turkey."
4781,1247875,19980813,no_match,0.0,,,,,,,33. Çakmakçı FK. Çocuklarda anksiyete bozukluklarını tarama ölçeği geçerlik ve güvenirlik çalışması. Uzmanlık Tezi. Ko - caeli: Kocaeli Üniversitesi; 2004.
4886,1181310,17183460,no_match,0.0,,,,,,,"V. Koç, “Orta Ölçekli Yerleşim Alanlarının Geleceğe Yönelik Büyümesinde Alternatif İl İçi İçsel Çekim Alanları Denizli Örneği Temmuz 2007 Denizli”, Yüksek Lisans Tezi, Pamukkale Üniversitesi Sosyal Bilimler Enstitüsü, Denizli, 2007. [Çevrimiçi]. Available: http://acikerisim.pau.edu.tr/xmlui/bitstream/handle/11499/3093/Vural%20Koç.pdf?sequence =1&isAllowed=y"
4898,1319105,23329064,strong,0.929,159754,"Üniversite öğrencilerinin yeme tutumları, benlik algısı, vücut algısı ve stres belirtileri açısından karşılaştırılması",AYÇA HANDE KUNDAKCI,2005,ANKARA ÜNİVERSİTESİ / ,https://tez.yok.gov.tr/UlusalTezMerkezi/tezDetay.jsp?id=-H9E2MR8T3F96Rb2TmCjVA,"Kundakçı, A. H. (2005), Üniversite Öğrencilerinin Yeme Tutumları, Benlik Algıları, Vücut Algısı ve Stres Belirtileri Açısından Karşılaştırılması. [Yayınlanmamış Yüksek Lisans Tezi]. Ankara Üniversitesi."
4904,1288882,22491106,strong,0.891,339351,Kimlik ve siyaset bağlamında Anadoluculuk hareketi,AHMET PAKİŞ,2013,YILDIZ TEKNİK ÜNİVERSİTESİ / ,https://tez.yok.gov.tr/UlusalTezMerkezi/tezDetay.jsp?id=8VIEStRyZv-fQFJnFwZ5eg,"Pakiş, A. (2013). Kimlik ve siyaset bağlamında Anadoluculuk hareketi [Yayınlanmamış Doktora Tezi]. Yıldız Teknik Üniversitesi."
4928,1307658,22662827,strong,1.0,799094,Güç trafoları kazan imalatında kullanılan sacların MAG kaynak yöntemi ile kaynaklanabilirliğinin araştırılması,HALİL GÜLTOPLAYAN,2023,KARABÜK ÜNİVERSİTESİ / ,https://tez.yok.gov.tr/UlusalTezMerkezi/tezDetay.jsp?id=TrKAlSZTwWlEl0lmk2MrJw,"[14] Gültoplayan, H., “Güç Trafoları Kazan İmalatında Kullanılan Sacların MAG Kaynak Yöntemi İle Kaynaklanabilirliğinin Araştırılması”, Yüksek Lisans Tezi, Karabük Üniversitesi Fen Bilimleri Enstitüsü, 1-97, 2023."
4929,1307658,22662833,strong,1.0,782427,Basınçlı kap çeliklerinin MAG kaynak yöntemi ile birleştirilmesi ve tahribatsız/tahribatlı muayenesi,FERHAT YALÇIN,2023,KARABÜK ÜNİVERSİTESİ / ,https://tez.yok.gov.tr/UlusalTezMerkezi/tezDetay.jsp?id=Az6w0-4nUqHbkBxA9x9SBQ,"[20] Yalçın, F., “Basınçlı kap çeliklerinin MAG kaynak yöntemi ile birleştirilmesi ve tahribatsız/tahribatlı muayenesi”, Yüksek Lisans Tezi, Karabük Üniversitesi Fen Bilimleri Enstitüsü, 1-80, 2023."
4932,1246319,19922829,no_match,0.0,,,,,,,"Romm, R. G. L. (2009). The effects of art education on low-income youth, youth of color and queer youth. [Master thesis, Evergreen State College]. Med."
4961,1378120,25707259,no_match,0.0,,,,,,,"Sezen, G. (2007). Providing Extracurricular Activities for Students from Low Socioeconomic Backgrounds (Intel Student Program – The Case of Istanbul). (Publication No. 227949). [Master’s Thesis, Beykent University]. Council of Higher Education (YÖK) National Thesis Center."
5022,1304138,22539647,strong,0.961,513820,Kanserli çocuğu olan ebeveynlere verilen bilişsel davranışçı yaklaşım temelli psikoeğitimin umutsuzluk ve stresle baş etme üzerine etkisinin incelenmesi,EDA AY,2018,ATATÜRK ÜNİVERSİTESİ / ,https://tez.yok.gov.tr/UlusalTezMerkezi/tezDetay.jsp?id=vtC-Jmhyh8tKfsruFiR3Hw,"Ay E. Kanserli Çocuğu Olan Ebeveynlere Verilen Bilişsel Davranışçı Yaklaşım Temelli Psikoeğitimin Umutsuzluk ve Stresle Baş Etme Üzerine Etkisinin İncelenmesi [Yayınlanmamış Doktora Tezi]. Erzurum, Türkiye: Atatürk Üniversitesi Sağlık Bilimleri Enstitüsü; 2018."
5066,1283426,21614089,no_match,0.0,,,,,,,15. Gülmez C. Covıd-19'lu bireylerin yaşam deneyimleri: Nitel bir çalışma. Yüksek Lisans Tezi. Erzurum: Atatürk Üniversitesi Sağlık Bilimleri Enstitüsü; 2022. [In Turkish]
5110,1321772,23459925,no_match,0.0,,,,,,,"Navruz, Ahmet. İbn Sînâ’da Tenâsühün Reddi. Ankara: Ankara Üniversitesi, Sosyal Bilimler Enstitüsü, Yüksek Lisans Tezi, 2018."
5122,1222726,18873083,strong,1.0,523554,Voleybol hakemlerinin öz yeterlik düzeyleri ve karar verme becerilerinin incelenmesi,ÇAĞLAR SARIDEDE,2018,İSTANBUL GELİŞİM ÜNİVERSİTESİ / ,https://tez.yok.gov.tr/UlusalTezMerkezi/tezDetay.jsp?id=Wb9cqmWCL8WasFoYuDNZ6g,"37. Sarıdede, Ç. (2018). Voleybol hakemlerinin öz yeterlik düzeyleri ve karar verme becerilerinin incelenmesi. Yüksek Lisans Tezi, İstanbul Gelişim Üniversitesi Sağlık Bilimleri Enstitüsü."
5165,1270127,20934667,no_match,0.0,,,,,,,"Aysuna, C., 2006. Tüketici etnosentrizmi etkisini ölçmede CETSCALE ölçeği ve Türkiye uygulaması. Yüksek Lisans Tezi, Marmara Üniversitesi, Sosyal Bilimler Enstitüsü, İstanbul."
5173,1215273,18593540,no_match,0.0,,,,,,,"Ali, K. (2014). The effects of leader-member exchange and employee wellbeing towards employee turnover intention (PhD Thesis). Deakin University, Avustralya."
5176,1215273,18593591,strong,1.0,482738,Çalışanlarda bireysel sağlığın yönetimi açısından bireysel iyilik halinin ve sağlık risklerinin değerlendirilmesi,METİN UYAR,2017,İSTANBUL MEDİPOL ÜNİVERSİTESİ / ,https://tez.yok.gov.tr/UlusalTezMerkezi/tezDetay.jsp?id=j9sbrNipe_-B4G36-pkqiQ,"Uyar, M. (2017). Çalışanlarda bireysel sağlığın yönetimi açısından bireysel iyilik halinin ve sağlık risklerinin değerlendirilmesi (Doktora Tezi). İstanbul Medipol Üniversitesi, Sağlık Bilimleri Enstitüsü."
5245,1341401,24255379,no_match,0.0,,,,,,,"Bûhadîd, Rande. el-Vesâʾilu’l-Bedîle li Halli’l-Munâzaʿâti’l-Useriyye. Rabat: Câmiʿatu Muhammedi’l- Hâmis Külliyyetu’l-Hukûk, Yüksek Lisans Tezi, 2021."
5246,1341401,24255387,no_match,0.0,,,,,,,"es-Sadîkî, Sihâm. “el-Visâtatu’l-Useriyye Bedîletun li Halli’l-Munâzaâti’l-Useriyye”. Agadir: Câmi’atu İbn Zuhr Külliyetu’l-Ulûmu’l-Kânûniyye ve’l-İktisâdiyye ve’l-İctimâiyye, Yüksek Lisans Tezi, 2020."
5346,1346752,24476378,no_match,0.0,,,,,,,"Tison, A. (2022). How can we keep our teachers teaching? Understanding teacher retention through the stories of teachers who stay [Doctoral dissertation, Mills College]. ProQuest Dissertations and Theses Global."
5384,1269717,20927477,no_match,0.0,,,,,,,"Eraslan-Güney, M. (2015). The use of robots in the teaching of renewable energy sources. Unpublished master's theses, Erciyes University, Kayseri, Turkey."
5410,1184540,17092074,strong,1.0,527012,Annelerin evde çocukları ile hikâye kitabı okuma davranışlarının ebeveynlik tutumlarına göre incelenmesi,MÜBERRA ARICI,2018,GAZİ ÜNİVERSİTESİ / ,https://tez.yok.gov.tr/UlusalTezMerkezi/tezDetay.jsp?id=EC2glgHQCsvwwR2AWvU0eg,"Arıcı, M. (2018). Annelerin evde çocukları ile hikâye kitabı okuma davranışlarının ebeveynlik tutumlarına göre incelenmesi (Yüksek Lisans Tezi), Gazi Üniversitesi Eğitim Bilimleri Enstitüsü, Ankara."
5443,1231135,19523322,strong,1.0,493542,İnvaziv girişimler için kullanılan materyallerden oluşturulan oyuncaklar ile oyun oynama deneyiminin kanserli çocuklarda invaziv girişim ağrısına etkisi,HAKİME ASLAN,2018,İNÖNÜ ÜNİVERSİTESİ / ,https://tez.yok.gov.tr/UlusalTezMerkezi/tezDetay.jsp?id=V3TP7rMDTvNIfb46zC-MGw,"Aslan, H. (2018). İnvaziv girişimler için kullanılan materyallerden oluşturulan oyuncaklar ile oyun oynama deneyiminin kanserli çocuklarda invaziv girişim ağrısına etkisi (Doktora tezi). Erişim adresi: https://tez.yok.gov.tr/UlusalTez- Merkezi/tezSorguSonucYeni.jsp"
5462,1375709,25639285,no_match,0.0,,,,,,,"2. Akçalı, Ş., 2015. Görme engellilere yönelik tasarlanan mekânların erişilebilir standartları kapsamında irdelenmesi: Görme engelli kütüphaneleri, Yüksek Lisans Tezi, Dokuz Eylül Üniversitesi, İzmir, s:13."
5516,1311595,23815503,possible,0.689,665980,Tüketici sinizminin öncülleri ve sonuçları: Hizmet sektörü üzerinde bir araştırma,GAMZE AKÇAY,2021,BURSA ULUDAĞ ÜNİVERSİTESİ / ,https://tez.yok.gov.tr/UlusalTezMerkezi/tezDetay.jsp?id=o_ZDFnO_eqAU0Vs-xzQ-Gw,"Akçay, G. (2021). Tüketici sinizminin öncülleri ve sonuçları: Hizmet sektörü üzerinde bir araştırma (Doktora tezi). Erişim adresi: https://avesis.uludag.edu.tr/yonetilen-tez/74e2f048-c356-40ab-97ba-e322e6d8bb88/tuketici- sinizminin-onculleri-ve-sonuclari-hizmet-sektoru-uzerinde-bir-arastirma"
5529,1199790,17860138,strong,1.0,550172,Hemşirelerin iş doyumu ve tükenmişlik düzeyleri ile hemşirelik bakım kalitesinin değerlendirilmesi,MARAL HEZER,2019,BİRUNİ ÜNİVERSİTESİ / ,https://tez.yok.gov.tr/UlusalTezMerkezi/tezDetay.jsp?id=kvqmcXZspJoMbk40lipw7A,"31. Hezer, M. (2019). Hemşirelerin İş Doyumu ve Tükenmişlik Düzeyleri ile Hemşirelik Bakım Kalitesinin Değerlendirilmesi. Yüksek Lisans Tezi. Biruni Üniversitesi Sağlık Bilimleri Enstitüsü, İstanbul."
5531,1205487,18285952,strong,0.97,600897,Sosyal bilgiler ders kitaplarında kültür ve miras ünitesi'nin kazanımlarının incelenmesi,İSMAİL MAY,2019,BURDUR MEHMET AKİF ERSOY ÜNİVERSİTESİ / ,https://tez.yok.gov.tr/UlusalTezMerkezi/tezDetay.jsp?id=vIDVaCl8-uSKFrL4nuvV_A,"May, İ. (2019). Sosyal bilgiler ders kitaplarında kültür ve miras ünitesinde kazanımlarının incelenmesi. [Yüksek lisans tezi, Mehmet Akif Ersoy Üniversitesi]."
5568,1218310,19084049,no_match,0.0,,,,,,,"Sarı, O. (2018). Türk hokey oyuncularının bazı biyo-motorik özellikleri ve reaksiyon zamanlarının araştırılması. Yüksek lisans tezi, Muğla Sıtkı Koçman Üniversitesi, Sağlık Bilimleri Enstitüsü, Muğla."
5578,1201358,17934861,no_match,0.0,,,,,,,"RAMOS-ARENAS, Jaime (2010). A Critıcal Study Of The Language Of Thought Hypothesis, State University Of New York, Yayımlanmamış Doktora Tezi, Buffalo, New York."
5621,1331624,23883394,strong,0.967,320417,"Sosyo-bilimsel konularda bilimsel tartışmanın 8. sınıf öğrencilerinin fen okuryazarlığı, bilimsel tartışmaya eğilim, karar verme becerileri ve bilim-toplum sorunlarına duyarlılıklarına etkisinin araştırılması",FİLİZ GÜLHAN,2012,MARMARA ÜNİVERSİTESİ / ,https://tez.yok.gov.tr/UlusalTezMerkezi/tezDetay.jsp?id=FTKERshtmzEPwYreJhj7MA,"Gülhan, F. (2012). Sosyo-bilimsel konularda bilimsel tartışmanın 8. sınıf öğrencilerinin fen okuryazarlığı, bilimsel tartışmaya eğilim, karar verme becerileri ve bilimtoplum sorunlarına duyarlılıklarına etkisinin araştırılması. [Yayınlanmamış yüksek lisans tezi]. Marmara Üniversitesi."
5646,1266130,20747871,strong,0.928,525488,Eğitim programları ve öğretim bilim dalı doktora programlarının değerlendirilmesi,SAADET AYLİN YAĞAN,2018,ESKİŞEHİR OSMANGAZİ ÜNİVERSİTESİ / ,https://tez.yok.gov.tr/UlusalTezMerkezi/tezDetay.jsp?id=nMa5Hgp03JIUlL4XxzQYuQ,"Yağan, S. A. (2018). Eğitim programları ve öğretim bilim dalı doktora programlarının değerlendirilmesi. (Yayınlanmamış doktora tezi.) Eskişehir Osmangazi Üniversitesi, Eskişehir, Türkiye."
5659,1324759,25796092,no_match,0.0,,,,,,,"Tezcan, Esma Sena. Türk Ceza Yargılama Usûlünde İlk Kanun: 1879 Tarihli Usûl-i Muhâkemât-ı Cezaiye Kanun-ı Muvakkati ve Mahkemelerin Görev ve Yetkisi. Marmara Üniversitesi Sosyal Bilimler Enstitüsü, Yüksek Lisans Tezi, 2022."
5836,1298669,23232048,possible,0.673,357116,Argümantasyon temelli fen öğretiminin bilimin doğasına ilişkin görüşler ve epistemolojik inançlar üzerine etkisi,GÜL HANIM BORAN,2014,PAMUKKALE ÜNİVERSİTESİ / ,https://tez.yok.gov.tr/UlusalTezMerkezi/tezDetay.jsp?id=jnb_mdjr2xe_Qph1-FWxTw,"Boran, G. H. (2014). Argümantasyon temelli fen öğretiminin bilimin doğasına ilişkin görüşler ve epistemolojik inançlar üzerine etkisi [The effect of argumentation-based science teaching on views on the nature of science and epistemological beliefs] (Unpublished doctoral thesis). Retrieved from https://tez.yok.gov.tr/UlusalTezMerkezi/giris.jsp (Thesis no: 357116)."
5973,1353674,24753524,strong,0.957,205891,Aile işletmelerinde yönetimin bir sonraki kuşağa devrinde karşılaşılan sorunların tespitine ve bu sorunların çözümüne ilişkin bir araştırma,RIDVAN GÜNEL,2005,ÇUKUROVA ÜNİVERSİTESİ / ,https://tez.yok.gov.tr/UlusalTezMerkezi/tezDetay.jsp?id=BHcpxJfVXc--yySOno2ZMw,"(37) Günel, R. (2005). Aile işletmelerinde yönetimin bir sonraki kuşağa devrinde karşılaşılan sorunların tespitine ve bu sorunların çözümüne ilişkin bir araştırma. (Yayınlanmamış yüksek lisans tezi). Çukurova Üniversitesi Sosyal Bilimler Enstitüsü, Adana."
6006,1372352,25516119,no_match,0.0,,,,,,,"Kim, M. (2021). Analysis of Factors related to Occurrence of Traffic Accidents and Laboratory Accidents on a University Campus in South Korea for 10 years. [Yüksek Lisans Tezi, Seoul National University]. https://www.dbpia.co.kr/journal/detail?nodeId=T15825825."
6012,1355683,24841692,no_match,0.0,,,,,,,"UYSAL, Nurhan, Kuyud-ı Kadim Arşivindeki 416 Numaralı Deftere Göre Kuzey Yunanistan’da Osmanlı Vakıfları, Yüksek Lisans Tezi, Namık Kemal Üniversitesi Sosyal Bilimler Enstitüsü, Tekirdağ 2022."
6056,1344437,24395099,strong,1.0,437415,Bireysel ve sosyal sorumluluk modelinin sorumluluk davranışlarının kazandırılmasında kullanılması: TVF Spor Lisesi örneği,BİJEN FİLİZ,2016,HACETTEPE ÜNİVERSİTESİ / ,https://tez.yok.gov.tr/UlusalTezMerkezi/tezDetay.jsp?id=Lo0aJftofT3tcou3JtMkaw,"Filiz, B. (2016). Bireysel ve sosyal sorumluluk modelinin sorumluluk davranışlarının kazandırılmasında kullanılması: Tvf spor lisesi örneği. (Tez No. 437415) [Doktora tezi, Hacettepe Üniversitesi]. Yükseköğretim Kurulu Ulusal Tez Merkezi."
6061,1324682,23583814,strong,1.0,266849,"Gelişimi İzleme Ve Destekleme Rehberi'nin Dünya Sağlık Örgütü (DSÖ) İşlevsellik, Yetiyitimi Ve Sağlığın Uluslararası Sınıflandırması (ICF-CY)'na uyarlanması ve 0-5 yaş arası kronik hastalığı olan çocukların değerlendirilmesinde geçerliliği",NİLÜFER GALİP,2010,ANKARA ÜNİVERSİTESİ / ,https://tez.yok.gov.tr/UlusalTezMerkezi/tezDetay.jsp?id=doRu_mmMV0C4WYs9ComUsg,"19. Galip N. Gelişimi İzleme Ve Destekleme Rehberi`nin Dünya Sağlık Örgütü (DSÖ) İşlevsellik, Yetiyitimi Ve Sağlığın Uluslararası Sınıflandırması (ICF-CY)`na uyarlanması ve 0-5 yaş arası kronik hastalığı olan çocukların değerlendirilmesinde geçerliliği, Ankara Üniversitesi Tıp Fakültesi, Tez araştırması 2010. Available from: https://acikbilim.yok.gov.tr/handle/20.500.12812/505027 Accessed March, 11, 2025."
6151,1293615,22081464,strong,1.0,487933,Bilgi ve iletişim teknolojileri entegrasyonunu sağlamak amacıyla yürütülen sosyal ağ destekli bilişim teknolojileri dersinin etkinliğine ilişkin bir durum çalışması,ÖZGE KELLECİ,2015,MUSTAFA KEMAL ÜNİVERSİTESİ / ,https://tez.yok.gov.tr/UlusalTezMerkezi/tezDetay.jsp?id=XdVOeTCrby5iAfeIH7-gbg,"Öztürk, Ö. (2015). Bilgi ve iletişim teknolojileri entegrasyonunu sağlamak amacıyla yürütülen sosyal ağ destekli bilişim teknolojileri dersinin etkinliğine ilişkin bir durum çalışması (Doktora Tezi). Fen Bilimleri Enstitüsü Mustafa Kemal Üniversitesi, Hatay."
6154,1351467,24665913,strong,0.995,55879,"Kıyı alanları ile ilgili mevzuat, kıyı kentlerinin sorunları ve kıyı planlamasına ışık tutacak ilkelerin saptanması",BETÜL AY,1996,İSTANBUL TEKNİK ÜNİVERSİTESİ / ,https://tez.yok.gov.tr/UlusalTezMerkezi/tezDetay.jsp?id=c0MDSCXlLhZsU5L0Yd9V2g,"Ay, B. (1996). Kıyı Alanları İle İlgili Mevzuat, Kıyı Kentlerinin Sorunları ve Kıyı Planlamasına Işık Tutacak İlkelerin Saptanması (Doctoral dissertation, Fen Bilimleri Enstitüsü)."
6254,1246422,19927088,no_match,0.0,,,,,,,"Yavuz, Mustafa. Kastamonu Medreseleri ve Uleması. İstanbul: Marmara Üniversitesi Sosyal Bilimler Enstitüsü, Doktora Tezi, 2023"
6297,1235626,19511270,strong,1.0,639069,Hemşirelerin sabır ve tükenmişlik düzeylerinin belirlenmesi,SAHURE TANGÜNÜ,2020,GAZİ ÜNİVERSİTESİ / ,https://tez.yok.gov.tr/UlusalTezMerkezi/tezDetay.jsp?id=Vy4XufxaDbOFxzK1hOoHJw,36.Tangünü S. Hemşirelerin sabır ve tükenmişlik düzeylerinin belirlenmesi. [master’s thesis]. [Ankara]: Gazi Üniversitesi; 2020. 77 p.
6327,1298710,23317408,strong,1.0,608442,Çevrimiçi biçimlendirmeye yönelik bir değerlendirme aracı olarak Plickers: Öğrenci ve öğretmen görüşleri,ALPER GÜRIŞIK,2018,GAZİ ÜNİVERSİTESİ / ,https://tez.yok.gov.tr/UlusalTezMerkezi/tezDetay.jsp?id=r4sqZCxHiUvLuGYZbXfYpQ,"Gürışık, A. (2018). Çevrimiçi biçimlendirmeye yönelik bir değerlendirme aracı olarak Plickers: Öğrenci ve öğretmen görüşleri [Plickers as an online formative assessment tool: Opinions of students and teachers]. (Unpublished Master Thesis), Gazi University, Institute of Educational Sciences, Ankara, Turkey. Retrieved from https://tez.yok.gov.tr/UlusalTezMerkezi/"
6339,1331086,23856182,strong,0.783,677911,Boş zaman motivasyonu ve yaşam tatmini ilişkisinde boş zaman tatminin aracılık etkisi: Üniversite öğrencileri üzerine bir araştırma,EBRU BARAKAZI,2021,ANKARA HACI BAYRAM VELİ ÜNİVERSİTESİ / ,https://tez.yok.gov.tr/UlusalTezMerkezi/tezDetay.jsp?id=zsKDPYgPpMlRvBFFe6zpyg,"Barakazi, E. (2021). Boş Zaman Motivasyonu ve Yaşam Tatmini İlişkisinde Boş Zaman Tatmininin Aracılık Etkisi: Üniversite Öğrencileri Üzerine Bir Araştırma. Doktora Tezi, Ankara Hacı Bayram Veli Üniversitesi. Ankara."
6345,1374869,25610545,no_match,0.0,,,,,,,"BOURQUIN, C. (2023). L’ordre juridictionnel administratif. (Yayımlanmamış Doktora Tezi, Université Bourgogne Franche-Comté). Besançon."
6357,1276215,21223194,strong,1.0,514320,Yabancılara Türkçe öğretiminde kullanılan ders kitaplarındaki dil bilgisi öğretim yöntemlerinin incelenmesi,EMRE KAYASANDIK,2018,AKDENİZ ÜNİVERSİTESİ / ,https://tez.yok.gov.tr/UlusalTezMerkezi/tezDetay.jsp?id=LPFz_NHqzbMDTeomkpRHSw,"Kayasandık, E. (2018). Yabancılara Türkçe öğretiminde kullanılan ders kitaplarındaki dil bilgisi öğretim yöntemlerinin incelenmesi. Yayımlanmamış yüksek lisans tezi, Akdeniz Üniversitesi, Antalya."
6361,1256066,20341237,no_match,0.0,,,,,,,"Reynolds, D. E. (2000). Pygmalion in Management: Understanding Supervisory Expectations As an Antecedent of Managerial Self-Efficacy, Phd Thesis, Cornell University, New York."
6374,1276350,21403502,no_match,0.0,,,,,,,"Küçüksözen, C. (2004). Finansal Bilgi Manipülasyonu: Nedenleri, Yöntemleri, Amaçları, Teknikleri, Sonuçları ve İMKB Şirketleri Üzerine Bir Uygulama. (Yayınlanmamış Doktora Tezi). Ankara Üniversitesi Sosyal Bilimler Enstitüsü, Ankara."
6378,1305277,22880439,possible,0.694,586912,Boşanmış aile çocuklarındaki uyum problemleri: Ortak ebeveynlik açısından bir inceleme,EBRU KARATAŞ,2019,İSTANBUL ÜNİVERSİTESİ / ,https://tez.yok.gov.tr/UlusalTezMerkezi/tezDetay.jsp?id=FoagtBFQD3zD051O_u_qRg,"Karataş, E., (2019). Boşanmış Aile Çocuklarındaki Uyum Problemleri: Ortak Ebeveynlik Açısından Bir İnceleme, Yüksek Lisans Tezi, İstanbul: İstanbul Üniversitesi Sosyal Bilimler Enstitüsü."
6392,1252299,20176868,strong,0.896,214430,Öyküleştirme yönteminin 6. sınıf sosyal bilgiler programı ülkemizin kaynakları ünitesindeki öğrenci başarısı üzerine etkisi,E. ÖZLEM YİĞİT,2007,ABANT İZZET BAYSAL ÜNİVERSİTESİ / ,https://tez.yok.gov.tr/UlusalTezMerkezi/tezDetay.jsp?id=zPpKU8VHQqIxgorf8EVraw,"Yiğit, E. Ö. (2007). Öyküleştirme yönteminin 6. sınıf sosyal bilgiler programı ülkemizin kaynakları ünitesindeki öğrenci başarısı üzerine etkisi. (Unpublished master’s thesis), Abant İzzet Baysal Üniversitesi Sosyal Bilimler Enstitüsü, Bolu."
6419,1290794,22971390,strong,1.0,439782,Teknoloji yönetiminin başarısında örgütsel yapı ve insan kaynakları yönetimi unsurlarının etkisi üzerine bir araştırma,BÜLENT AKKOYUN,2015,İNÖNÜ ÜNİVERSİTESİ / ,https://tez.yok.gov.tr/UlusalTezMerkezi/tezDetay.jsp?id=iNqCXxXbnNu6xEOMEzuROw,"Akkoyun, B. (2015). Teknoloji yönetiminin başarısında örgütsel yapı ve insan kaynakları yönetimi unsurlarının etkisi üzerine bir araştırma, (Yüksek Lisans Tezi, İnönü Üniversitesi, Malatya)."
6484,1372051,26018149,strong,1.0,647561,Görme engelliler için müziksel okumaya yönelik Braille tabanlı donanımsal arayüz tasarımı,BURAK AYAZ,2020,YILDIZ TEKNİK ÜNİVERSİTESİ / ,https://tez.yok.gov.tr/UlusalTezMerkezi/tezDetay.jsp?id=_Lwr6s0nCqkWOqoCIsOCbA,"Ayaz, B. (2020). Görme engelliler için müziksel okumaya yönelik braille tabanlı donanımsal arayüz tasarımı. [Yayımlanmamış yüksek lisans tezi]. Yıldız Teknik Üniversitesi."
6493,1208260,18347697,no_match,0.0,,,,,,,"Tekin, E. (2017). Süleyman Bulut’un çocuk kitaplarının çocuk edebiyatının temel il- keleri açısından incelenmesi [Yayımlanmamış yüksek lisans tezi]. Balıkesir Üniversitesi, Sosyal Bilimler Enstitüsü, Balıkesir."
6523,1328851,24560477,no_match,0.0,,,,,,,"Apa, G., 2007. Selatin Camii Minberleri, Doktora Tezi, Selçuk Üniversitesi. Konya."
6529,1192635,17494157,no_match,0.0,,,,,,,"Avcı HS. (2012). Kemoterapi alan Akut Miyeloblastik Lösemili hastalarda akupresürün bulantı-kusma üzerine etkisinin değerlendirilmesi, Gaziantep Üniversitesi, Sağlık Bilimleri Enstitüsü, Yüksek lisans tezi, 86s, Gaziantep."
6533,1192635,17494200,strong,0.821,445341,Masaj ve inhaler yollarla uygulanan aromaterapinin kemoterapiye bağlı akut bulantı kusmaya etkisinin karşılaştırılması,PINAR ZORBA,2016,HACETTEPE ÜNİVERSİTESİ / ,https://tez.yok.gov.tr/UlusalTezMerkezi/tezDetay.jsp?id=-QBJp1y5007dHbcNtzYz1w,"Zorba P. (2016). Masaj ve inhaler yollarla uygulanan aromaterapinin kemoterapiye bağlı akut bulantı-kusmaya etkisinin karşılaştırılması, Hacettepe Üniversitesi, Sağlık Bilimleri Enstitüsü, Doktora tezi, 95s, Ankara."
6667,1192363,17479995,no_match,0.0,,,,,,,"21. Balkış M. Lise Öğrencilerinin Beslenme Alışkanlık- ları, Probiyotik Süt Ürünleri Tüketim Sıklıkları Ve Bilgilerinin Belirlenmesi: Kulu Örneği. Yüksek Li- sans Tezi. Selçuk Üniversitesi Sosyal Bilimler Ensti- tüsü, Konya 2011; ss. 63"
6707,1312231,22872324,no_match,0.0,,,,,,,"ÜNVERDİ, Veysi. “Kâdî Abdulcebbâr’da İrâde”. Doktora Tezi, Ankara Üniversitesi, 2012."
6746,1235990,20468107,no_match,0.0,,,,,,,"Karaduman, T. (2015). Düzce’de Yaşayan Yetişkin Bireylerin Popüler Diyetleri Öğrendikleri Kaynaklar, Popüler Diyetler Hakkındaki Bilgileri ve Yanlış Uygulamaları. (Yayınlanmış Yüksek Lisans Tezi). Başkent Üniversitesi, Sağlık Bilimleri Enstitüsü, Ankara."
6789,1216631,18643490,strong,0.847,304267,"Yabancılara Türkçe öğretiminde metindilbilimsel ölçütler çerçevesinde bir sadeleştirme denemesi: Sait Faik Abasıyanık, Meserret Oteli",HANDE BAKAN,2012,ANKARA ÜNİVERSİTESİ / ,https://tez.yok.gov.tr/UlusalTezMerkezi/tezDetay.jsp?id=4wK5w40UAExm07IpgTls3A,"Bakan, H. (2012). Yabancılara Türkçe öğretiminde metindilbilimsel ölçütler çerçevesinde bir sadeleştirme denemesi: Sait Faik Abasıyanık, ""Meserret Oteli"" (Yayımlanmamış yüksek lisans tezi). Ankara: Ankara Üniversitesi."
6791,1305897,22604038,no_match,0.0,,,,,,,"Çevirme, Hülya. Murathan Mungan’ın Hikayelerinin Kültür Yapılarının Değerlendirilmesi ve Greimas Göstergebilim Yöntemine Göre Yapısal Özelliklerinin İncelenmesi. Erzurum: Atatürk Üniversitesi, Sosyal Bilimler Enstitüsü, Doktora Tezi, 1999."
6804,1252919,20202525,no_match,0.0,,,,,,,"Demir, İ. (2022). The effect of educational digital games on student success and motivation in science course: the example of pure substances [Unpublished master's thesis]. Ondokuz Mayıs University."
6834,1319885,23367186,no_match,0.0,,,,,,,"Şimşek, Esma. Yukarı Çukurova Masallarında Motif e Tip Araştırması. Elazığ: Fırat Üniversitesi, Sosyal Bilimler Üniversitesi, Doktora Tezi, 1990."
6860,1250146,20090384,possible,0.609,516774,Psikolojik açıdan ateizm: Nitel bir araştırma,DERYA GÜLFİL,2018,ÇUKUROVA ÜNİVERSİTESİ / ,https://tez.yok.gov.tr/UlusalTezMerkezi/tezDetay.jsp?id=jBV_G_f9yDtPw2xCEJ-AIQ,"Gülfil, Derya. Psikolojik Açıdan Ateizm: Nitel Bir Araştırma. Adana: Çukurova Üniversitesi Sosyal Bilimler Enstitüsü, Doktora Tezi, 2018."
6874,1306529,22621789,no_match,0.0,,,,,,,"Bulut, F. (2007). “Abdülkadir Budak’ın Hayatı, Sanatı ve Şiirlerinin Tematiik Açıdan İncelenmesi”, Kars: Kafkas Üniversitesi Sosyal Bilimler Enstitüsü, Yayımlanmamış Yüksek Lisans Tezi."
6897,1322636,23498601,no_match,0.0,,,,,,,"Levison, Deborah (1991). Children's labor force activity and schooling in Brasil. Ph.D. Thesis, The University of Michigan, Michigan."
6901,1270497,20974319,strong,0.879,757026,Tarihi ve kültürel mimari yapılardaki motiflerin CNC ahşap işleme olanakları kullanılarak modern yapılarda uygulanması: Amasya Mehmet Paşa cami örneği,EVREN OSMAN ÇAKIROĞLU,2022,DÜZCE ÜNİVERSİTESİ / ,https://tez.yok.gov.tr/UlusalTezMerkezi/tezDetay.jsp?id=S40-AIqOeBzGLgHPBXLYKA,"Çakıroğlu, E.O. (2022). “Tarihi Ve Kültürel Mimari Yapılardaki Motiflerin Cnc Ahşap İşleme Olanakları Kullanılarak Modern Yapılarda Uygulanması: Amasya Mehmet Paşa Cami Örneği”. Doktora Tezi. Düzce Üniversitesi, Lisansüstü Eğitim Enstitüsü, Düzce."
6913,1307885,22673205,no_match,0.0,,,,,,,"Meyer, A. M. (2016). The impact of onboarding levels on perceived utility, organizational commitment, organizational support, and job satisfaction. [Dissertation of Doctoral], Southern Illinois University at Edwardsville."
6940,1261096,20649325,strong,1.0,823586,Mersin ili Mut ilçesi halk kültürü araştırması,NAZİFE SANDAL,2023,MERSİN ÜNİVERSİTESİ / ,https://tez.yok.gov.tr/UlusalTezMerkezi/tezDetay.jsp?id=IShP8UHSu9N-SQGlGn0JZw,"Sandal, N. (2023). Mersin ili Mut ilçesi halk kültürü araştırması. Mersin: Mersin Üniversitesi Sosyal Bilimler Enstitüsü Yayımlanmamış Yüksek Lisans Tezi."
6977,1278982,21351015,no_match,0.0,,,,,,,"Zeyneloğlu, S. (2008). Attitudes of nursing students enrolled at university in Ankara towards gender roles (Publication No. 224217) [Master’s thesis, Hacettepe University] https://tez.yok.gov.tr/UlusalTezMerkezi/tezSorguSonucYeni.jsp"
7017,1312589,22899404,no_match,0.0,,,,,,,"Üney, Ö. M. (2021). Türkiye’de tarımsal finansmanda kooperatifçiliğin önemi [Yayımlanmamış Yüksek Lisans Tezi]. Şeyh Edebali Üniversitesi, Sosyal Bilimler Enstitüsü."
7073,1388887,26063157,no_match,0.0,,,,,,,38. Katırcıbaşı G. Şizofreni Tanılı Bi̇reylerde Serbest Zamanla İlişkili Ergoterapi Müdahalesi̇ni̇n Etki̇si̇ni̇n İncelenmesi̇. [Yayımlanmamış doktora tezi]. Hacettepe Üniversitesi. Ankara. 2022.
7080,1195495,17677946,strong,1.0,263825,İlköğretim beşinci sınıf öğrencilerinin sosyal bilgiler programında verilen değerleri edinme düzeyleri (Erzincan örneği),NİHAN AKTAŞ,2010,ATATÜRK ÜNİVERSİTESİ / ,https://tez.yok.gov.tr/UlusalTezMerkezi/tezDetay.jsp?id=2tODB3wx1JnoI0FnKAgwXg,"Aktaş, N. (2010). İlköğretim beşinci sınıf öğrencilerinin sosyal bilgiler programında verilen değerleri edinme düzeyleri (Erzincan örneği). (Yayımlanmamış yüksek lisans tezi). Atatürk Üniversitesi, Sosyal Bilimler Enstitüsü, Erzurum."
7086,1273070,21071192,no_match,0.0,,,,,,,"Lynn. S J. (2013). Teacher burnout and its relationships with academic optimism, teacher socialization, and teacher cohesiveness (Doctoral dissertation). Fordham University, ProQuest. https://www.proquest.com/docview/1312339146"
7159,1369368,25406990,strong,1.0,778887,21. yüzyıl becerileri çerçevesinde ortaöğretim din kültürü ve ahlak bilgisi öğretim programlarının analizi,SEVİM ÜNAL,2023,İSTANBUL ÜNİVERSİTESİ / ,https://tez.yok.gov.tr/UlusalTezMerkezi/tezDetay.jsp?id=vqbWMKNFkJhb5Is8m7Xv5w,"Ünal, S. (2023). 21. Yüzyıl becerileri çerçevesinde ortaöğretim din kültürü ve ahlak bilgisi öğretim programlarının analizi [Doktora Tezi]. İstanbul Üniversitesi."
7162,1225584,19358204,no_match,0.0,,,,,,,"Cornioley, Pierre. “Naturalis Obligatio: Essai Sur L’origine et L’évolution de la Notion en Droit Romain.” Doktora Tezi, Université de Genève, 1964."
7205,1227486,19107371,no_match,0.0,,,,,,,"Kabataş, S. (2019). Evaluation of teacher candidates' perceptions of digital citizenship in terms of lifelong learning attitudes [Unpublished master’s thesis]. Bartın University."
7215,1212317,18487978,possible,0.625,280959,Toplumsal ilişkilerin sosyal sermaye değeri : Topluluk duygusu ve sosyal sermaye üzerine bir araştırma,MEHMET ALİ AYDEMİR,2011,SELÇUK ÜNİVERSİTESİ / ,https://tez.yok.gov.tr/UlusalTezMerkezi/tezDetay.jsp?id=9FYpV1imMck9bSkuOHU3YQ,"Aydemir, M. A. (2011). Toplumsal İlişkilerin Sosyal Sermaye Değeri: Topluluk Duygusu ve Sosyal Sermaye Üzerine Bir Araştırma. (Doktora Tezi). Selçuk Üniversitesi Sosyal Bilimler Enstitüsü, Konya."
7226,1310029,22760348,strong,1.0,544620,Parçalanmış ailede ve tam ailede büyümüş kişilerin yetişkin ayrılık anksiyetesi belirtileri açısından karşılaştırılması,HANDE ZEYNEP BAYHAN,2019,İSTANBUL GELİŞİM ÜNİVERSİTESİ / ,https://tez.yok.gov.tr/UlusalTezMerkezi/tezDetay.jsp?id=_uh2N5o6xRnhqVJEVk1WhA,"BAYHAN, H. Z. (2019). Parçalanmış ailede ve tam ailede büyümüş kişilerin yetişkin ayrılık anksiyetesi belirtileri açısından karşılaştırılması (Yayımlanmamış yüksek lisans tezi), İstanbul Gelişim Üniversitesi, İstanbul."
7228,1310029,22760380,strong,1.0,541313,Yetişkin ayrılma anksiyetesi ve bağlanma arasındaki ilişki,ESMA İLHAN,2018,İSTANBUL GELİŞİM ÜNİVERSİTESİ / ,https://tez.yok.gov.tr/UlusalTezMerkezi/tezDetay.jsp?id=mzVOs9BF1bozFRQd36-19Q,"İLHAN, E. (2018). Yetişkin ayrılma anksiyetesi ve bağlanma arasındaki ilişki. (Yayımlanmamış yüksek lisans tezi). İstanbul Gelişim Üniversitesi, İstanbul."
7248,1152492,15997960,no_match,0.0,,,,,,,"[4] C. Parsons, The politics of deep packet inspection: What drives surveillance by internet service providers?, Ph.D. thesis, 2013."
7393,1319082,23327934,strong,1.0,897561,Eko-etiketli kişisel bakım ürünlerine yönelik tutumların satın alma davranışı üzerindeki etkisi,FATMA ZEYBEK,2024,BANDIRMA ONYEDİ EYLÜL ÜNİVERSİTESİ / ,https://tez.yok.gov.tr/UlusalTezMerkezi/tezDetay.jsp?id=KdVyY11Z-qaZg_e4tjAZ_A,"Zeybek, F. (2024). Eko-Etiketli Kişisel Bakım Ürünlerine Yönelik Tutumların Satın Alma Davranışı Üzerindeki Etkisi. Doktora tezi. Bandırma: Bandırma Onyedi Eylül Üniversitesi."
7418,1384806,25935324,strong,0.867,892019,Türk Ceza Hukukunda insan ticareti suçu,ALİ SAVAŞ ÇUBUKÇUOĞLU,2024,ERZİNCAN BİNALİ YILDIRIM ÜNİVERSİTESİ / ,https://tez.yok.gov.tr/UlusalTezMerkezi/tezDetay.jsp?id=K16R5x_Il5xjO2KIFqrizg,"Çubukçuoğlu, Ali Savaş. Türk Ceza Hukukunda İnsan Ticareti Suçu, Yayınlanmamış Doktora Tezi, Erzincan, 2024."
7453,1265230,20802584,strong,0.987,449974,Ortaokul öğrencilerinin zihnin geometrik alışkanlıklarının kazanımına yönelik dinamik geometri yazılımındaki öğrenme süreçleri,CANDAŞ UYGAN,2016,ANADOLU ÜNİVERSİTESİ / ,https://tez.yok.gov.tr/UlusalTezMerkezi/tezDetay.jsp?id=0RkEufklSVZXl7tW6Xsz_w,"Uygan, C. (2016). Ortaokul öğrencilerinin zihnin geometrik alışkanlıklarının kazanımına yönelik dinamik geometrı̇ yazılımındakı̇ öğrenme süreçlerı̇ [Doktora Tezi]. Anadolu Üniversitesi Eğitim Bilimleri Enstitüsü."
7655,1199030,17829391,possible,0.671,462290,Sosyal psikolojik açıdan toplumsal cinsiyet ve atasözleri: Erkek egemen cinsiyetçiliğin Türk atasözlerine yansıması,GİZEM PASİN,2017,ÇAĞ ÜNİVERSİTESİ / ,https://tez.yok.gov.tr/UlusalTezMerkezi/tezDetay.jsp?id=wakC0rzKWCHEu03_fHnCOg,"Pasin, G. (2017). Sosyal Psikolojik Açıdan Toplumsal Cinsiyet ve Atasözleri: Erkek Egemen Cinsiyetçiliğin Türk Atasözlerine Yansıması. Yüksek Lisans Tezi. Mersin: Çağ Üniv."
7678,1292835,23018056,strong,1.0,695496,Lise öğrencilerinin 21. yüzyıl becerilerini algılama düzeylerinin incelenmesi,BORA SERHAT ÇELİK,2021,BİRUNİ ÜNİVERSİTESİ / ,https://tez.yok.gov.tr/UlusalTezMerkezi/tezDetay.jsp?id=G-ZwKtV3WdmdVD-JIWRNKw,"Çelik, S. (2021). Lise öğrencilerinin 21. yüzyıl becerilerini algılama düzeylerinin incelenmesi [Yayımlanmamış yüksek lisans tezi]. Biruni Üniversitesi. https://hdl.handle.net/20.500.12445/2073"
7700,1303026,22496694,no_match,0.0,,,,,,,"Teague, G. L. (2014). The relationship between creativity and enrollment in fine arts or International Baccalaureate Diploma Programme coursework, (Unpublished doctoral thesis), Education Faculty/Lindenwood University, U.S."
7762,1369679,25418059,strong,1.0,674295,Raf ömrü uzun lüpen unu üretimi ve besinsel-fonksiyonel özellikleri geliştirilmiş makarna ve ekmek üretiminde kullanımı,ELİF YAVER,2021,NECMETTİN ERBAKAN ÜNİVERSİTESİ / ,https://tez.yok.gov.tr/UlusalTezMerkezi/tezDetay.jsp?id=giAqkUDM0CHit5hetcA9WQ,"Yaver, E. (2021). Raf ömrü uzun lüpen unu üretimi ve besinsel-fonksiyonel özellikleri geliştirilmiş makarna ve ekmek üretiminde kullanımı. [Yayımlanmamış doktora tezi]. Necmettin Erbakan Üniversitesi."
7788,1268326,20841687,strong,0.939,337535,Ticari bankalar ile katılım bankalarının kârlılık performanslarının topsis yöntemi ile karşılaştırılması,HAŞİM BAĞCI,2013,DOKUZ EYLÜL ÜNİVERSİTESİ / ,https://tez.yok.gov.tr/UlusalTezMerkezi/tezDetay.jsp?id=x2BPbqY-n523Uo9cijNzfA,"Bağcı, H. (2013). Ticari Bankalar ile Katılım Bankalarının Karlılık Performanslarının TOPSIS Yöntemi ile Karşılaştırılması. Unpublished Doctoral Dissertation, DEÜ Sosyal Bilimleri Enstitüsü."
7826,1261266,20616320,no_match,0.0,,,,,,,"Aslanoğulları, M. (2014). Lerch’in zazaki derlemelerinin çevrimyazımı ve türlerine göre sözcüklerin tahlili. (Yayımlanmamış yüksek lisans tezi). Bingöl Üniversitesi Yaşayan Diller Enstitüsü, Bingöl."
7853,1193873,18354744,no_match,0.0,,,,,,,"*Süel, E. E. (2011). İlköğretim 1. sınıf üstün ve normal zekâ düzeyindeki öğrencilerin fonolojik farkındalık düzeylerinin okuma başarıları üzerine etkisinin karşılaştırılması [Yayımlanmamış yüksek lisans tezi]. İstanbul Üniversitesi."
7859,1311839,22850416,strong,1.0,638096,Dört- altı yaş çocukların sosyal ve oyun davranışları ile ebeveyn tutumları arasındaki ilişkinin incelenmesi,TUĞÇE DÖKER,2020,İNÖNÜ ÜNİVERSİTESİ / ,https://tez.yok.gov.tr/UlusalTezMerkezi/tezDetay.jsp?id=8jcd34gzom8aCw7uErFfDQ,"Döker, T. (2020). Dört-altı yaş çocukların sosyal ve oyun davranışları ile ebeveyn tutumları arasındaki ilişkinin incelenmesi, [Yüksek lisans tezi]. İnönü Üniversitesi."
7875,1235045,20385291,strong,1.0,12038,Sosyo-ekonomik açıdan Ortadoğu bölgesinde gıda güvenliği,ATİLA ARTAM,1991,İSTANBUL ÜNİVERSİTESİ / ,https://tez.yok.gov.tr/UlusalTezMerkezi/tezDetay.jsp?id=Z3KwAyqdLHhx20kYqsyoPQ,"ARTAM Atila (1991). Sosyo-Ekonomik Açıdan Ortadoğu Bölgesinde Gıda Güvenliği, Doktora Tezi, T.C. İstanbul Üniversitesi, İstanbul."
7880,1168560,17123660,strong,1.0,483373,"Örgütsel çekicilik, örgütsel imaj ve örgütsel sadakat arasındaki ilişkilerin öğretmen görüşlerine göre incelenmesi",YENER AKMAN,2017,HACETTEPE ÜNİVERSİTESİ / ,https://tez.yok.gov.tr/UlusalTezMerkezi/tezDetay.jsp?id=X6FThIwYS7ZLz06SGOqm5g,"Akman, Y. (2017). Örgütsel çekicilik, örgütsel imaj ve örgütsel sadakat arasındaki ilişkilerin öğretmen görüşlerine göre incelenmesi (Yayımlanmamış doktora tezi). https://tez.yok.gov.tr/UlusalTezMerkezi/’nden edinilmiştir (Tez no. 483373)."
7886,1248258,21743855,strong,1.0,301970,İlköğretim birinci kademe öğrenci velilerinin okuldan beklentilerinin karşılanma düzeylerinin incelenmesi,FATMA AKBIYIKOĞLU,2011,UŞAK ÜNİVERSİTESİ / ,https://tez.yok.gov.tr/UlusalTezMerkezi/tezDetay.jsp?id=w3zI729_-Wee2ibIwbIfWQ,"Akbıyıkoğlu, F. (2011). İlköğretim birinci kademe öğrenci velilerinin okuldan beklentilerinin karşılanma düzeylerinin incelenmesi. (Yüksek Lisans Tezi. Uşak Üniversitesi, Uşak). Erişim adresi: https://acikbilim.yok.gov.tr/handle/20.500.12812/691735."
7892,1233067,19567870,no_match,0.0,,,,,,,"ERÂZİ, O. (1386).Naqshbandiyya in the Timurid period. süper. Mohammad Hassan Razanhan.Master's degree thesis, Faculty of Literature and Humanities, Department of History."
7953,1218205,19076613,no_match,0.0,,,,,,,"Siğnâkī, Hüsâmüddîn Hüseyn b. Alî b. Haccâc el-Buhârî. en-Nihâye şerḥi’l-Hidâye (Şerḥu Bidâyeti’l-mübtedî). 25 Cilt. thk. Komisyon. Câmiatü Üm-mi’l-Kurâ, Külliyyetü’ş-Şerîati ve’d-dirâseti’l-İslâmiyye, Merkezü’d-Dirâseti’l- İslâmiyye, Yüksek Lisans Tezi, 1435-1438."
7959,1198343,17791183,strong,1.0,342584,Zihin engellilere özbakım ve ev içi becerilerinin öğretiminde ailelere yönelik beceri öğretimi yazılımının geliştirilmesi ve değerlendirilmesi,SERKAN ÇANKAYA,2013,ANADOLU ÜNİVERSİTESİ / ,https://tez.yok.gov.tr/UlusalTezMerkezi/tezDetay.jsp?id=CPcznPSa3vI8TNsVz3vK8g,"Çankaya, S. (2013). Zihin engellilere özbakım ve ev içi becerilerinin öğretiminde ailelere yönelik beceri öğretimi yazılımının geliştirilmesi ve değerlendirilmesi. Doktora Tezi, Anadolu Üniversitesi Eğitim Bilimleri Enstitüsü, Eskişehir"
7979,1228505,19163572,strong,0.894,287863,Erzin ve Dörtyol ilçelerinde yoksulluk,YASEMİN DALKILIÇ,2011,SÜLEYMAN DEMİREL ÜNİVERSİTESİ / ,https://tez.yok.gov.tr/UlusalTezMerkezi/tezDetay.jsp?id=rosPbAXphs2h5JGKZLdtuQ,"Dalkılıç, Y. (2011). Erzin ve Dörtyol ilçelerinde yoksulluk, Basılmamış Yüksek Lisans Tezi, SDÜ, Sosyal Bilimler Enstitüsü, Isparta."
8038,1270545,21791696,no_match,0.0,,,,,,,"Işık, K. (1980). Kızılçamda (Pinus brutia Ten.) populasyonlar arası ve ve populasyon içi genetik çeşitliliğin araştırılması, Tohum ve Fidan karakterleri, ODTÜ Biyoloji Bölümü, Doçentlik Tezi, 149 s., Ankara."
8070,1197954,17772067,possible,0.677,590393,Yabancı ile bir arada yaşama ve ötekileştirme: Mardin halkının bakışından Suriyeli sığınmacılar,FATİMA DOĞAN,2019,AYDIN ADNAN MENDERES ÜNİVERSİTESİ / ,https://tez.yok.gov.tr/UlusalTezMerkezi/tezDetay.jsp?id=dXPqC3E3JRcZFi1XdXfKUA,"Doğan, F. (2019). Yabancı ile bir arada yaşama ve ötekileştirme: Mardin halkının bakışından Suriyeli sığınmacılar (Yüksek lisans tezi). Aydın Adnan Menderes Üniversitesi, Sosyal Bilimler Enstitüsü. Aydın."
8076,1263833,20675409,strong,1.0,514965,Yaratıcı drama uygulamalarının okul öncesi dönemi öğrencilerinin besinler konusundaki öğrenmelerine ve sosyal uyum becerileri kazanmalarına etkisi,BURCU ASLAN,2018,BARTIN ÜNİVERSİTESİ / ,https://tez.yok.gov.tr/UlusalTezMerkezi/tezDetay.jsp?id=3VjhfKgWoHhwACCNrbL6kw,"Aslan, B. (2018). Yaratıcı drama uygulamalarının okul öncesi dönemi öğrencilerinin besinler konusundaki öğrenmelerine ve sosyal uyum becerileri kazanmalarına etkisi [Yayımlanmamış yüksek lisans tezi]. Bartın Üniversitesi."
8148,1194548,17594983,strong,1.0,279475,Dede Korkut hikâyeleri'nin metin dil bilimsel yapısı,SEDAT BALYEMEZ,2011,GAZİ ÜNİVERSİTESİ / ,https://tez.yok.gov.tr/UlusalTezMerkezi/tezDetay.jsp?id=aWZfdYQ1sMOLcgJlHgh8JQ,"Balyemez, S. (2011). Dede Korkut hikâyelerinin metin dil bilimsel yapısı (Tez No. 279475) [Doktora tezi, Gazi Üniversitesi]. YÖK Tez Merkezi. https://tez.yok.gov.tr/UlusalTezMerkezi/giris.jsp"
8166,1269445,20898771,strong,1.0,186406,Farklı ülkelerde okul öncesi öğrencilerine yönelik çevre eğitimi,İDİL AKÇAY,2006,ULUDAĞ ÜNİVERSİTESİ / ,https://tez.yok.gov.tr/UlusalTezMerkezi/tezDetay.jsp?id=PR8Zkci_SyrqBTLR-1Kwlw,"Akçay, İ. (2006). Farklı ülkelerde okul öncesi öğrencilerine yönelik çevre eğitimi [Yayımlanmamış yüksek lisans tezi]. Uludağ Üniversitesi."
8188,1293636,23023670,no_match,0.0,,,,,,,"Gün, E. (2014). Piyano performans öz yeterlik ölçeğinin geliştirilmesi ve uygulanması. (Yayımlanmamış doktora tezi). Mehmet Akif Ersoy Üniversitesi, Eğitim Bilimleri Enstitüsü, Burdur."
8191,1293636,23023707,strong,1.0,262022,Okul şarkılarının klasik gitar ile eşliklendirilmesine yönelik öğretmen görüşleri ve okul şarkıları için eşliklendirme örnekleri,EMRE YILMAZ,2010,NİĞDE ÜNİVERSİTESİ / ,https://tez.yok.gov.tr/UlusalTezMerkezi/tezDetay.jsp?id=FaYGnBhX-riP1OH5atkLEA,"Yılmaz, E. (2010). Okul şarkılarının klasik gitar ile eşliklendirilmesine yönelik öğretmen görüşleri ve okul şarkıları için eşliklendirme örnekleri [Yayımlanmamış yüksek lisans tezi]. Niğde Üniversitesi."
8194,1220691,19208264,possible,0.688,423738,Siyasal iletişimde yeni medya uygulamaları: TBMM'de temsil edilen siyasal partiler üzerine bir çalışma,ELİF DEMİRCİ,2015,GAZİ ÜNİVERSİTESİ / ,https://tez.yok.gov.tr/UlusalTezMerkezi/tezDetay.jsp?id=hfOkd0hP5gP3G4hy1OsKlg,"Demirci, E. (2015). Siyasal İletişimde Yeni Medya Uygulamaları: TBMM'de Temsil Edilen Siyasal Partiler Üzerine Bir Çalışma. Ankara: Gazi Üniversitesi Sosyal Bilimler Enstitüsü Halkla İlişkiler ve Tanıtım Anabilim Dalı Yüksek Lisans Tezi. Fidan, Z. (2016). Teknoloji ve Siyasal İletişim. Konya: Literatürk Academia."
8219,1214784,21567854,no_match,0.0,,,,,,,"Aykanat, Timuçin. Sâfî Baba ve Divanı (İnceleme-Karşılaştırmalı Metin-Sadeleştirme-Sözlük-Dizin), Erzurum: Atatürk Üniversitesi Sosyal Bilimler Enstitüsü, Doktora Tezi, 2015."
8273,1181907,17028862,no_match,0.0,,,,,,,"51. Fitzgerald, A. (2017). Wearing an amulet: Land titling and tenure (in) security in Tanzania (Doctoral dissertation, National University of Ireland, Maynooth (Ireland))."
8274,1181907,17028884,no_match,0.0,,,,,,,"73. Makundi, D. I. (2017). Assessment of policies and practices of land delivery by private sector: a focus on two projects in kigamboni municipality in dar es salaam City (Master’s Thesis). Ardhi University, Dar es Salaam."
8304,1224977,18972113,strong,1.0,666418,Türk edebiyatında şehrengizler,FATİH TIĞLI,2020,İSTANBUL ÜNİVERSİTESİ / ,https://tez.yok.gov.tr/UlusalTezMerkezi/tezDetay.jsp?id=G1SULtjWhauDJ3Mf_OHOwA,"Tığlı, F. (2020). Türk edebiyatında şehrengizler, (Yayımlanmamış Doktora Tezi). İstanbul Üniver- sitesi, İstanbul."
8348,1252628,20188904,strong,1.0,47147,İçanadolu Bölgesi curculionidae (Coleoptera) familyası üzerinde taksonomik çalışmalar,OSMAN SERT,1995,HACETTEPE ÜNİVERSİTESİ / ,https://tez.yok.gov.tr/UlusalTezMerkezi/tezDetay.jsp?id=F3_d6i52w3Iw90cvKXIz3Q,"Sert, O. (1995). İç Anadolu Bölgesi Curculionidae (Coleoptera) Famliyası ÜzerindeTaksonomik Çalışmalar. (Tez no 47147). [Doktora Tezi, Hacettepe Üniversitesi, Fen Bilimleri Enstitüsü, Biyoloji Ana Bilim Dalı]. Yükseköğretim Kurulu Ulusal Tez Merkezi."
8400,1369121,25397796,strong,1.0,265872,Öğretmen adaylarının eğitimde sanal gerçeklik kullanımına ilişkin görüşleri (Sakarya Üniversitesi Böte örneği ),FATMA BAŞARAN,2010,SAKARYA ÜNİVERSİTESİ / ,https://tez.yok.gov.tr/UlusalTezMerkezi/tezDetay.jsp?id=u67177sy66tEULaeAL1M_Q,"Başaran, F. (2010). Öğretmen adaylarının eğitimde sanal gerçeklik kullanımına ilişkin görüsleri (Sakarya Üniversitesi Böte Örneği). Yayımlanmamış yüksek lisans tezi, Sakarya Üniversitesi Sosyal Bilimler Enstitüsü, Sakarya."
8420,1352754,24714332,strong,1.0,469362,Akıllı tekstillerle fütüristik çalışılan moda koleksiyonlarının incelenmesi,MERVE BALKIŞ,2017,GAZİ ÜNİVERSİTESİ / ,https://tez.yok.gov.tr/UlusalTezMerkezi/tezDetay.jsp?id=14d5AlBGIwdPW_ME4jCpwA,"(5) Balkış, M. (2017). Akıllı Tekstillerle Fütüristik Çalışılan Moda Koleksiyonlarının İncelenmesi. [Yayımlanmamış Yüksek Lisans Tezi]. İçinde Gazi Üniversitesi Güzel Sanatlar Enstitüsü. https://dspace.gazi.edu.tr/handle/20.500.12602/152631"
8421,1352754,24714350,strong,0.822,186190,Giysi tasarımında görsel ve dokusal elementler: Pilise ve drapeler,MELTEM HAZIR,2006,DOKUZ EYLÜL ÜNİVERSİTESİ / ,https://tez.yok.gov.tr/UlusalTezMerkezi/tezDetay.jsp?id=RWwOH2y0dRKYZWckpAUrVQ,"(23) Hazır, M. (2006). Giysi Tasarımında Görsel ve Dokusal Elementler: Pilise Ve Drapeler [Yayımlanmamış Doktora Tezi]. DEÜ Güzel Sanatlar Enstitüsü. Http://Hdl.Handle.Net/20.500.12397/9870"
8473,1247245,20047446,no_match,0.0,,,,,,,"[27] E. İldeş, “Konfor koşullarının alişveriş merkezi çalışanları üzerindeki etkilerinin değerlendirilmesi; Edirne Erasta örneği,” M.S. thesis, Trakya University, Türkiye, 2019."
8490,1335430,24039210,strong,1.0,565376,"Sühreverdî'nin Hadisçiliği ve Avârifu'l-Meârif Adlı Eserindeki Hadislerin Tahric, Tenkid ve değerlendirmesi",HACI YILDIZ,2019,ERZİNCAN BİNALİ YILDIRIM ÜNİVERSİTESİ / ,https://tez.yok.gov.tr/UlusalTezMerkezi/tezDetay.jsp?id=9zIgIUFG8ZN2MxScHiNv7A,"Yıldız, H. (2019). Sühreverdî’nin hadisçiliği ve avârifu’l-meârif adlı eserindeki hadislerin tahric, tenkid ve değerlendirmesi (Tez no. 565376) [Yüksek lisans tezi, Binali Yıldırım Üniversitesi]. YÖK Ulusal Tez Merkezi."
8609,1336206,24070771,no_match,0.0,,,,,,,"Alaçam, O. D. (2019). Gastronomi Turizminde Türk Mutfağının Etkileri Trabzon İli Örneği. (Yayınlanmamış Yüksek Lisans Tezi). İstanbul: İstanbul Okan Üniversitesi Sosyal Bilimler Enstitüsü."
8632,1176801,16728373,strong,1.0,631916,Öğretmenlerin öğretmenlik mesleğine ve alternatif ölçme - değerlendirmeye yönelik tutumlarının incelenmesi,MUHAMED ERKUŞ,2020,İNÖNÜ ÜNİVERSİTESİ / ,https://tez.yok.gov.tr/UlusalTezMerkezi/tezDetay.jsp?id=j2rc41m9sqaxWBfz6ne2GQ,"Erkuş, M. (2020). Öğretmenlerin öğretmenlik mesleğine ve alternatif ölçme-değerlendirmeye yönelik tutumlarının incelenmesi. Yayımlanmamış yüksek lisans tezi, İnönü Üniversitesi, Eğitim Bilimleri Enstitüsü."
8633,1292639,22042740,no_match,0.0,,,,,,,"Akbaş, Bahattin. Hadislere göre Hz. Peygamber'in Şefaati Meselesi. Ankara: Ankara Üniversitesi, Sosyal Bilimler Enstitüsü, Yüksek Lisans Tezi, 1994."
8675,1231838,19351165,no_match,0.0,,,,,,,"Arkun, A. K., 2012. Ulus Historic City Center Cultural Landscape Components Change and Transformation. Dissertation, Ankara University Graduate School of Applied Sciences, Ankara, 458 pp."
8727,1387464,26013233,possible,0.609,581716,"1989 zorunlu göçü, göçmenlerin sosyal entegrasyonu: Çanakkale Şirinköy Bulgaristan göçmenleri üzerine bir araştırma",COŞKUN BORLAT,2019,ÇANAKKALE ONSEKİZ MART ÜNİVERSİTESİ / ,https://tez.yok.gov.tr/UlusalTezMerkezi/tezDetay.jsp?id=AtvhCpZ5L6whlCtCFNyjqw,"Borlat, C. (2019). 1989 zorunlu göçü, göçmenlerin sosyal entegrasyonu: Çanakkale Şirinköy Bulgaristan göçmenleri üzerine bir araştırma. Yüksek Lisans Tezi, Çanakkale Onsekiz Mart Üniversitesi, Sosyal Bilimler Enstitüsü, Çanakkale."
8828,1304519,22555043,no_match,0.0,,,,,,,"Oktan G. 2024. Türkiye’nin hububat ürünlerindeki rekabet gücünün G7 ülkeleri ile karşılaştırılması. Yüksek lisans Tezi, Recep Tayyip Erdoğan Üniversitesi, Lisansüstü Eğitim Enstitüsü, Rize, Türkiye, pp: 84."
8862,1369207,25402111,strong,1.0,561644,"STEM etkinliklerinin 7. sınıf öğrencilerinin bilimsel süreç becerilerine, fen ve stem tutumlarına ve elektrik enerjisi ünitesindeki başarılarına etkisi",İDRİS DOĞAN,2019,BALIKESİR ÜNİVERSİTESİ / ,https://tez.yok.gov.tr/UlusalTezMerkezi/tezDetay.jsp?id=wHqWKSykH018qm394WeyvQ,"Doğan, İ. (2019). STEM etkinliklerinin 7. sınıf öğrencilerinin bilimsel süreç becerilerine, fen ve STEM tutumlarına ve elektrik enerjisi ünitesindeki başarılarına etkisi (Tez No. 561644) [Doktora tezi, Balıkesir Üniversitesi-Balıkesir]. Yüksek Öğretim Kurulu Ulusal Tez Merkezi."
8864,1296102,22182063,strong,0.945,594721,Peygamberimizin hayatı dersi öğretim programları ve ders kitaplarının incelenmesi,OKAN ÇELİK,2019,MARMARA ÜNİVERSİTESİ / ,https://tez.yok.gov.tr/UlusalTezMerkezi/tezDetay.jsp?id=a01pPu2PvMs3xeFSSKd9VQ,"Çelik, Orhan. Peygamberimizin Hayatı Dersi Öğretim Programları ve Ders Kitaplarının İncelenmesi. İstanbul: Marmara Üniversitesi SBE, Yüksel Lisans Tezi, 2019."
8868,1187218,17501261,no_match,0.0,,,,,,,"Öztürk, S. (2007). The comparison of coaching skills of secondary school private and public school administrators. (Unpublished master thesis), Marmara University Institute of Education Sciences, İstanbul."
8890,1373891,25572528,no_match,0.0,,,,,,,"Bulut, Halil İbrahim. İbn Ebi Zeyd’in Akaid Risalesi ve Meşaddalli Şerhi. İstanbul: Marmara Üniversitesi, Sosyal Bilimler Enstitüsü, Yüksek Lisans Tezi, 1994."
9030,1182436,17125138,no_match,0.0,,,,,,,"Yazar, Sadık. “Anadolu Sahası Klâsik Türk Edebiyatında Tercüme ve Şerh Geleneği.” Doktora Tezi, İstanbul Üniversitesi, Sosyal Bilimler Enstitüsü, 2011."
9058,1319685,24023903,strong,1.0,473069,Derin kriyojenik işlemin aısı d2 soğuk iş takım çeliğinin işlenebilirliğine etkisi,MUSTAFA KARABATAK,2017,DÜZCE ÜNİVERSİTESİ / ,https://tez.yok.gov.tr/UlusalTezMerkezi/tezDetay.jsp?id=t1fe-pi9Cpln70VJPiIHww,"[32] Karabatak, M. (2017). Derin kriyojenik işlemin AISI D2 soğuk iş takım çeliğinin işlenebilirliğine etkisi. (Tez no. 473069) [Yüksek Lisans Tezi, Düzce Üniversitesi Fen Bilimleri Enstitüsü]."
9063,1227362,19099258,strong,1.0,607654,Davranışsal iktisat ve bireylerin karar verme sürecinde ortaya çıkan gizli tuzaklar üzerine bir inceleme,TUĞBA SOLAK,2019,AYDIN ADNAN MENDERES ÜNİVERSİTESİ / ,https://tez.yok.gov.tr/UlusalTezMerkezi/tezDetay.jsp?id=g6Temcgwbqq6iyECMTGQ3Q,"Solak, T. (2019). Davranışsal iktisat ve bireylerin karar verme sürecinde ortaya çıkan gizli tuzaklar üzerine bir inceleme [Yüksek Lisans Tezi]. Aydın Adnan Menderes Üniversitesi."
9078,1336475,24080897,no_match,0.0,,,,,,,"Talka, Santeri. Open Regionalism in a Global System: The Political Economy of Central Asian Regional Integration, MA Thesis, Helsinki University, 2018."
9098,1369611,25415600,possible,0.69,363334,Yeni ürün geliştirme ve ortak pazarlama stratejisi: Trabzon yöresel turizm destinasyonları örneği,HAYRİ UYGUN,2014,KARADENİZ TEKNİK ÜNİVERSİTESİ / ,https://tez.yok.gov.tr/UlusalTezMerkezi/tezDetay.jsp?id=MrWn69B2Vodf15Kgu_2v_g,"Uygun, H. (2014). Yeni ürün geliştirme ve ortak pazarlama stratejisi: Trabzon yöresel turizm destinasyonları örneği (Yüksek lisans tezi). Karadeniz Teknik Üniversitesi, Sosyal Bilimler Enstitüsü, İşletme Ana Bilim Dalı."
9105,1345072,24681152,strong,1.0,393096,Sağlıkta şiddet haberlerinin basına yansıması,ÖZLEM DUĞAN,2015,SELÇUK ÜNİVERSİTESİ / ,https://tez.yok.gov.tr/UlusalTezMerkezi/tezDetay.jsp?id=vXyMF7ag8E1HCoYXO3JWlQ,"Duğan, Ö. (2015). Sağlıkta şiddet haberlerinin basına yansıması (Yayımlanmamış doktora tezi). Selçuk Üniversitesi Sosyal Bilimler Enstitüsü."
9109,1342723,24318686,strong,0.907,688463,Sezaryen ameliyatı sonrası oral sıvı alımına erken başlanılmasının ve erken mobilizasyonun gaz çıkışına etkisi,MELİHA BAŞ,2021,İSTANBUL MEDİPOL ÜNİVERSİTESİ / ,https://tez.yok.gov.tr/UlusalTezMerkezi/tezDetay.jsp?id=YmgwGM1awkisBDPkkKB2Lw,1. Baş M. Sezaryen Ameliyatı Sonrası Oral Sıvı Alımına Erken Başlanılmasının ve Erken Mobilizasyonun Gaz Çıkışına Etkisi. Master’s Thesis 2021.
9126,1264941,20844642,no_match,0.0,,,,,,,"Mende, C. M., & Küenzlen, S. M. N. (2022). The impact of Transformational Leadership on the employees’ perceived Technostress Level (Dissertation). Retrieved from https://urn.kb.se/resolve?urn=urn:nbn:se:lnu:diva-114080"
9177,1182308,16994965,strong,1.0,373771,Öğrenme güçlüğü çeken çocuklar için el yazısı tanıma ile öğrenmeyi kolaylaştırıcı bir mobil öğrenme uygulaması tasarımı,BANU YILMAZ,2014,MALTEPE ÜNİVERSİTESİ / ,https://tez.yok.gov.tr/UlusalTezMerkezi/tezDetay.jsp?id=GTXagn5KBe6IHXwnRRfrSA,"Yılmaz, B. (2014). Öğrenme güçlüğü çeken çocuklar için el yazısı tanıma ile öğrenmeyi kolaylaştırıcı bir mobil öğrenme uygulaması tasarımı. [Yayımlanmamış yüksek lisans tezi]. Maltepe Üniversitesi."
9186,1369160,25400111,no_match,0.0,,,,,,,"Mendoza, R. (2021). Family involvement in the classroom Unpublished Master's Thesis. [Unpublished master's thesis, San Marcos: California State University]."
9266,1278876,21344991,no_match,0.0,,,,,,,"Güneri B.E., 2010. Nohut Çeşitlerinde Kuraklığa Bağlı Oksidatif Stresin Fizyolojik ve Biyokimyasal Parametrelerle Belirlenmesi. PhD Thesis. Ankara University (unpub¬lished), Turkey."
9276,1347981,24526321,strong,1.0,556328,Gevale kalesi kazılarında bulunan Ortaçağ seramikleri,HASAN HÜSEYİN ÖZDENİZ,2019,NECMETTİN ERBAKAN ÜNİVERSİTESİ / ,https://tez.yok.gov.tr/UlusalTezMerkezi/tezDetay.jsp?id=5GCkk5qlnvwsVZ3Fh2yvJA,"Özdeniz, H.H. (2019). Gevale Kalesi kazılarında bulunan Orta Çağ seramikleri (Tez No: 556328). [Yayımlanmamış Yüksek Lisans Tezi, Necmettin Erbakan Üniveristesi Sosyal Bilimler Enstitüsü]. YÖK Tez Merkezi."
9289,1288540,21875666,no_match,0.0,,,,,,,"Bakhshaliyeva, I. (2020). From novel ınto fılm: atonement. (Yayınlanmamış yüksek lisans tezi). Tartu Üniversitesi."
9427,1282955,21581052,strong,0.926,306783,Vakum ve modifiye atmosfer ambalajlamanın Kayseri mantısının bazı kalite nitelikleri üzerine etkisi,SERHAN SİTTİ,2011,ERCİYES ÜNİVERSİTESİ / ,https://tez.yok.gov.tr/UlusalTezMerkezi/tezDetay.jsp?id=-w3Xh3xA0XfQ6YNiN3UvrA,"Sitti, S. (2011). Vakum ve modifiye atmosfer ambalajlamanın Kayseri mantısının bazı kalite nitelikleri üzerine etkisi (Master’s thesis). Erciyes Üniversitesi, Fen Bilimleri Enstitüsü Kayseri."
9476,1156171,17531591,no_match,0.0,,,,,,,"PEACE, R. (1999). “Surface Tension: Place/Poverty/Policy – from ‘Poverty’ to Social Exclusion: Implications of Discursive Shifts in European Union Poverty Policy 1975-1999” [Basılmamış Doktora Tezi]. Waikato Üniversitesi."
9503,1229385,19210577,no_match,0.0,,,,,,,"Şahin, M., 2019. Effect of Type, Color and Hanging Height of Ips sexdentatus Pheromone Traps on Capture Rates. Graduate School of Natural and Applied Sciences, Kastamonu University, (Unpublished) M.Sc. Thesis, Kastamonu, 56 pp (in Turkish with abstract in English)."
9519,1155056,16162566,strong,0.935,463429,"Hekimlerin algıladıkları stres düzeyi, psikolojik dayanıklılıkları ve yaşam doyumları arasındaki ilişkinin incelenmesi",BURCU ERGÜNER,2017,UFUK ÜNİVERSİTESİ / ,https://tez.yok.gov.tr/UlusalTezMerkezi/tezDetay.jsp?id=mC_AhKxuh-wS3mH-fQgq0w,"Ergüner, B. (2017). Hekimlerin algıladıkları stres düzeyi, psikolojik dayanıklılıkları ve yaşam doyumları arasındaki ilişkinin incelenmesi. Yayın No. 463429 (Yüksek Lisans Tezi). Ufuk Üniversitesi, Ankara."
9649,1244472,19845789,no_match,0.0,,,,,,,"Göcekli, S. G. B. (2016). Türkiye'de ham petrol fiyatlarıyla döviz kuru arasındaki ilişki: Ampirik bir analiz (Yüksek Lisans Tezi), Adnan Menderes Üniversitesi Sosyal Bilimler Enstitüsü, Aydın. Erişim adresi: http://adudspace.adu.edu.tr:8080/xmlui/handle/11607/2920."
9677,1295889,22168349,no_match,0.0,,,,,,,"Rand DA. 1997. Comparative analysis of Superpave gyratory compactors and TxDOT gyratory compactors. Master Thesis, University of Texas at Austin, Texas, USA."
9706,1305489,22589387,no_match,0.0,,,,,,,"Yakar, S. (2015). Turizm Işletmelerinde Duygusal Emek ve Tükenmişlik Ilişkisi: Otel Işletmelerine Yönelik Bir Araştırma (Unpublished Master’s Thesis). Dokuz Eylül Üniversitesi, İzmir."
9749,1184463,17087897,no_match,0.0,,,,,,,"Doğan D. 2010. Katı Atık Depolama Sahalarında Peyzaj Onarım Süreci: Edirne İli Örneği. Yüksek Lisans Tezi. Fen Bilimleri Enstitüsü, Namık Kemal Üniversitesi, Tekirdağ, Türkiye."
9777,1273020,21069525,no_match,0.0,,,,,,,"Eren, N.Ö. Taş ocağı işletmelerinde iş sağlığı ve güvenliği şartları. Konya Teknik Üniversitesi Lisansüstü Eğitim Enstitüsü Maden Mühendisliği Ana Bilim Dalı. Yüksek Lisans Tezi. Konya 2019."
9849,1341237,25092059,no_match,0.0,,,,,,,"Demir, E. (2016). Lala Mustafa Paşa’nın hayatı ve siyasi faaliyetleri (Yayımlanmamış yüksek lisans tezi). Marmara Üniversitesi Türkiyat Araştırmaları Enstitüsü."
9911,1248739,20014950,no_match,0.0,,,,,,,"Kisbet İ K, ‘Kentsel Dönüşüm Hukukunda Riskli Yapı Tespiti’ (Yüksek Lisans Tezi, Maltepe Üniversitesi, 2022)."
9915,1368411,25377037,strong,1.0,296663,Lise son sınıf öğrencilerinin meslek seçimi kararlarında benlik algısının önemi,ÇİĞDEM ÇINAR,2011,MALTEPE ÜNİVERSİTESİ / ,https://tez.yok.gov.tr/UlusalTezMerkezi/tezDetay.jsp?id=HEaYWztAKk8D6D2SH4nlBQ,"Çınar, Ç. (2011). Lise son sınıf öğrencilerinin meslek seçimi kararlarında benlik algısının önemi. [Yüksek lisans tezi]. Maltepe Üniversitesi."
9947,1258887,20462215,strong,1.0,240049,Değerler eğitiminde kahramanlardan yararlanma,MECNUN ASLAN,2009,GAZİOSMANPAŞA ÜNİVERSİTESİ / ,https://tez.yok.gov.tr/UlusalTezMerkezi/tezDetay.jsp?id=h6BxLv9Zp7UsB0GpYPmUFw,"Aslan, M. (2009). Değerler eğitiminde kahramanlardan yararlanma. (Yayımlanmamış yüksek lisans tezi). Gaziosmanpaşa Üniversitesi, Tokat."
9979,1310378,22773618,no_match,0.0,,,,,,,"Keskin, F. F. (2018), Türkiye’deki Teknopark Firmalarında Sosyal Sermaye, Bilgi Paylaşımı, Örgütsel Çiftyönlülük ve Firma Performansı Arasındaki İlişki, Yayımlanmamış Yüksek Lisans Tezi, Orta Doğu Teknik Üniversitesi Sosyal Bilimler Enstitüsü, Ankara."
9985,1267581,20810103,strong,1.0,525877,Akıllı telefon kullanımı ile duygusal zeka ve yaşam doyumu arasındaki ilişkinin incelenmesi,TANER CAYHAN,2017,İSTANBUL GELİŞİM ÜNİVERSİTESİ / ,https://tez.yok.gov.tr/UlusalTezMerkezi/tezDetay.jsp?id=grY2Vbu0XvOjt3duyF1z8g,12. Cayhan T. Akıllı telefon kullanımı ile duygusal zekâ ve yaşam doyumu arasındaki ilişkinin incelenmesi. Yüksek Lisans Tezi. İs- tanbul: İstanbul Gelişim Üniversitesi Sosyal Bilimler Enstitüsü; [Article in Turkish] 2017.
9986,1333018,23949672,no_match,0.0,,,,,,,"Bayramin, T. (2020). Determining the 6th grade students' problem-solving strategies in intelligence games [Master’s thesis]. Istanbul University. Council of Higher Education National Thesis Center (Publication No. 636187)."
9987,1333018,23949690,no_match,0.0,,,,,,,"Grundmeier, T. A. (2003). The effects of providing mathematical problem posing experiences for K-8 preservice teachers: Investigating teachers’ beliefs’ and characteristics of posed problems [Doctoral dissertation]. Retrieved from ProQuest Dissertations & Theses (PQDT) Global. (3083732)"
9995,1367325,25796387,strong,0.955,459955,OKB tanısı almamış beliren yetişkinlikte obsesif-kompulsif belirtilerin ve belirti şiddetlerin cinsiyet açısından dağılımının incelenmesi,TÜLAY ÖNEKER,2017,ÇAĞ ÜNİVERSİTESİ / ,https://tez.yok.gov.tr/UlusalTezMerkezi/tezDetay.jsp?id=2VRp5Dh6jCS8-MThIpCq5A,"Öneker, T. (2017). OKB tanısı almamış beliren yetişkinlikte obsesif-kompulsif belirtilerin ve belirti şiddetlerin cinsiyet açısından dağılımının incelenmesi (Yayınlanmamış yüksek lisans tezi). Çağ Üniversitesi, Mersin."
