sample_index,publication_id,reference_id,category,match_status,match_type,match_score,extracted_url,resolved_url,status_code,title,raw_context
17,1311311,22813337,url_web,strong,live_url_verified,1.0,https://www.youtube.com/watch?v=6de4akFiNYM,https://www.youtube.com/watch?v=6de4akFiNYM,200,,"Adobe Video & Motion. (2024, 15 April). Generative AI in Premiere Pro powered by Adobe Firefly | Adobe Video [Video]. Retrieved from https://www.youtube.com/watch?v=6de4akFiNYM on May 16, 2024."
32,1348868,24565234,url_web,strong,live_url_verified,1.0,https://www.sbb.gov.tr/wp-content/uploads/2023/12/On-Ikinci-Kalkinma-Plani_2024-2028_11122023.pdf,https://www.sbb.gov.tr/wp-content/uploads/2023/12/On-Ikinci-Kalkinma-Plani_2024-2028_11122023.pdf,200,,"[6]. T.C. Cumhurbaşkanlığı Strateji ve Bütçe Başkanlığı, https://www.sbb.gov.tr/wp- content/uploads/2023/12/On-Ikinci-Kalkinma-Plani_2024-2028_11122023.pdf , (2023)."
35,1249355,20048152,url_web,strong,live_url_verified,1.0,https://twitter.com/hekimsen/status/1526457625638051842/photo/2,https://x.com/hekimsen/status/1526457625638051842,200,"X'te Hekimsen: ""HEKİMSEN 17-18 MAYIS EYLEMİ BASIN BİLDİRİSİ 

#TükettiğinizHekimeUlaşılamıyor https://t.co/ARITMMEIaS"" / X","Twitter. (2022). Hekimsen 17-18 Mayıs basın açıklaması. https://twitter.com/hekimsen/status /1526457625638051842/photo/2, (03.05.2023)."
39,1206982,18224388,report_policy_legal,strong,live_url_verified,1.0,https://www.mevzuat.gov.tr/MevzuatMetin/1.5.6458.pdf,https://www.mevzuat.gov.tr/MevzuatMetin/1.5.6458.pdf,200,,Türkiye Cumhuriyeti. (2013). Yabancılar ve Uluslararası Koruma Kanunu [Law No. 6458]. https://www.mevzuat.gov.tr/MevzuatMetin/1.5.6458.pdf
40,1206982,18224392,url_web,no_match,url_dead_and_not_archived,0.0,https://www.resmigazete.gov.tr/eskiler/2021/11/20211129M1-1-4.pdf,,404,,Türkiye Cumhuriyeti. (2021). Cumhurbaşkanlığı Kararnamesi No. 85. https://www.resmigazete.gov.tr/eskiler/2021/11/20211129M1-1-4.pdf
48,1331693,23886312,url_web,strong,live_url_verified,1.0,https://crlt.umich.edu/sites/default/files/instructor_resources/strategies_for_effective_lesson_planning.pdf,https://crlt.umich.edu/sites/default/files/instructor_resources/strategies_for_effective_lesson_planning.pdf,200,,"Milkova, S. (2016). Strategies for effective lesson planning. University of Michigan: Center for Research on Learning and Teaching. https://crlt.umich.edu/sites/default/files/instructor_resources/strategies_for_effective_lesson_planning.pdf"
50,1320153,24622035,url_web,strong,live_url_verified,1.0,https://www.rudaw.net/turkish/kurdistan/030820201,https://www.rudaw.net/turkish/categories/kurdistan/1176838,200,,Rudaw Gazetesi (03.08.2020). Şengal Katliamı: Bir insanlık dramı. https://www.rudaw.net/turkish/kurdistan/030820201
70,1156170,17531545,url_web,strong,live_url_verified,1.0,https://www.aa.com.tr/tr/politika/milli-savunma-bakani-akar-tacikistanda-cumhurbaskani-rahman-ile-gorustu/2291528,https://www.aa.com.tr/tr/politika/milli-savunma-bakani-akar-tacikistanda-cumhurbaskani-rahman-ile-gorustu/2291528,200,,"ANADOLU AJANSI, “Milli Savunma Bakanı Akar Tacikistan’da Cumhurbaşkanı Rahman ile görüştü” https://www.aa.com.tr/tr/politika/milli-savunma-bakani-akar-tacikistanda-cumhurbaskani-rahman-ile-gorustu/2291528 , 05.08.2022"
85,1313642,22974168,url_web,strong,live_url_verified,1.0,https://wrp.lrfoundation.org.uk/news/climate-change-a-serious-risk,https://www.lrfoundation.org.uk/news/climate-change-a-serious-risk,200,Climate Change: a serious Risk | Lloyd's Register Foundation,"Ng, R. (2020, 27 Ekim). Climate Change: A Serious Risk. World Risk Poll. https://wrp.lrfoundation.org.uk/news/climate-change-a-serious-risk"
124,1328813,24656098,url_web,strong,live_url_verified,1.0,https://www.whitehouse.gov/fact-sheets/2025/04/fact-sheet-president-donald-j-trump-declares-national-emergency-to-increase-our-competitive-edge-,https://www.whitehouse.gov/fact-sheets/2025/04/fact-sheet-president-donald-j-trump-declares-national-emergency-to-increase-our-competitive-edge-protect-our-sovereignty-and-strengthen-our-national-and-economic-security/,200,"Fact Sheet: President Donald J. Trump Declares National Emergency to Increase our Competitive Edge, Protect our Sovereignty, and Strengthen our National and Economic Security – The White House","72 “Fact Sheet: President Donald J. Trump Declares National Emergency to Increase our Com- petitive Edge, Protect our Sovereignty, and Strengthen our National and Economic Security,” The White House, April 2, 2025, https://www.whitehouse.gov/fact-sheets/2025/04/fact-sheet- president-donald-j-trump-declares-national-emergency-to-increase-our-competitive-edge- protect-our-sovereignty-and-strengthen-our-national-and-economic-security/ (Accessed: 27.05.2025)."
125,1258017,20526969,hidden_doi,no_match,url_dead_and_not_archived,0.0,http://doi.org/10.5923/j.ijit.20160501.05,,404,,"Alblehai, F. (2016). The utilization of Web 2.0 tools in Saudi Higher Education: Opportunities and challenges. International Journal of Internet of Things, 5(1), 37-40. http://doi.org/ 10.5923/j.ijit.20160501.05"
127,1258017,20526986,url_web,strong,live_url_verified,1.0,https://www.ajindex.com/dosyalar/makale/acarindex-1423904346.pdf,https://www.ajindex.com/dosyalar/makale/acarindex-1423904346.pdf,200,,"Elmas, R., ve Geban, Ö. (2012). Web 2.0 tools for 21st century teachers. International Online Journal of Educational Sciences, 4(1), 243-254. https://www.ajindex.com/dosyalar/makale/acarindex-1423904346.pdf"
141,1343383,24345305,url_web,strong,live_url_verified,1.0,https://www.fao.org/faostat/en/#home(Access,https://www.fao.org/faostat/en/#home(Access,200,FAOSTAT,Anonymous. (2023). https://www.fao.org/faostat/en/#home (Access date: 02.10.2023)
151,1255181,20305587,url_web,no_match,url_dead_and_not_archived,0.0,https://www.goldmansachs.com/intelligence/archive/how-solid.html,,404,,"O’Neill, J., Wilson, D., Purushothaman, R., & Stupnytska, A. (2005). How Solid Are the BRICs? (Goldman Sachs Global Economics 134). https://www.goldmansachs.com/intelligence/archive/how-solid.html"
165,1226924,19075610,url_web,no_match,url_dead_and_not_archived,0.0,https://core.ac.uk/download/pdf/6379575.pdf,,404,,"İnsel, A., and Sungur, N. (2003). Sermaye Akımlarının Temel Makroekonomik Göstergeler Üzerindeki Etkileri: Türkiye Örneği-1989: III-1999: IV (Discussion Paper No. 2003/8). Türkiye Ekonomi Kurumu. https://core.ac.uk/download/pdf/6379575.pdf"
167,1195235,17617683,url_web,strong,live_url_verified,1.0,https://www.uwinnipeg.ca/global-english-education/countries-in-which-english-is-mandatory-or-optional-subject.html,https://www.uwinnipeg.ca/global-english-education/countries-in-which-english-is-mandatory-or-optional-subject.html,202,,The University of Winnipeg (2021). Global English Education Policy. https://www.uwinnipeg.ca/global-english-education/countries-in-which-english-is-mandatory-or-optional-subject.html
175,1360498,25051534,url_web,strong,live_url_verified,1.0,https://www.architonic.com/fr/project/kontur-ctrl-n-breaking-thesurface/5102645,https://www.architonic.com/fr/pr/breaking-the-surface/5102645/,200,Breaking the Surface – Découvrez le projet de Kontur / Ctrl+n | Architonic,Url-26 Erişim [08.01.2025] https://www.architonic.com/fr/project/kontur-ctrl-n-breaking-thesurface/5102645
237,1280839,21466826,report_policy_legal,no_match,url_dead_and_not_archived,0.0,"https://data.worldbank.org/,(erişim",,,,"Dünya Bankası. (2023). World Bank Open Data. https://data.worldbank.org/, (erişim tarihi: 09.09.2023)."
268,1326191,23640866,hidden_doi,no_match,url_dead_and_not_archived,0.0,http://dx.doi.org/10.2305/IUCN.UK.2018-,,404,,"Güner A., Özhatay N., Ekim T. & Başer K. H. C. (2000). Flora of Turkey and the east Aegean islands Vol. 11. Edinburgh Univ. Press, Edinburgh.Juan Vicedo, J. (2018). Pancratium maritimum. The IUCN Red List of Threatened Species 2018: e.T18990540A57467022. http://dx.doi.org/10.2305/IUCN.UK.2018-"
272,1325665,23618985,url_web,strong,live_url_verified,1.0,https://katalog.devletarsivleri.gov.tr/,https://katalog.devletarsivleri.gov.tr/,200,,"BOA, Osmanlı Arşivi. Hatt-ı Hümayun [HAT]. No. 1011-B. https://katalog.devletarsivleri.gov.tr/"
273,1325665,23618998,url_web,strong,live_url_verified,1.0,https://katalog.devletarsivleri.gov.tr/,https://katalog.devletarsivleri.gov.tr/,200,,"BOA, Osmanlı Arşivi. Sadaret Mektûbî Nezâir ve Devâir Kalemi Evrakı [A.MKT.NZD]. No. 315, Gömlek No. 42. https://katalog.devletarsivleri.gov.tr/"
298,1223442,19304472,report_policy_legal,no_match,url_dead_and_not_archived,0.0,https://github.com/ahmetaa/zemberek-nlpSon,,404,,"https://github.com/ahmetaa/zemberek-nlp Son erişim tarihi: 12 Kasım 2019. İstanbul, Ankara ve İzmir Baroları Ortak Çalıştay Raporu “Yapay Zekâ Çağında Hukuk”. https://www.istanbulbarosu.org.tr/files/docs/yapayzekacagindahukuk.pdf Son erişim tarihi: 12 Kasım 2019."
299,1223442,19304474,url_web,no_match,url_dead_and_not_archived,0.0,https://github.com/akoksal/Turkish-Word2VecSon,,404,,https://github.com/akoksal/Turkish-Word2Vec Son erişim tarihi: 5 Eylül 2021.
311,1207296,18192930,url_web,no_match,url_dead_and_not_archived,0.0,https://www.memri.org/reports/egypts-draft-constitution-2014-focus-de-islamization-expansion-military-powerDate,,403,,"Lavi L., ‘Egypt’s Draft Constitution 2014: Focus On De-Islamization, Expansion Of Military Power’ (The Middle East Media Research Institute, 10 January 2014) https://www.memri.org/reports/egypts-draft-constitution-2014-focus-de-islamization-expansion-military-power Date of Access 13.09.2022."
313,1245050,19871814,url_web,strong,live_url_verified,1.0,http://www.cis.fordham.edu/QR2009/presentations/RefGrowthCharts.pdf(Erişim,https://www.fordham.edu/academics/departments/computer-and-information-science/,200,Department of Computer and Information Science  | Fordham,"Chen, L. (2005). An introduction to quantile regression and the QUANTREG procedure, Statistics and Data Analysis, 213-230, SUGI30 Proceedings, available at children and adolescents. Conference on Quantitative Social Science Research Using R. available at http://www.cis.fordham.edu/QR2009/presentations/RefGrowthCharts.pdf (Erişim Tarihi: 12.06.2023)."
356,1253328,20221778,url_web,strong,live_url_verified,1.0,http://www.sp.gov.tr/upload/xSPRapor/files/yOW24+TODAIE_2015_Faaliyet_Raporu.pdf,http://www.sp.gov.tr/upload/xSPRapor/files/yOW24+TODAIE_2015_Faaliyet_Raporu.pdf,200,,"Müdürlüğü, S. G. (tarih yok). TODAİE 2015 Yılı İdare Faaliyet Raporu. Ankara. 08 09, 2019 tarihinde http://www.sp.gov.tr/upload/xSPRapor/files/yOW24+TODAIE _2015_Faaliyet_Raporu.pdf adresinden alındı"
391,1225623,19006747,url_web,no_match,url_dead_and_not_archived,0.0,https://tr.euronews.com/2020/05/14/cin-de-2-dalga-onlemi-salg-n-n-yeniden-goruldugu-wuhan-da-11-milyon-kisiye-covid-19-testi,,406,,Euronews. (2020). Çin'de 2. dalga önlemi: salgının yeniden görüldüğü Vuhan'da 11 milyon kişiye Covid-19 testi. [Erişim tarihi: 20.06.2023. https://tr.euronews.com/2020/05/14/cin-de-2-dalga-onlemi-salg-n-n-yeniden-goruldugu-wuhan-da-11-milyon-kisiye-covid-19-testi].
406,1205428,18285310,report_policy_legal,no_match,url_dead_and_not_archived,0.0,https://www.greenqueen.com.hk/googletrends-2020-interest-veganism-all-time-high-new-report/,,404,,"Ho, S. (2021). Google trends 2020: interest in veganism at record high according to new report. https://www.greenqueen.com.hk/googletrends-2020-interest-veganism-all-time-high-new-report/ Erişim tarihi:21.08.2022"
408,1205428,18285350,url_web,no_match,url_dead_and_not_archived,0.0,https://www.marketingturkiye.com.tr/haberler/soz-sirasi-vegan-ve-vejetaryenlerde/(Erişim,,404,,https://www.marketingturkiye.com.tr/haberler/soz-sirasi-vegan-ve-vejetaryenlerde/ (Erişim tarihi:30.03.2023)
418,1201051,17942058,url_web,strong,live_url_verified,1.0,"https://www.digitale-sammlungen.de/en/view/bsb00045957?page=420,421(22.06.2022","https://www.digitale-sammlungen.de/en/view/bsb00045957?page=420,421(22.06.2022",200,'kitāb ʿaǧāʾib al-maḫlūqāt wa-ġarāʾib al-mauǧūdāt - bsb cod.arab. 464' - Viewer | MDZ,"https://www.digitale-sammlungen.de/en/view/bsb00045957?page=420,421 (22.06.2022)"
425,1237032,19599033,report_policy_legal,strong,live_url_verified,1.0,https://www.tbmm.gov.tr/sirasayi/donem22/yil01/ss349m.htm(25.09.2019,https://www.tbmm.gov.tr,200,TÜRKİYE BÜYÜK MİLLET MECLİSİ - ANASAYFA,Kamu Yönetimi Temel Kanun Tasarısı. (2003). https://www.tbmm.gov.tr/sirasayi/donem22/yil01/ss349m.htm (25.09.2019)
447,1223777,19324987,report_policy_legal,no_match,url_dead_and_not_archived,0.0,https://www.tarimorman.gov.tr/Belgeler/Mevzuat/Talimatlar/ToprakAraziSiniflamasiStandartlariTeknikTalimativeIlgiliMevzuat_yeni.pdf,,404,,"Anonymus, (2021). https://www.tarimorman.gov.tr/Belgeler/Mevzuat/Talimatlar/ToprakAraziSiniflamasiStandartlariTeknik TalimativeIlgiliMevzuat_yeni.pdf (Accessed Date: 06.09.2021)."
458,1349538,24594767,url_web,strong,live_url_verified,1.0,http://www.mistakenorders.com/,http://www.mistakenorders.com/,200,【公式】注文をまちがえる料理店,"Wada, Y., Kobayashi, Y., Chikayama, S., Okada, S., Minowa, N., Oguni, S., & Wada, T. (2023). The Restaurant of Mistaken Orders. http://www. mistakenorders.com/"
472,1320322,23389810,report_policy_legal,strong,live_url_verified,1.0,https://data.tuik.gov.tr/Bulten/Index?p=Evlenme-ve-Bosanma-Istatistikleri-2023-53707,https://veriportali.tuik.gov.tr/Bulten/Index?p=Evlenme-ve-Bosanma-Istatistikleri-2023-53707,200,,"TÜİK (2024, Şubat 22). Evlenme ve Boşanma İstatistikleri 2023, Erişim tarihi: 10 Mart 2024, https://data.tuik.gov.tr/Bulten/Index?p=Evlenme-ve-Bosanma-Istatistikleri-2023-53707"
490,1160131,17148166,url_web,strong,live_url_verified,1.0,https://gedsh.bethmardutho.org/Garshuni,https://gedsh.bethmardutho.org/Garshuni,200,Garshuni,"Mengozzi, Alessandro. (2011). Garshuni. in Garshuni. edited by Sebastian P. Brock, Aaron M. Butts, George A. Kiraz and Lucas Van Rompay. https://gedsh.bethmardutho.org/Garshuni."
540,1278237,21311694,url_web,strong,live_url_verified,1.0,https://www.technologyreview.com/2019/12/27/238167/wannabe-kidfluencers-struggling-youtube-stars/,https://www.technologyreview.com/2019/12/27/238167/wannabe-kidfluencers-struggling-youtube-stars/,200,Meet the wannabe kidfluencers struggling for stardom | MIT Technology Review,"Tait, A. (2019, December 22). Meetthe wannabeKidfluencersstragglingforstardom. Mit TechnologyRewiev. (Çevrimiçi: https://www.technologyreview.com/2019/12/27/238167/wannabe-kidfluencers-struggling-youtube-stars/), Erişim Tarihi: 11.06.2021 ."
569,1374706,25605348,hidden_doi,no_match,url_dead_and_not_archived,0.0,https://doi.org/10.9790/0837-2110060106,,404,,"Diker, O., Deniz, T., Çetinkaya, A. (2016, October). History of Turkish cuisine culture and the ınfluence of the Balkans. IOSR Journal of Humanities And Social Science (IOSR-JHSS), 21(10), 1-6. https://doi.org/10.9790/0837-2110060106"
587,1228312,19463541,url_web,no_match,url_dead_and_not_archived,0.0,https://www.dw.com/tr/s-400lerin-türkiyeye-kazandırdığıve-kaybettirdikleri/a-55948140(13.05.2021,,404,,"Ünlühisarcıklı, Özgür (2020), “S-400’lerin Türkiye’ye Kazandırdığı ve Kaybettirdikleri”, https://www.dw.com/tr/s-400lerin-türkiyeye-kazandırdığıve-kaybettirdikleri/a-55948140 (13.05.2021)."
596,1196214,17737266,report_policy_legal,strong,live_url_verified,1.0,https://data.tuik.gov.tr/Bulten/Index?p=%C4%B0%C5%9Fg%C3%BCc%C3%BC-%C4%B0statistikleri-II.-%C3%87eyrek:-Nisan-Haziran-2022-45652&dil=1,https://veriportali.tuik.gov.tr/Bulten/Index?p=%C4%B0%C5%9Fg%C3%BCc%C3%BC-%C4%B0statistikleri-II.-%C3%87eyrek:-Nisan-Haziran-2022-45652&dil=1,200,,"TÜİK. (2022). İşgücü İstatistikleri, Ağustos 2022. Ankara: Türkiye İstatistik Kurumu. https://data.tuik.gov.tr/Bulten/Index?p=%C4%B0%C5%9Fg%C3%BCc%C3%BC- %C4%B0statistikleri-II.-%C3%87eyrek:-Nisan-Haziran-2022-45652&dil=1 adresinden alındı"
597,1223996,18922482,url_web,strong,live_url_verified,1.0,https://www.worldbank.org,https://www.worldbank.org/ext/en/home,200,"World Bank Group - International Development, Poverty and Sustainability","Worldbank. (2022b). World Development Indicators, Exports of Goods and Services (% of GDP) -Turkiye. www.worldbank.org"
641,1182531,17001915,dergipark_file,strong,live_url_verified,1.0,https://dergipark.org.tr/en/download/article-file/108511,https://dergipark.org.tr/en/download/article-file/108511,200,,"Yeşilyaprak, B. (2011). Duygusal zeka ve eğitim açısından doğurguları. Kuram ve Uygulamada Eğitim Yönetimi, 25(25), 139-146. https://dergipark.org.tr/en/download/article-file/108511"
649,1303554,22516892,report_policy_legal,no_match,url_dead_and_not_archived,0.0,https://www.kalkinmakutuphanesi.gov.tr/assets/upload/dosyalar/gida-tr22-.pdf(The,,400,,Ministry of Industry and Technology. (2022). Gıda sektörü analiz raporu ve kılavuzu. TR22 bölgesi. https://www.kalkinmakutuphanesi.gov.tr/assets/upload/dosyalar/gida-tr22-.pdf (The Access Date: 11.04.2023).
677,1199489,17914566,url_web,strong,live_url_verified,1.0,https://twitter.com/aaronsiim/status/1590474215383531520?s=20,https://x.com/aaronsiim/status/1590474215383531520?s=20,200,"X'te aaronsim: ""Generative AI Models🗨️: (input =&gt; output)

• classification: image =&gt; text
(finding, analysis, extraction from existing input)

• generation: text =&gt; image
(use ML to create new output)

• transformation: image =&gt; image (or text =&gt; text)
(altering &amp; rendering output) https://t.co/aT1rupGPza"" / X","[13] Sim, A. [@aaronsim]. (2022, November 10). Generative AI Models. Twitter. https://twitter.com/aaronsiim/status/159047421538353 1520?s=20"
704,1221654,18838392,url_web,no_match,url_dead_and_not_archived,0.0,https://www.sirchie.com/media/resourcecenter/item/l/u/luminol_ti02-48eng-rev10e.pdf.(accessed,,404,,"Sirchie. 2011. Luminol. URL: https://www.sirchie.com/media/resourcecenter/item/l/u/luminol_ti02-48eng-rev10e.pdf. (accessed date: Sep 23, 2023)."
738,1187830,17315242,url_web,strong,live_url_verified,1.0,https://eur-lex.europa.eu/legal-content/EN/TXT/?uri=celex%3A32005L0029,https://eur-lex.europa.eu/legal-content/EN/TXT/?uri=celex%3A32005L0029,202,,EC (2005). Directive 2005/29/EC of the European Parliament and of the Council of 11 May 2005 concerning unfair business-to-consumer commercial practices in the internal market. https://eur-lex.europa.eu/legal-content/EN/TXT/?uri=celex%3A32005L0029.
763,1267748,20817389,url_web,no_match,url_dead_and_not_archived,0.0,https://www.constituteproject.org/constitution/South_Sudan_201,,404,,"South Sudan Constitution, (2011) https://www.constituteproject.org/constitution/South_Sudan_201"
773,1274029,21126083,url_web,no_match,url_dead_and_not_archived,0.0,https://zfwt.org/admin/files/issues/807-3364-1-PB.pdf,,404,,"Ekiz, E., Yazıcı, H. (2016). Termal turizmde farklı bir destinasyon: jeoturizm (Afyonkarahisar Örneği). ZfWT. 8 (1), 67-81. Erişim adresi: https://zfwt.org/admin/files/issues/807-3364-1-PB.pdf"
774,1274029,21126116,url_web,strong,live_url_verified,1.0,"https://korumakurullari.ktb.gov.tr/Eklenti/68498,afyonkarahisar-ili-ihsaniye-ilcesi-doger-beldesi-kirkme-.pdf?0","https://korumakurullari.ktb.gov.tr/Eklenti/68498,afyonkarahisar-ili-ihsaniye-ilcesi-doger-beldesi-kirkme-.pdf?0",200,,"url 3: https://korumakurullari.ktb.gov.tr/Eklenti/68498,afyonkarahisar-ili-ihsaniye-ilcesi-doger-beldesi-kirkme-.pdf ?0 Erişim Tarihi: 02/07/2023"
775,1274029,21126132,url_web,strong,live_url_verified,1.0,https://www.unesco.org.tr/Pages/129/126/UNESCO-K%C3%BCresel-Jeoparklar%C4%B1,https://www.unesco.org.tr/Pages/129/126/UNESCO-K%C3%BCresel-Jeoparklar%C4%B1,200,UNESCO Türkiye Millî Komisyonu,url 19: https://www.unesco.org.tr/Pages/129/126/UNESCO-K%C3%BCresel-Jeoparklar%C4%B1 Erişim Tarihi: 12/07/2023
779,1369427,25409894,url_web,strong,live_url_verified,1.0,https://www.ccresa.net/wp-content/uploads/2012/06/Webbs-DOK-Guide.pdf,https://www.ccresa.net/wp-content/uploads/2012/06/Webbs-DOK-Guide.pdf,200,,"Webb, N. L. (2009). Webb’s depth of knowledge guide: Career and technical education definitions. University of Wisconsin, Center for Education Research. https:// www.ccresa.net/wp-content/uploads/2012/06/Webbs-DOK-Guide.pdf."
781,1332754,23940645,url_web,strong,live_url_verified,1.0,https://teis.yesevi.edu.tr/madde-detay/arif-bozaci,https://teis.yesevi.edu.tr/madde-detay/arif-bozaci,200,Arif Bozacı,"İsen, M., İsen Durmuş, T. (2018b). Arif Bozacı. Türk Edebiyatı İsimler Sözlüğü. https://teis.yesevi.edu.tr/madde-detay/arif-bozaci. Erişim Tarihi: 14 Mart 2025."
832,1236575,19580533,url_web,no_match,url_dead_and_not_archived,0.0,https://www.hurriyet.com.tr/gundem/kadin-itfaiyecilerin-motivasyonu-hayat-kurtar-mak-41947016,,404,,"Laleli, İ. (2021, November 25). Kadın itfaiyecilerin motivasyonu; hayat kurtarmak. Hürriyet. https://www.hurriyet.com.tr/gundem/kadin-itfaiyecilerin-motivasyonu-hayat-kurtar- mak-41947016"
834,1268881,21020306,url_web,no_match,no_url_found,0.0,,,,,Birleşmiş Milletler-Türkiye (2021). Türkiye Sürdürülebilir Kalkınma Amaçları çalışmalarımız. https:// turkiye.un.org/tr/sdgs sayfasından erişilmiştir. Erişim Tarihi: 10.04.2024.
847,1342264,24298982,url_web,strong,live_url_verified,1.0,https://power.larc.nasa.gov/data-access-viewer/,https://power.larc.nasa.gov/data-access-viewer/,200,NASA POWER | Data Access Viewer (DAV),[27] NASA. POWER Data Access Viewer: Prediction of Worldwide Energy Resource. Available from: https://power.larc.nasa.gov/data-access-viewer/
848,1229873,19231016,url_web,strong,live_url_verified,1.0,https://www.lifesciencesexpertise.com/Download/The%20Use%20of%20AI%20in%20Pharmacovigilance.pdf,https://www.lifesciencesexpertise.com/Download/The%20Use%20of%20AI%20in%20Pharmacovigilance.pdf,200,,14. Life Sciences Expertise. Available from: https://www.lifesciencesexpertise.com/Download/The%20Use%20of%20AI%20in%20Pharmacovigilance.pdf Accessed: 15 July 2023
849,1229873,19231020,url_web,strong,live_url_verified,1.0,http://healthypleasures.de/news/nootropics-smart-drugs-the-differences/,http://healthypleasures.de/news/nootropics-smart-drugs-the-differences/,200,Nootropics & smart drugs. The differences. - Healthy Pleasures,18. Healthy Pleasures. Available from: http://healthypleasures.de/news/nootropics-smart-drugs-the-differences/ Accessed: 17 July 2023
864,1194206,19343221,url_web,no_match,url_dead_and_not_archived,0.0,https://kb.osu.edu/bitstream/handle/1811/46549/221posterball_drew.pdf?sequence=2,,403,,"Ball, A., Drew, H., & Anderson-Butcher, D. (2010). The 21st century assessment: Measuring 21st century skills among middle school students. [Erişim Tarihi: 25.05.2022. https://kb.osu.edu/bitstream/handle/1811/46549/221posterball_drew.pdf?sequence=2]"
895,1343427,24349087,url_web,strong,live_url_verified,1.0,http://ebookcentral.proquest.com/lib/suleymanebooks/detail.action?docID=291712,https://ebookcentral.proquest.com/lib/suleymanebooks/detail.action?docID=291712,200,ProQuest Ebook Central,"Han, J., Pei, J. & Kamber, M. (2006). Data Mining. Southeast Asia Edition. Elsevier Science & Technology. 2006. ProQuest Ebook Central. http://ebookcentral.proquest.com/lib/suleymanebooks/detail.action?docID=291712."
904,1372459,25520146,url_web,strong,live_url_verified,1.0,https://hastane.afsu.edu.tr/organ-nakli-ve-organ-bagisi,https://hastane.afsu.edu.tr/organ-nakli-ve-organ-bagisi/,200,Organ Nakli Ve Organ Bağışı | AFSÜ SAĞLIK UYGULAMA VE ARAŞTIRMA MERKEZİ,"AFSU Health Application and Research Center. (2025, May 25). Organ transplantation and organ donation. https://hastane.afsu.edu.tr/organ-nakli-ve-organ-bagisi."
962,1320208,24144512,url_web,strong,live_url_verified,1.0,https://vegconomist.com/materials/amsilk-and-21st-bio-scale-bioproduced-spider-silk-proteins/,https://vegconomist.com/materials/amsilk-and-21st-bio-scale-bioproduced-spider-silk-proteins/,200,"AMSilk and 21st.BIO Forge Alliance to Scale Bioproduced Spider Silk Proteins ""From Kilos to Tons"" - vegconomist - the vegan business magazine",Görsel 16. https://vegconomist.com/materials/amsilk-and-21st-bio-scale- bioproduced-spider-silk-proteins/ (Erişim Tarihi: 2025)
996,1351049,25225938,url_web,no_match,url_dead_and_not_archived,0.0,"https://www.saglikdunyasidergisi.com,8",,,,"saglikdunyasidergisi.com, ‘Aşırı sıcaklarda dışarıda çalışan iki işçi öldü’ (https://www.saglikdunyasidergisi.com, 8 Ağustos 2023) <https://www.saglikdunyasidergisi.com/haber/asiri_sicaklarda_disarida_calisan_iki_ isci_oldu-16110.html> Erişim Tarihi 4 Mayıs 2025."
1010,1169118,16840764,report_policy_legal,no_match,url_dead_and_not_archived,0.0,https://www.who.int/docs/defaultsource/coronaviruse/situation-reports/20200423-sitrep-94-covid-19.pdf,,404,,World Health Organization. (2020). Coronavirus disease (Covid-19) spreads. Erişim adresi:https://www.who.int/docs/default source/coronaviruse/situation-reports/20200423-sitrep-94-covid-19.pdf
1016,1280009,21413638,url_web,strong,live_url_verified,1.0,https://www.eurasiantimes.com/akinci-ucavs-begin-combat-duty-burkina/#:~:text=Burkina%20Faso%20received%,https://www.eurasiantimes.com/akinci-ucavs-begin-combat-duty-burkina/#:~:text=Burkina%2520Faso%2520received%25,200,Akinci UCAVs Begin Combat Duty; Burkina Faso Uses Turkish-Supplied Drones To Hit Militants - Reports,"21. Sakshi Tiwari, “Akinci UCAVs Begin Combat Duty; Burkina Faso Uses Turkish-Supplied Drones to Hit Militants – Reports,” The EuroAsian Times, (April 30, 2024) retrieved September 23, 2024, from https:// www.eurasiantimes.com/akinci-ucavs-begin-combat-duty-burkina/#:~:text=Burkina%20Faso%20received% 20five%20Bayraktar,Islam%20wal%20Muslimeen%20(JNI)."
1038,1240767,19704402,url_web,strong,live_url_verified,1.0,"https://www.ntv.com.tr/dunya/titanike-turist-tasiyan-denizalti-kayboldu-unlu-ingiliz-milyarder-de-icinde,8YFyGbglAE2ZE1bZ8pMRAw","https://www.ntv.com.tr/dunya/titanike-turist-tasiyan-denizalti-kayboldu-unlu-ingiliz-milyarder-de-icinde,8YFyGbglAE2ZE1bZ8pMRAw",200,Titanik'e turist taşıyan denizaltı kayboldu | NTV Haber,"Titanik’e turist taşıyan denizaltı kayboldu: Ünlü İngiliz milyarder de içinde. (2023, 19 Haziran). NTV. https://www.ntv.com.tr/dunya/titanike-turist-tasiyan-denizalti-kayboldu-unlu-ingiliz- milyarder-de-icinde,8YFyGbglAE2ZE1bZ8pMRAw"
1092,1375848,25643403,url_web,strong,live_url_verified,1.0,https://iifa-aifi.org/en/resolutions,https://iifa-aifi.org/en/resolutions,200,Resolutions – International Islamic Fiqh Academy,"IIFA, International Islamic Fiqh Academy. “Resolutions”. Erişim Nisan 2022. https://iifa-aifi.org/en/resolutions"
1095,1214482,18901352,url_web,no_match,url_dead_and_not_archived,0.0,https://turkiye.iom.int/tr/yeniden-yerlestirme,,403,,IOM Türkiye. (tarih yok). https://turkiye.iom.int/tr/yeniden-yerlestirme. adresinden alındı
1097,1253831,20246248,url_web,strong,live_url_verified,1.0,https://www.webofscience.com/wos/author/search,https://www.webofscience.com/wos/author/search,200,Web of Science,"11. Web of Science. Accessed March 1, 2023. https://www. webofscience.com/wos/author/search"
1113,1331326,23898137,url_web,no_match,url_dead_and_not_archived,0.0,"https://indico.cern.ch/event/124394/,2011",,404,,"Dubbert J., “Drift Tubes, gas mixtures and drift velocities”, Gaseous detectors: present features and future role, https://indico.cern.ch/event/124394/, 2011. FAIR, https://fair-center.eu/, son erişim tarihi: 18/3/2025."
1114,1298303,22290416,url_web,strong,live_url_verified,1.0,https://www.insidemarketing.it/iniziativa-a-few-degrees-more-del-leopold-museum-vienna/,https://www.insidemarketing.it/iniziativa-a-few-degrees-more-del-leopold-museum-vienna/,200,Il significato dell'iniziativa A Few Degrees More del Leopold Museum - Inside Marketing,"Dara, V. (2023, 8 Kasım). Al Leopold Museum di Vienna il cambiamento climatico fa storcere i quadri. Inside Marketing. https://www.insidemarketing.it/iniziativa-a-few-degrees-more-del-leopold-museum-vienna/"
1163,1294734,23190867,url_web,no_match,url_dead_and_not_archived,0.0,https://iraqld.e-sjc-services.iq/LoadArticle.aspx?SC=121120075347800,,403,,"Irak Medeni Kanunu, Erişim Tarihi, Ekim 12, 2024. https://iraqld.e-sjc- services.iq/LoadArticle.aspx?SC=121120075347800."
1174,1360654,25058869,url_web,strong,live_url_verified,1.0,https://web.itu.edu.tr/tahsin/CBS2007/bildiri/S_110.pdf,https://web.itu.edu.tr/tahsin/CBS2007/bildiri/S_110.pdf,200,,"Çolak, H. E. ve Çan, G. (2007). Sağlık CBS Uygulamalarında Konumsal Kümeleme Yönteminin Kullanımı, TMMOB Harita ve Kadastro Mühendisleri Odası, Ulusal Coğrafi Bilgi Sistemleri Kongresi, 30 Ekim –02 Kasım 2007, KTÜ, Trabzon, https://web.itu.edu.tr/tahsin/CBS2007/bildiri/S_110.pdf"
1236,1162808,16519015,report_policy_legal,strong,live_url_verified,1.0,https://www.mevzuat.gov.tr/MevzuatMetin/1.5.5188.pdf,https://www.mevzuat.gov.tr/MevzuatMetin/1.5.5188.pdf,200,,"Özel Güvenlik Hizmetlerine Dair Kanun (2004, 14 Haziran). Resmi Gazete (Sayı: 8843). Erişim adresi: https://www.mevzuat.gov.tr/MevzuatMetin/1.5.5188.pdf, Erişim tarihi: 15.04.2022."
1237,1162808,16519023,report_policy_legal,no_match,url_dead_and_not_archived,0.0,"https://www.resmigazete.gov.tr/eskiler/2022/01/20220128-3.pdf,(Erişim",,404,,"Resmi Gazete. (2022). Tebliğ, https://www.resmigazete.gov.tr/eskiler/2022/01/20220128-3.pdf, (Erişim Tarihi: 20.04.2022)."
1247,1256021,20339146,url_web,no_match,url_dead_and_not_archived,0.0,https://www.allaboutfeed.net/animal-feed/raw-materials/management-strategies-that-can-secure-feed-,,404,,"Edwin Chow. 2021. Management strategies that can secure feed quality. In Feed Preservation, Adisseo Singapore. https://www.allaboutfeed.net/animal-feed/raw- materials/management-strategies-that-can-secure-feed- quality/"
1289,1335978,24061073,url_web,strong,live_url_verified,1.0,https://www.R-project.org/,https://www.r-project.org/,200,R: The R Project for Statistical Computing,"Anonymous. (2022). R: A language and environment for statistical computing. Vienna, Austria: R Foundation for Statistical Computing. https://www.R-project.org/."
1293,1218584,18717166,url_web,strong,live_url_verified,1.0,https://www.proquest.com/scholarly-journals/north-arakan-open-prison-rohingya-burma/docview/236516719/se-2,https://www.proquest.com/docview/236516719,200,North Arakan: an open prison for the Rohingya in - ProQuest,"Lewa, C. (2009). North Arakan: An open prison for the rohingya in burma. Forced Migration Review, 32, 11-13. 29 Eylül 2023 tarihinde https://www.proquest.com/scholarly-journals/north-arakan-open-prison-rohingya-burma/docview/236516719/se-2 adresinden edinilmiştir."
1304,1342306,24300443,url_web,strong,live_url_verified,1.0,https://www.globalmediainsight.com/blog/youtube-users-statistics/,https://www.globalmediainsight.com/blog/youtube-users-statistics/,200,,"GMI. YouTube user statistics 2022. Available at: https://www.globalmediainsight.com/blog/youtube-users-statistics/. Accessed Jan 10, 2022."
1333,1372037,26019414,thesis,strong,live_url_verified,1.0,https://hdl.handle.net/11552/3276,https://acikkaynak.bilecik.edu.tr/items/2a4bc748-6d15-4e2a-9a9c-4e47572d5d89,200,Yusuf Suresi bağlamında çocuk evlerinde korunma altındaki çocuklarda iyilik davranışının oluşması,"Ömüt, S. Ç. (2024). Yusuf Sûresi bağlamında çocuk evlerinde korunma altındaki çocuklarda iyilik davranışının oluşması [Yayımlanmamış yüksek lisans proje ödevi]. Bilecik Şeyh Edebali Üniversitesi, Lisansüstü Eğitim Enstitüsü. https://hdl.handle.net/11552/3276"
1352,1373836,25570408,url_web,strong,live_url_verified,1.0,https://jewishencyclopedia.com/articles/4355-chosen-people,https://jewishencyclopedia.com/articles/4355-chosen-people,200,CHOSEN PEOPLE - JewishEncyclopedia.com,"Kohler, Kaufmann. “Chosen People”. Jewish Encyclopedia. Erişim: 20.06. 2025. https://jewishencyclopedia.com/articles/4355-chosen-people."
1369,1287713,21840307,url_web,strong,live_url_verified,1.0,https://www.cenresinjournals.com/wp-content/uploads/2020/02/Page-75-84-0395.pdf,https://www.cenresinjournals.com/wp-content/uploads/2020/02/Page-75-84-0395.pdf,200,,"Onunze, C. N. (2015). Time management in architectural practice. Journal of Environmental Sciences and Resources Management, 7(1), 75-84. https://www.cenresinjournals.com/wp-content/uploads/2020/02/Page-75-84-0395.pdf"
1370,1316040,23145925,url_web,strong,live_url_verified,1.0,https://tr.wikipedia.org/wiki/Otonom_K%C4%B1br%C4%B1s_T%C3%BCrk_Y%C3%B6netimi#:~:text=Otonom%20K%C4%,https://tr.wikipedia.org/wiki/Otonom_K%C4%B1br%C4%B1s_T%C3%BCrk_Y%C3%B6netimi#:~:text=Otonom%2520K%25C4%25,200,Otonom Kıbrıs Türk Yönetimi - Vikipedi,"Wikipedia. Erişim: 1 Eylül 2023, https://tr.wikipedia.org/wiki/Otonom_K%C4%B1br% C4%B1s_T%C3%BCrk_Y%C3%B6netimi#:~:text=Otonom%20K%C4% B1br%C4%B1s%20T%C3%BCrk%20Y%C3%B6netimi%2C%20K%C4% B1br%C4%B1s,K%C4%B1br%C4%B1s%20adas%C4%B1nda%20bulunan% 20T%C3%BCrk%20y%C3%B6netimi."
1452,1221514,19602195,report_policy_legal,no_match,url_dead_and_not_archived,0.0,https://www.euro.who.int/en/health-topics/Life-stages/child-and-adolescent-health/children-and-adolescents-in-the-who-european-region,,,,8. Children and adolescents in the WHO European Region [Internet]. [Erişim Tarihi: 5 Nisan 2022]. Erişim adresi: https://www.euro.who.int/en/health-topics/Life-stages/child-and-adolescent-health/children-and-adolescents-in-the-who-european-region
1460,1239956,19672915,url_web,strong,live_url_verified,1.0,https://ataturkansiklopedisi.gov.tr/bilgi/takvim-saat-ve-olcu-sistemlerinin-degistirilmesi/?pdf=3343,https://ataturkansiklopedisi.gov.tr/bilgi/takvim-saat-ve-olcu-sistemlerinin-degistirilmesi/?pdf=3343,200,Atatürk Ansiklopedisi,"9. Avcı C. Takvim, ölçü ve saat sistemlerinin değiştirilmesi. Atatürk Ansiklopedisi [Internet] [updated: 2023 october 20] Available from: https://ataturkansiklopedisi.gov.tr/bilgi/takvim-saat-ve-olcu-sistemlerinin-degistirilmesi/?pdf=3343"
1478,1191571,17403807,url_web,no_match,url_dead_and_not_archived,0.0,http://www.yyusbedergisi.com/dergiayrinti/buyuksehir-belediyelerinin-gelir-yapilarinin-degerlendirilmesi-2006-2015_411,,,,"Agun, B. H. ve Güler, M. (2017). Büyükşehir belediyelerinin gelir yapılarının değerlendirilmesi: 2006-2015. Yüzüncü Yıl Üniversitesi Sosyal Bilimler Enstitüsü Dergisi, 1 (4). [Çevrim-içi: http://www.yyusbedergisi.com/dergiayrinti/buyuksehir-belediyelerinin-gelir-yapilarinin-degerlendirilmesi-2006-2015_411], Erişim Tarihi: 07.12.2022."
1495,1323476,24391178,url_web,no_match,url_dead_and_not_archived,0.0,https://www.yok.gov.tr/Sayfalar/Haberler/2024/259-universitelerarasi-kurul-toplantisi.aspx,,404,,"YÖK 259-universitelerarasi-kurul-toplantisi. (t.y.). 25 Mart,2025, tarihinde https://www.yok.gov.tr/Sayfalar/Haberler/2024/259-universitelerarasi-kurul-toplantisi.aspx adresinden erişilmiştir."
1513,1323943,23555181,url_web,no_match,url_dead_and_not_archived,0.0,"https://citizens-initiative-forum.europa.eu/_de,(10.08.2024",,404,,"Forum zur Europäischen Bürgerinitiative, https://citizens-initiative-forum.europa.eu/_de, (10.08.2024)."
1529,1217642,19050590,url_web,no_match,url_dead_and_not_archived,0.0,https://onlyfans.com/transparency-center/tackling,,,,"OnlyFans. “Tackling Hate Speech.” Erişim tarihi Temmuz 19, 2023, https://onlyfans.com/transparency-center/tackling."
1559,1357014,24892753,url_web,no_match,url_dead_and_not_archived,0.0,https://www.sciencedirect.com/science/article/abs/pii/S0167739X00000431?via%3Dihub,,403,,"[11] “MAX–MIN Ant System - ScienceDirect.” Accessed: Nov. 20, 2023. [Online]. Available: https://www.sciencedirect.com/science/article/abs/pii/S0167739X00000431?via%3Dihub"
1599,1263984,20904092,url_web,strong,live_url_verified,1.0,http://uis.unesco.org/en/files/education-2030-incheonframework-action-implementation-sdg4-2016-enpdf-,https://www.uis.unesco.org/en,200,,UNESCO (2016). Incheon Declaration and Framework for Action for the implementation of Sustainable Development Goal 4 http://uis.unesco.org/en/ files/education-2030-incheonframework-action-implementation-sdg4-2016-enpdf-
1717,1219051,19113555,url_web,strong,live_url_verified,1.0,https://www.meb.gov.tr/2021-2022-orgun-egitim-istatistikleri-aciklandi/haber/27552/tr,https://www.meb.gov.tr/2021-2022-orgun-egitim-istatistikleri-aciklandi/haber/27552/tr,200,2021-2022 ÖRGÜN EĞİTİM İSTATİSTİKLERİ AÇIKLANDI,"MEB, (2021). 2020-2021 örgün eğitim istatistikleri açıklandı (09.09.2022). Erişim tarihi: 25.09.2023, https://www.meb.gov.tr/2021-2022-orgun-egitim-istatistikleri-aciklandi/haber/27552/tr"
1722,1250395,20101021,url_web,no_match,url_dead_and_not_archived,0.0,"https://mustafakemalim.com/kemani-nubar-tekyayin-ataturkle-ilgili-bir-anisi/#:~:text=Nubar%20Tekyay%2C%20annemin%20pişirdiği%2C%20özellikle,Rahmetl",,404,,"Tuğracı, P. (1988). Kemani Nubar Tekyay’ın Atatürk’le ilgili bir anısı https://mustafakemalim.com/kemani-nubar-tekyayin-ataturkle-ilgili-bir- anisi/#:~:text=Nubar%20Tekyay%2C%20annemin%20pişirdiği%2C%20özellikle,Rahmetl i%20ne%20adamdı!”%20derdi"
1749,1362254,25113292,url_web,no_match,url_dead_and_not_archived,0.0,https://environment.ec.europa.eu/law-and-governance/environmental-compliance-assurance/environmental-crime-directive_en(Erişim,,404,,"European Commission: Environmental Crime Directive, 2024, https://environment.ec.europa.eu/law-and-governance/environmental-compliance-assurance/environmental-crime-directive_en (Erişim Tarihi: 14.08.2025)."
1769,1312037,23435383,url_web,strong,live_url_verified,1.0,https://www.adik.com.tr/products/lst,https://www.anadolushipyard.com/,200,Anadolu Shipyard,"“Adik Tersanesi”, https://www.adik.com.tr/products/lst, erişim 28.02.2024. “Air Force”, Global Fire, http://www.globalfirepower,com/aircraft-total-transport.php, erişim 27.02.2024."
1784,1218646,19095932,url_web,strong,live_url_verified,1.0,"https://www.ntv.com.tr/turkiye/saadet-partisinden-abdullah-gul-aciklamasi,ZW9AIr1R70GF718lRWoeCQ","https://www.ntv.com.tr/turkiye/saadet-partisinden-abdullah-gul-aciklamasi,ZW9AIr1R70GF718lRWoeCQ",200,Saadet Partisi'nden Abdullah Gül açıklaması | NTV Haber,"Ntv (2018a). “Saadet Partisi'nden Abdullah Gül açıklaması”. https://www.ntv.com.tr/turkiye/saadet-partisinden-abdullah-gul-aciklamasi,ZW9AIr1R70GF718lRWoeCQ, Erişim Tarihi: 17.01.2023"
1788,1197122,17731758,url_web,strong,live_url_verified,1.0,https://www.industriall-union.org/industriall-global-union-signs-global-framework-agreement-with-,https://www.industriall-union.org/industriall-global-union-signs-global-framework-agreement-with-,200,404 - File Not Found,IndustriALL&SAFRAN (2017) Global Framework Agreement on Working Conditions Social Responsibility and sustainable development https://www.industriall- union.org/industriall-global-union-signs-global-framework-agreement-with- safran (21.01.2022)
1825,1258904,20462906,url_web,strong,live_url_verified,1.0,https://eur-lex.europa.eu/legal-content/EN/TXT/?uri=CELEX%3A52021DC0550,https://eur-lex.europa.eu/legal-content/EN/TXT/?uri=CELEX%3A52021DC0550,202,,"European Commission. (2021, 14 July). 'Fit for 55': Delivering the EU's 2030 climate target on the way to climate neutrality. 16 Haziran 2024 tarihinde https://eur-lex.europa.eu/legal-content/EN/TXT/?uri=CELEX%3A52021DC0550 adresinden edinilmiştir."
1826,1258904,20462921,url_web,no_match,url_dead_and_not_archived,0.0,https://www.ieta.org/resources/ghg-sentiment-survey/2023-survey/,,404,,The International Emissions Trading Association. (2023). GHG market sentiment survey 2023. 18 th Edition. 4 Mart 2024 tarihinde https://www.ieta.org/resources/ghg-sentiment-survey/2023-survey/ adresinden edinilmiştir.
1846,1289623,21924465,url_web,no_match,url_dead_and_not_archived,0.0,https://ilostat.ilo.org/,,403,,"ILOSTAT. (1996) Statistics and Databases, “Çevrimiçi” https://ilostat.ilo.org/ Erişim tarihi: 15.05. 2022. Ispettorato Nazionale del Lavoro. (2016) “Çevrimiçi” https://www.ispettorato.gov.it/it- it/IspettoratoNazionaleLavoro/Pagine/IspettoratoNazionaleLavoro.aspx, Erişim tarihi: 03.12.2022."
1847,1289623,21924470,url_web,no_match,url_dead_and_not_archived,0.0,https://www.gesetze-im-,,,,"Jugendarbeitsschutzgesetz, (1976), Gesetze im Internet, 01.03.1976, “Çevrimiçi” https://www. gesetze-im- internet.de/juschg/index.html, Erişim tarihi: 11.06.2022."
1895,1356645,24876710,url_web,no_match,url_dead_and_not_archived,0.0,http://uadphil.econ.uoa.gr/UA/files/1139148722.pdf,,,,"Varoufakis, Y. &Arnsperger, C. (2009). A most peculiar failure: On the dynamic mechanism by which the ınescapable theoretical failures of neoclassical economics reinforce its dynamics. http://uadphil.econ.uoa.gr/UA/files/1139148722.pdf. Erişim Tarihi: 06.09.2024."
1910,1361503,25081929,url_web,no_match,url_dead_and_not_archived,0.0,"https://www.facebook.com/armembrus,28",,400,,"“Posolstvo Armenii v Rossii” (Online), https://www.facebook.com/armembrus, 28 August 2024."
1911,1361503,25081933,url_web,no_match,url_dead_and_not_archived,0.0,"http://arka.am/ru/news/society/prezident_armenii_podpisal_zakon_ob_audiovizualnykh_media_kotoryy_zamenit_zakon_o_smi_/,13",,404,,"“Prezident Armenii podpisal zakon ob audiovizualnix media, kotoriy zamenit zakon o SMI” (Online), http://arka.am/ru/news/society/prezident_armenii_podpisal_zakon_ob_audiovizualnykh_media_kotoryy_zamenit_zakon_o_smi_/, 13 June 2024."
1912,1357187,24899597,report_policy_legal,no_match,url_dead_and_not_archived,0.0,https://webdosya.csb.gov.tr/db/kayseri/icerikler/hava-kalitesi--8230-56709-20211130141206.pdf(accessed,,404,,"THEP. 2014. Kayseri İli Temiz Hava Eylem Plan Raporu (Kayseri Province Clean Air Action Plan Report), Çevre ve Şehircilik Bakanlığı Kayseri İl Çevre ve Şehircilik Müdürlüğü, Kayseri. https://webdosya.csb.gov.tr/db/kayseri/icerikler/hava-kalitesi--8230-56709-20211130141206.pdf (accessed, 13.05.2023)"
1920,1342917,24325957,url_web,strong,live_url_verified,1.0,https://iletisim.com.tr/dergiler/toplum-ve-bilim/3/sayi-104-2005-spor-oyun-degil-ciddi-is/9974/zenginlik-zengin-bir-arastirma-gundemi-yoksul-bir-literatur/10514,https://iletisim.com.tr/dergiler/toplum-ve-bilim/3/sayi-104-2005-spor-oyun-degil-ciddi-is/9974/zenginlik-zengin-bir-arastirma-gundemi-yoksul-bir-literatur/10514,200,"Zenginlik: ""Zengin"" bir araştırma gündemi, ""yoksul"" bir literatür - Tanıl Bora, Necmi Erdoğan | Toplum ve Bilim 104, 2005 | İletişim Yayınları | Okumak İptiladır Müptelalara Selam!","(9) Bora, T. & Erdoğan, N. (2005). Zenginlik: ‘Zengin’ bir araştırma gündemi, ‘yoksul’ bir literatür. Toplum ve bilim, 104, 3-12. Retrieved from https://iletisim.com.tr/dergiler/toplum-ve-bilim/3/sayi-104-2005-spor-oyun-degil-ciddi-is/9974/zenginlik-zengin-bir-arastirma-gundemi-yoksul-bir-literatur/10514."
1944,1257509,20424495,report_policy_legal,no_match,url_dead_and_not_archived,0.0,https://ekonomi.gov.ct.tr/Portals/16/ekonomik%20indicator.pdf.(accessed,,404,,"Anonymous. 2022d. KKTC ekonomi ve enerji bakanlığı, https://ekonomi.gov.ct.tr/Portals/16/ekonomik%20indicator.pdf. (accessed date: December 12, 2022)."
1945,1257509,20424498,url_web,no_match,url_dead_and_not_archived,0.0,https://www.koopsut.com/hikayemiz-ve-misyonumuz/index.html(accessed,,404,,"Anonymous. 2022h. KOOP süt fabrikası, https://www.koopsut.com/hikayemiz-ve-misyonumuz/index.html (accessed date: December 12, 2022)."
1959,1336190,24069629,url_web,no_match,url_dead_and_not_archived,0.0,http://oldsite.nautilus.org/gps/virtual-diasporas/paper/Laguerre.htm,,404,,"Laguerre, M. (2020) Virtual Diasporas and Global Problem Solving Project Papers. http://oldsite.nautilus.org/gps/virtual-diasporas/paper/Laguerre. htm, Erişim tarihi: 10.10.2024."
1972,1286808,21915107,url_web,no_match,url_dead_and_not_archived,0.0,https://lareviewofbooks.org/article/excess-susan-sontags-born-digital-archive/(Erişim,,500,,"J. Schmidt and J. Ardam, “On Excess: Susan Sontag's Born-Digital Archive,” Los Angeles Review of Books (2014), https://lareviewofbooks.org/article/excess-susan-sontags-born-digital-archive/ (Erişim tarihi: 14 Haziran 2021)."
1974,1286808,21915118,report_policy_legal,strong,live_url_verified,1.0,https://labs.loc.gov/static/labs/work/reports/Cordell-LOC-ML-report.pdf,https://labs.loc.gov/static/labs/work/reports/Cordell-LOC-ML-report.pdf,200,,"R. Cordell, Machine Learning + Libraries (Library of Congress, Washington, D.C.), https://labs. loc.gov/static/labs/work/reports/Cordell-LOC-ML-report.pdf ?loclr=blogsig (Accessed July 14, 2021)."
1976,1286808,21915124,url_web,strong,live_url_verified,1.0,https://osf.io/r5f78/(Erişim,https://osf.io/r5f78/(Eri%C5%9Fim,200,OSF,"S. Peltzman et al., Levels of Born-Digital Access (Digital Library Federation, part of the Council on Library and Information Resources, 2020), https://osf.io/r5f78/ (Erişim tarihi:12 Haziran 2021)."
1989,1230761,19279888,url_web,no_match,url_dead_and_not_archived,0.0,https://www.yok.gov.tr/Sayfalar/Haberler/2023/yok-baskani-ozvar-2022-2023-egitimogretim-bahar-donemi-ne-iliskin-alinan-yeni-kararlari-acikladi.aspx,,404,,"YÖK, Yükseköğretim Kurulu. (2023, 14 Haziran). 2022-2023 Bahar Dönemi Eğitim Öğretim Kararı. https://www.yok.gov.tr/Sayfalar/Haberler/2023/yok-baskani-ozvar-2022-2023-egitimogretim-bahar-donemi-ne-iliskin-alinan-yeni-kararlari-acikladi.aspx."
1992,1244955,19900530,url_web,strong,live_url_verified,1.0,https://www.ft.com/content/cf154d42-d324-40a9-8478-9f59bee053b5,https://www.ft.com/content/cf154d42-d324-40a9-8478-9f59bee053b5,200,Subscribe to read,7- Financial Times. 2022. https://www.ft.com/content/cf154d42-d324-40a9- 8478-9f59bee053b5 (29.06.2023)
1993,1244955,19900536,report_policy_legal,strong,live_url_verified,1.0,https://www.resmigazete.gov.tr/fihrist?tarih=2024-01-26,https://www.resmigazete.gov.tr/fihrist?tarih=2024-01-26,200,T.C. Resmî Gazete,"13- Resmi Gazete, 20 Ocak 2024 Tarihli ve 3241 Sayılı, https://www.resmigazete.gov.tr/fihrist?tarih=2024- 01-26 (17.04.2024)"
2027,1299787,22359664,url_web,no_match,url_dead_and_not_archived,0.0,https://internationalchildhoodcancerday.org/,,500,,International Childhood Cancer Day (ICCD). [İnternet]. 2023. [cited 2023 Nov 11]. Available from: https://internationalchildhoodcancerday.org/.
2042,1159590,16932619,report_policy_legal,no_match,url_dead_and_not_archived,0.0,http://www.enerji.gov.tr/File/?path=ROOT%2F1%2FDocuments%2FE%C4%B0GM%20Ana%20Rapor%2FT%C3%BCrkiye%20Elektr,,,,"47. Enerji ve Tabii Kaynaklar Bakanlığı websitesi., http://www.enerji.gov.tr/File/?path=ROOT%2F1%2FDocuments %2FE%C4%B0GM%20Ana%20Rapor%2FT%C3%BCrkiye%20Elektr ik%20Enerjisi%20Talep%20Projeksiyonu%20Raporu.pdf. Erişim Tarihi Şubat 1, 2019."
2043,1271386,21150524,thesis,strong,live_url_verified,1.0,https://tez.yok.gov.tr/UlusalTezMerkezi/tezSorguSonucYeni.jsp,https://tez.yok.gov.tr/UlusalTezMerkezi/tezSorguSonucYeni.jsp,200,,"Altınsoy, F. (2018). Comparison of traditional teaching and technology assisted methods in creating awareness of environmental pollution in pre-school children. (Publication no. 493107) [Master Thesis, Necmettin Erbakan University]. YÖK. https://tez.yok.gov.tr/UlusalTezMerkezi/tezSorguSonucYeni.jsp"
2055,1239369,19650534,url_web,no_match,no_url_found,0.0,,,,,"Cenab Şahabeddin. Tiryaki Sözleri. Hazırlayan Orhan Fuad Köprülü ve Reyan Erben, Tercüman Gazetesi, 1978."
2062,1237489,19583541,url_web,strong,live_url_verified,1.0,https://hal.science/hal-01864536,https://hal.science/hal-01864536,200,Bot olmadığınızdan emin oluyoruz!,"[34] Y. Haralambous, “Text mining methods applied to mathematical texts,” 2012. Accessed on Jun 11, 2023. https://hal.science/hal-01864536"
2085,1341580,24269194,url_web,strong,live_url_verified,1.0,https://kadisicilleri.org/ayrmetin.php?idno=30998&MetinTmz=ehl%20i%20hibre%20etibba,https://kadisicilleri.org/ayrmetin.php?idno=30998&MetinTmz=ehl%20i%20hibre%20etibba,200,.:: İstanbul Kadı Sicilleri ::.,"İstanbul Kadı Sicilleri İstanbul Mahkemesi 78 Numaralı Sicil (1801-1803). haz. Coşkun Yılmaz İstanbul: İstanbul Büyükşehir Belediyesi Kültür A.Ş Yayınları, 2019 https://kadisicilleri.org/ayrmetin.php?idno=30998&MetinTmz=ehl%20i%20hibre%20etibba"
2086,1341580,24269199,url_web,strong,live_url_verified,1.0,https://kadisicilleri.org/ayrmetin.php?idno=17515&MetinTmz=Cerrâh%20darb,https://kadisicilleri.org/ayrmetin.php?idno=17515&MetinTmz=Cerr%C3%A2h%20darb,200,.:: İstanbul Kadı Sicilleri ::.,"İstanbul Kadı Sicilleri, Eyüp Mahkemesi 182 Numaralı Sicil (1741-1748). haz. Coşkun Yılmaz. İstanbul: İstanbul Büyükşehir Belediyesi Kültür A.Ş Yayınları, 2019. https://kadisicilleri.org/ayrmetin.php?idno=17515&MetinTmz=Cerrâh%20darb"
2087,1264902,20704598,url_web,strong,live_url_verified,1.0,https://ec.europa.eu/eurostat/statistics-explained/index.php?title=Performance_of_the_agricultural_sector#Value_of_agricultural_output)(Date,https://ec.europa.eu/eurostat/statistics-explained/index.php?title=Performance_of_the_agricultural_sector#Value_of_agricultural_output)(Date,200,Performance of the agricultural sector - Statistics Explained - Eurostat,"Anonymous, 2024b. Performance of the agricultural sector. (Web page: https://ec.europa.eu/eurostat/statistics-explained/index.php?title=Performance_of_the_agricultural_sector#Value_of_agricultural_output) (Date accessed: April 2024)."
2124,1375162,26092499,report_policy_legal,strong,live_url_verified,1.0,https://ekutuphane.saglik.gov.tr/Yayin/584,https://ekutuphane.saglik.gov.tr/Yayin/584,200,T.C. Sağlık Bakanlığı | E-Kütüphane - Hiper Tansiyon Klinik Protokolü,"[29] T.C. Sağlık Bakanlığı. Hipertansiyon Klinik Protokolü. Ankara, Türkiye: T.C. Sağlık Bakanlığı Sağlık Hizmetleri Genel Müdürlüğü; 2020. Avaliable at: https://ekutuphane.saglik.gov. tr/Yayin/584 Accessed April 26, 2025. (Turkish)"
2132,1327552,23697093,url_web,strong,live_url_verified,1.0,http://www.zelenokumsk2006.narod.ru/gunn.html,https://www.zelenokumsk2006.narod.ru/gunn.html,200,Богатое  захоронение гуннского времени у г.Зеленокумска.,http://www.zelenokumsk2006.narod.ru/gunn.html. Erişim tarihi: 06.07.2023.
2137,1384875,26636467,url_web,strong,live_url_verified,1.0,https://archive.org/details/phaedo-balboa/page/n1/mode/2up?view=theater,https://archive.org/details/phaedo-balboa/page/n1/mode/2up?view=theater,200,"Plato: Phaedo : Juan and Maria Balboa : Free Download, Borrow, and Streaming : Internet Archive","Platon. (2024). Phaido. (J. Balboa, & M. Balboa, Eds.) Retrieved July 7, 2024, from https://archive.org/details/phaedo-balboa/page/n1/mode/2up?view=theater"
2143,1355413,24829489,report_policy_legal,strong,live_url_verified,1.0,https://www.mevzuat.gov.tr/mevzuatmetin/1.5.5346.pdf,https://www.mevzuat.gov.tr/mevzuatmetin/1.5.5346.pdf,200,,5346 sayılı Kanun (2005). Yenilenebilir enerji kaynaklarının elektrik enerjisi üretimi amaçlı kullanımına ilişkin kanun. https://www.mevzuat.gov.tr/mevzuatmetin/1.5.5346.pdf adresinden 20 Mart 2025 tarihinde alınmıştır.
2147,1348681,24556696,url_web,no_match,no_url_found,0.0,,,,,Umut Vakfı. Türkiye Silahlı Şiddet Haritası. Umut Vakfı-Türkiye Silahlı Şiddet Haritası 2023. [Erişim tarihi: 12.10.2024]. Erişim linki: [Link]
2154,1270424,20946127,url_web,no_match,url_dead_and_not_archived,0.0,http://mimoza.marmara.edu.tr/~klordoglu/yazilar/Anvers_Kongre_metni1.pdf,,,,"Lordoğlu, K. (2009). Türkiye’de turizmde çalışan göçmenler ve işgücü piyasasında oluşan yeni sorunlar, 10.08.2023 tarihinde http://mimoza.marmara.edu.tr/~klordoglu/yazilar/Anvers_Kongre_metni 1.pdf adresinden alındı."
2167,1328958,23761465,url_web,strong,live_url_verified,1.0,https://portal.yek.gov.tr/works/detail/352385,https://portal.yek.gov.tr/works/detail/352385,200,TÜRKİYE YAZMA ESERLER KURUMU BAŞKANLIĞI - Eser detayı,"Ali el-Kārî, Ebü’l-Hasen Nûrüddîn Alî b. Sultân Muhammed. Şerḥu fıḳhi’l-ekber. İstanbul: Süleymaniye Kütüphanesi, Yazma Bağışlar Koleksiyonu, 06437-002, 1a-116b. https://portal.yek.gov.tr/works/detail/352385"
2183,1337565,24120772,url_web,no_match,url_dead_and_not_archived,0.0,https://www.cnbc.com/2022/08/19/quiet-quitting-millennials-withexperience-explain.html,,404,,"Malinsky, G. (19 Ağustos 2022). 3 millennials on their experience of quiet quitting: ‘I’m not going to overwork myself anymore’. Make İt. Erişim adresi: https://www.cnbc.com/2022/08/19/quiet-quitting-millennials-with experience-explain.html"
2247,1164336,16216519,url_web,no_match,url_dead_and_not_archived,0.0,https://www.genderindex.org/sigi/,,,,"Social Institutions and Gender Index. Elde edilme tarihi: 22.03.2022, https://www.genderindex.org/sigi/."
2254,1325831,23625579,report_policy_legal,strong,live_url_verified,1.0,https://labordoc.ilo.org/discovery/fulldisplay/alma994940393202676/41ILO_INST:41ILO_V2(ET,https://labordoc.ilo.org/discovery/fulldisplay/alma994940393202676/41ILO_INST:41ILO_V2(ET,200,,"INTERNATİONAL LABOUR OFFİCE, 380th Report of the Commit-tee on Freedom of Association, 2016. https://labordoc.ilo.org/discovery/fulldisplay/alma994940393202676/41ILO_INST:41ILO_V2 (ET. 03.04.2025)"
2268,1317043,23211951,url_web,no_match,url_dead_and_not_archived,0.0,http://103.109.52.4/handle/52243/3122,,,,"Obaida, R. (2024). The impact of natural resource rent, trade openness, and institutional quality on green growth. http://103.109.52.4/handle/52243/3122"
2284,1194226,17714163,url_web,strong,live_url_verified,1.0,https://linc.cnil.fr/fr/le-plaignant-type-un-homme-diplome-et-cadre,https://linc.cnil.fr/le-plaignant-type-un-homme-diplome-et-cadre,200,"Le plaignant type ? Un homme, diplômé et cadre | Linc","Courmont, Antonie. “Le plaignant type ? Un homme, diplômé et cadre | LINC”. linc.cnil.fr, Şubat 2023. https://linc.cnil.fr/fr/le- plaignant-type-un-homme-diplome-et-cadre. (E.T. 28.04.2023)"
2314,1189871,17314156,report_policy_legal,no_match,url_dead_and_not_archived,0.0,https://www.btk.gov.tr/uploads/pages/arastirmaraporlari/akilli-tarim.pdf,,404,,Anonymous 2020. Information Technologies and Communication Institution-Smart Agriculture Report https://www.btk.gov.tr/uploads/pages/arastirma raporlari/akilli-tarim.pdf (Date of access: 13.03.2023)
2327,1314356,23033412,report_policy_legal,strong,live_url_verified,1.0,"https://data.tuik.gov.tr/Bulten/Index?p=Population-Projections-2023-2100-53699&dil=2#:~:text=If%20the%20current%20trends%20of,thousand%20618%20people%20in%202050access","https://veriportali.tuik.gov.tr/Bulten/Index?p=Population-Projections-2023-2100-53699&dil=2#:~:text=If%20the%20current%20trends%20of,thousand%20618%20people%20in%202050access",200,,"Turkish Statistical Institue (TÜİK). Population projections, 2023-2100. https://data.tuik.gov.tr/Bulten/Index?p=Population-Projections-2023-2100-53699&dil=2#:~:text=If%20the%20current%20trends%20of,thousand%20618%20people%20in%202050 access date: 22.08.2024."
2336,1373862,25571170,url_web,no_match,no_url_found,0.0,,,,,"Uyar, Hakkı, “SCF’nin Yayın Organı: Serbes Cumhuriyet Gazetesi.” Modern Türkiye’de Siyasi Düşünce, Liberalizm, cilt 7. Editör Tanıl Bora ve Murat Gültekingil, 217-223. İstanbul: İletişim Yayınları, 2005."
2337,1373862,25571186,dergipark_file,strong,live_url_verified,1.0,https://dergipark.org.tr/tr/download/article-file/1172083,https://dergipark.org.tr/tr/download/article-file/1172083,200,,"Yalçın, E. Semih, “Dahiliye Vekili Nazım Bey’in İstifası Meselesi.” Atatürk Araştırma Merkezi Dergisi XI, 32 (1995): 405-416. https://dergipark.org.tr/tr/download/article-file/1172083"
2360,1208481,18276232,url_web,strong,live_url_verified,1.0,https://openai.com/about,https://openai.com/about/,200,About | OpenAI,OpenAI. (2015). OpenAI. https://openai.com/about
2365,1336651,24087866,url_web,no_match,url_dead_and_not_archived,0.0,http://www.fao.org/fcit/food-processing/street-foods/en/,,404,,"FAO, (2009). Street foods. Erişim Tarihi: 19.08.2024. http://www.fao.org/fcit/food-processing/street-foods/en/"
2406,1229865,19506664,url_web,no_match,no_url_found,0.0,,,,,Kamu Ortaklığı Fonu Yönetmeliği. Bakanlar Kurulu Kararı. (1984). Resmî Gazete 18514 (13.9.1984). Sayı: 84/8495
2414,1223084,19293926,url_web,strong,live_url_verified,1.0,https://hal-enpc.archives-ouvertes.fr/hal-01832768,https://hal-enpc.archives-ouvertes.fr/hal-01832768,200,Bot olmadığınızdan emin oluyoruz!,"Komodakis, N. ve Gidaris, S. 2018, Nisan. Unsupervised representation learning by predicting image rotations. In International Conference on Learning Representations (ICLR). Vancouver, Canada. ̧Suradan ula ̧sılmı ̧stır: https://hal-enpc.archives-ouvertes.fr/hal-01832768"
2448,1305300,22582021,url_web,no_match,url_dead_and_not_archived,0.0,https://www.bbc.com/sport/football/43893822)History.com,,404,,"BBC Sport: ""World Cup history: The story of the tournament"" (https://www.bbc.com/sport/football/43893822) History.com: ""The World Cup: A Brief History"" (https://www.history.com/news/the-world-cup-a-brief-history)"
2454,1340695,24220888,url_web,no_match,no_url_found,0.0,,,,,"Geuss, R. (1981). The idea of a critical theory: Habermas and the Frankfurt school. Cambridge; New York: Cambridge University Press."
2460,1375729,25639810,report_policy_legal,strong,live_url_verified,1.0,https://www.who.int/news-room/fact-sheets/detail/climate-change-and-health,https://www.who.int/news-room/fact-sheets/detail/climate-change-and-health,200,Climate change,16. WHO. Climate change [Internet]. 2023 [a.yer 09 Ocak 2025]. Erişim adresi: https://www.who.int/news-room/fact-sheets/detail/climate-change-and-health
2462,1375729,25639868,url_web,no_match,url_dead_and_not_archived,0.0,https://genderandsecurity.org/sites/default/files/Resurreccion_et_al_-_G-Transformative_Climate_Change_Adaptatn_-_Advancg_Soc_Equity.pdf,,403,,"74. Resurrección BP, Bee BA, Dankelman I, Park CMY, Haldar M, McMullen CP. Gender-transformative climate change adaptation: advancing social equity. Paper commissioned by the Global Commission on Adaptation (GCA) [İnternet]. 2019 [a.yer 19 Mart 2024]; Erişim adresi: https://genderandsecurity.org/sites/default/files/Resurreccion_et_al_-_G-Transformative_Climate_Change_Adaptatn_-_Advancg_Soc_Equity.pdf"
2470,1344046,24377314,url_web,no_match,url_dead_and_not_archived,0.0,https://www.perusall.com/[Erişim,,404,,"URL 14. Perusall nedir, nasıl kullanılır? https://www.perusall.com/ [Erişim Tarihi: 14 Aralık 2024]."
2471,1344046,24377333,url_web,no_match,url_dead_and_not_archived,0.0,https://www.youtube.com/MEBDinOgretimiTV[Erişim,,404,,URL 34. Müslüman bilim adamları serisi. https://www.youtube.com/MEBDinOgretimiTV [Erişim Tarihi: 03 Ocak 2025].
2491,1209335,18328371,url_web,no_match,no_url_found,0.0,,,,,Milliyet Gazetesi
2522,1195968,17669443,url_web,no_match,url_dead_and_not_archived,0.0,https://www.womenspreventivehealth.org/wp-content/uploads/WPSI-Telehealth-FAQ.pdf,,429,,"Women’s Preventıve Servıces Inıtıatıve (WPSI). (2021). Faq For Telehealth Services. Erişim tarihi:10.11.2021, https://www.womenspreventive health.org/wp-content/uploads/WPSI-Telehealth-FAQ.pdf"
2530,1333057,24222718,hidden_doi,no_match,url_dead_and_not_archived,0.0,https://doi.org/10.14359/51684395,,404,,"Ghafoori, N., & Diaz-Loya, I. (2012). Shrinkage Cracking and Durability Characteristics of Alkali-Activated Slag Concrete. Materials Journal, 109(2), 209-217. https://doi.org/10.14359/51684395."
2538,1256289,20352719,url_web,strong,live_url_verified,1.0,https://www.pinterest.de/pin/366691594663249685/,https://de.pinterest.com/pin/366691594663249685/,200,,Görsel 3: https://www.pinterest.de/pin/366691594663249685/
2554,1203416,18374259,url_web,no_match,url_dead_and_not_archived,0.0,http://fs.libarts.psu.ac.th/research/conference/proceedings-3/3pdf/004.pdf,,,,"Khathayut, P. ve Karavi, P. (2011). Summarizing techniques: the effective indicators of reading comprehension. 3rd International Conference on Humanities and Social Sciences Proceedings- Teaching Techniques, 1–12. http://fs.libarts.psu.ac.th/research/conference/proceedings-3/3pdf/004.pdf"
2557,1349110,24574672,url_web,strong,live_url_verified,1.0,https://www.mssociety.org.uk/about-ms/types-ms/clinically-isolated-syndrome-cis,https://www.mssociety.org.uk/about-ms/types-of-ms/clinically-isolated-syndrome-cis,200,Clinically isolated syndrome (CIS) | MS Society,MS Society [Internet]. Clinically isolated syndrome (CIS) [2022 June 22]. Available at: https://www.mssociety.org. uk/about-ms/types-ms/clinically-isolated-syndrome-cis [Accessed: 03.01.2024]
2560,1288251,22464757,report_policy_legal,strong,live_url_verified,1.0,http://www.sp.gov.tr/tr/temel-belge/s/214/Ulusal+Yapay+Zek_+Stratejisi+_2021-2025,http://www.sp.gov.tr/tr/temel-belge/s/214/Ulusal+Yapay+Zek_+Stratejisi+_2021-2025,200,Kamuda Stratejik Yönetim | Ulusal Yapay Zekâ Stratejisi (2021-2025),"Sanayi ve Teknoloji Bakanlığı, (2021). Cumhurbaşkanlığı Dijital Dönüşüm Ofisi Başkanlığı, Ulusal Yapay Zekâ Stratejisi 2021-2025, http://www.sp.gov.tr/tr/temel-belge/s/214/Ulusal+Yapay+Zek_+Stratejisi+_2021-2025 Erişim Tarihi: 15.10.2024."
2565,1373738,25567203,url_web,strong,live_url_verified,1.0,https://www.btg-bestellservice.de/pdf/80207000.pdf(Son,https://www.btg-bestellservice.de/pdf/80207000.pdf(Son,200,Deutscher Bundestag - Download- und Bestellservice für Infomaterial,https://www.btg-bestellservice.de/pdf/80207000.pdf (Son Erişim Tarihi: 02.10.2025).
2587,1354928,24802223,thesis,no_match,url_dead_and_not_archived,0.0,https://hdl.handle.net/11299/212273,,403,,"DeLongchamp, A. C. (2020). Evaluating the effects of a job crafting intervention on employee work-life balance (Yüksek lisans tezi, University of Minnesota) University of Minnesota Digital Conservancy. https://hdl.handle.net/11299/212273"
2593,1379873,25759419,url_web,strong,live_url_verified,1.0,https://sciencejournals.stmjournals.in/index.php/RRJoVST/article/view/519,https://sciencejournals.stmjournals.in/index.php/RRJoVST/article/view/519,200,"Significance of Artificial Insemination in Poultry
							| Research & Reviews: Journal of Veterinary Science and Technology","Kharayat, N,S., Chaudhary, G,R., Katiyar, R., Balmurugan, B., Patel, M., Uniyal, S., Raza, M., & Mishra, G. (2016). Significance of artificial insemination in poultry. Research & Reviews: Journal of Veterinary Science and Technology, 5(1), 1-5. https://sciencejournals.stmjournals.in/index.php/RRJoVST/article/view/519."
2667,1313872,22992225,url_web,no_match,url_dead_and_not_archived,0.0,http://www.trai.gov.in(accessed,,,,"TRAI (Telecom Regulatory Authority of India) (2015), “Telecom Subscription Data 31st March, 2015. http://www.trai.gov.in (accessed on 15 July, 2015)."
2676,1318193,23266972,url_web,no_match,url_dead_and_not_archived,0.0,https://www.politikyol.com/dijital-demokrasinin-onemine-dair,,403,,"Sönmez, P. (2023). Dijital demokrasinin önemine dair. 03.02.2025 tarihinde, https://www.politikyol.com/dijital-demokrasinin-onemine-dair adresinden alınmıştır."
2687,1355904,24850460,url_web,strong,live_url_verified,1.0,https://shs.hal.science/file/index/docid/159842/filename/UnitRoot_Ev5.pdf,https://shs.hal.science/file/index/docid/159842/filename/UnitRoot_Ev5.pdf,200,Bot olmadığınızdan emin oluyoruz!,"Hurlin, C., & Mignon, V. (2007). Second generation panel unit root tests. Retrieved from HAL open science website: https://shs.hal.science/file/index/docid/159842/filename/UnitRoot_Ev5.pdf"
2706,1220140,19605426,report_policy_legal,no_match,url_dead_and_not_archived,0.0,https://tribal.nic.in/downloads/Statistics/AnnualReport/AREnglish2223.pdf(Access,,404,,Ministry of Tribal Affairs. (2023). Annual Report 2022-23 Government of India https://tribal.nic.in/downloads/Statistics/AnnualReport/AREnglish2223.pdf (Access: 19.07.2023).
2714,1213448,18839577,url_web,no_match,url_dead_and_not_archived,0.0,http://www.idemployee.id.tue.nl/g.w.m.rauterberg/conferences/CD_doNotOpen/ADC/final_paper/076.pdf,,404,,"Suga, Y. (2003). Production and Consumption of Art and DesigN in Victorian Manchester- Design Education, the Art Treasures Exhibition and William Morris. http://www.idemployee.id.tue.nl/g.w.m.rauterberg/conferences/CD_doNotOpen/ADC/final_paper/076.pdf, Erişim Tarihi: 15 Mart 2023."
2715,1213448,18839583,report_policy_legal,strong,live_url_verified,1.0,"https://data.tuik.gov.tr/Kategori/GetKategori?p=Egitim,-Kultur,-Spor-ve-Turizm-105","https://veriportali.tuik.gov.tr/Kategori/GetKategori?p=Egitim,-Kultur,-Spor-ve-Turizm-105",200,,"TÜİK (2023a). Kültür İstatistikleri, https://data.tuik.gov.tr/Kategori/GetKategori?p=Egitim,-Kultur,-Spor-ve-Turizm-105, Erişim Tarihi: 15 Eylül 2023."
2728,1369382,25407743,report_policy_legal,strong,live_url_verified,1.0,https://tymm.meb.gov.tr/upload/program/2024programvat4Onayli.pdf,https://tymm.meb.gov.tr/upload/program/2024programvat4Onayli.pdf,200,,"Millî Eğitim Bakanlığı (2024a). İnsan hakları, vatandaşlık ve demokrasi dersi öğretim programı. https://tymm.meb.gov.tr/upload/ program/2024programvat4Onayli.pdf"
2739,1328686,23752236,report_policy_legal,no_match,url_dead_and_not_archived,0.0,https://innovation.consumerreports.org/AI-Voice-Cloning-Report-.pdf,,403,,"Gedye, G. (2025, 10 Mart). AI voice cloning: do these 6 companies do enough to prevent misuse? https://innovation.consumerreports.org/AI-Voice-Cloning-Report-.pdf"
2746,1216084,18624403,url_web,strong,live_url_verified,1.0,https://proceedings.eurosa.org/4/shusterman2012.pdf,https://proceedings.eurosa.org/4/shusterman2012.pdf,200,,"Shusterman, R. (2012). Anish Kapoor and the anti-entropy of art. European Society for Aesthetics, 4. https://proceedings.eurosa.org/4/shusterman2012.pdf."
2762,1178412,16790712,report_policy_legal,strong,live_url_verified,1.0,"https://data.tuik.gov.tr/Bulten/Index?p=Nufus-Projeksiyonlari-2018-2080-30567#:~:text=N%C3%BCfusumuz%202069%20y%C4%B1l%C4%B1na%20kadar%20artarak,100%20bin%20904%20ki%C5%9Fi%20olacakt%C4%B1r.&text=%C3%9Clkemizd","https://veriportali.tuik.gov.tr/Bulten/Index?p=Nufus-Projeksiyonlari-2018-2080-30567#:~:text=N%C3%BCfusumuz%202069%20y%C4%B1l%C4%B1na%20kadar%20artarak,100%20bin%20904%20ki%C5%9Fi%20olacakt%C4%B1r.&text=%C3%9Clkemizd",200,,"Turkish Statistical Institute (TurkStat) (2018). Nüfus projeksiyonları 2018-2080. https://data.tuik.gov.tr/Bulten/Index?p=Nufus-Projeksiyonlari-2018-2080-30567#:~:text=N%C3%BCfusumuz%202069%20y%C4%B1l%C4%B1na%20kadar%20ar tarak,100%20bin%20904%20ki%C5%9Fi%20olacakt%C4%B1r.&text=%C3%9Clkemizd e%202023%20y%C4%B1l%C4%B1nda%2C%202017%20y%C4%B1l%C4%B1,artarken %2C%2013%20ilin%20n%C3%BCfusu%20azalacakt%C4%B1r."
2769,1199126,17832548,url_web,no_match,no_url_found,0.0,,,,,"Şimşek, R. (1987). Türkçede Sözdizimi. Trabzon: Kuzey Gazetecilik Matbaacılık ve Ambalaj San."
2803,1332319,23919932,dergipark_file,strong,live_url_verified,1.0,https://dergipark.org.tr/en/download/article-file/3534084,https://dergipark.org.tr/en/download/article-file/3534084,200,,"Demirkaya, H., Yıldız, B., Erener Özalçın, S., & Öztürk, H. (2023). İnsan kaynaklarında sessizliğin yankıları: Örgütlerde sessiz istifa fenomeninin anatomisi. Süleyman Demirel Üniversitesi İnsan Kaynakları Yönetimi Dergisi, 2(2), 69-88. https://dergipark.org.tr/en/download/article-file/3534084"
2813,1366986,25322116,url_web,strong,live_url_verified,1.0,https://cdn.iuc.edu.tr/FileHandler2.ashx?f=secmeli-ders-tavuk-hastaliklari-patolojisi-slayt--(1).pdf,https://cdn.iuc.edu.tr/FileHandler2.ashx?f=secmeli-ders-tavuk-hastaliklari-patolojisi-slayt--(1).pdf,200,,Anonymous. (2024d). Pathology of poultry diseases. Retrieved from https://cdn.iuc.edu.tr/FileHandler2.ashx?f=secmeli-ders-tavuk-hastaliklari-patolojisi-slayt--(1).pdf.
2820,1183010,17421719,url_web,strong,live_url_verified,1.0,https://www.dbschenkerarkas.com.tr/tr-tr,https://www.dsv.com/en/countries/turkiye?utm_source=schenker&utm_medium=301,200,Turkey | DSV,(https://www.dbschenkerarkas.com.tr/tr-tr) Erişim Tarihi 15.01.2023
2857,1364643,25220680,thesis,no_match,url_dead_and_not_archived,0.0,https://lib.dr.iastate.edu/etd/15609,,403,,"Qu, K. (2017). The impact of experience on satisfaction and revisit intention in theme parks: An application of the experience economy (Master's thesis). Graduate Theses and Dissertations. Ames, Iowa, United States: Iowa State University. Retrieved from https://lib.dr.iastate.edu/etd/15609"
2870,1342052,24288921,url_web,strong,live_url_verified,1.0,https://api.semanticscholar.org/CorpusID:85905878,https://www.semanticscholar.org/paper/445cc2d027c0563e96e5175d1fc1ce3f620b8a00,202,,"Sarma, C., & Gautam, R. (2006). Effect of Tillage; Seed Rate and Weed Control Methods on Weeds and Maize (Zed mays L.). Indian Journal of Weed Science, 38, 58–61. https://api.semanticscholar.org/CorpusID:85905878"
2947,1161729,16446909,url_web,no_match,url_dead_and_not_archived,0.0,https://www.bbc.com/turkce/articles/cydnj4v9614o(Erişim,,404,,BBC News Türkçe (2023). Erzin: Hatay’ın ilçesinde neden tek bir ev bile yıkılmadı? https://www.bbc.com/turkce/articles/cydnj4v9614o (Erişim Tarihi: 17 Şubat 2023). Birgün (2023a). ‘İmar barışı’ ile devlet 26 milyar lira kazandı. https://www.birgun.net/haber/imar-affi-verileri-depremin-vurdugu-10-ilde-294-bin-guvencesiz-konut-yasal-koruma-altina-alinmis-420964 (Erişim Tarihi: 17 Şubat 2023).
2948,1161729,16446976,url_web,strong,live_url_verified,1.0,https://www.hurriyet.com.tr/yerel-haberler/ankara/28-bin-depremzede-colyakli-icin-mobil-destek-42220265,https://www.hurriyet.com.tr/yerel-haberler/ankara/28-bin-depremzede-colyakli-icin-mobil-destek-42220265,200,Ankara Haberleri - 28 bin depremzede çölyaklı için mobil destek - Yerel Haberler,Hürriyet (2023b). 28 bin depremzede çölyaklı için mobil destek. https://www.hurriyet.com.tr/yerel-haberler/ankara/28-bin-depremzede-colyakli-icin- mobil-destek-42220265 (Erişim Tarihi: 18 Şubat 2023).
2949,1161729,16447041,url_web,strong,live_url_verified,1.0,https://www.sozcu.com.tr/2023/saglik/ttbden-deprem-aciklamasi-enkaz-altinda-hipotermiden-olenler-var-7585265/,https://www.sozcu.com.tr/ttbden-deprem-aciklamasi-enkaz-altinda-hipotermiden-olenler-var-wp7585265,200,Sağlık meslek örgütleri: Enkaz altında hipotermiden ölenler var - Sözcü,"Sansür, L. (2023). Sağlık meslek örgütleri: Enkaz altında hipotermiden ölenler var. https://www.sozcu.com.tr/2023/saglik/ttbden-deprem-aciklamasi-enkaz-altinda- hipotermiden-olenler-var-7585265/ (Erişim Tarihi: 17 Şubat 2023)."
2977,1310214,22767667,url_web,strong,live_url_verified,1.0,http://www.bobpearlman.org/BestPractices/PBL_Research.pdf,http://www.bobpearlman.org/BestPractices/PBL_Research.pdf,200,,"Thomas, J. W. (2000). A review of research on project-based learning. http://www.bobpearlman.org/BestPractices/PBL_Research.pdf"
2987,1369501,25412325,url_web,strong,live_url_verified,1.0,https://eur-lex.europa.eu/legal-content/EN/TXT/HTML/?uri=CELEX:61990CJ0269,https://eur-lex.europa.eu/legal-content/EN/TXT/HTML/?uri=CELEX:61990CJ0269,202,,"CJEU (1991). Case C–269/90, Hauptzollamt München-Mitte v. Technische Universität München (1991). https://eur-lex.europa.eu/legal-content/EN/TXT/ HTML/?uri=CELEX:61990CJ0269"
3009,1365423,25258805,url_web,strong,live_url_verified,1.0,https://www.globalcompactturkiye.org/public/kadinin-guclenmesi-prensipleri-weps-uygulama-rehberi,https://www.globalcompactturkiye.org/public/kadinin-guclenmesi-prensipleri-weps-uygulama-rehberi,200,Kadının Güçlenmesi Prensipleri (WEPs) Uygulama Rehberi,Kadının Güçlenmesi Prensipleri (WEPs) Uygulama Rehberi. (2017) UN Women Avrupa ve Orta Asya Bölge Ofisi. https://www.globalcompactturkiye.org/public/kadinin-guclenmesi-prensipleri-weps-uygulama-rehberi
3064,1345348,24430547,url_web,strong,live_url_verified,1.0,https://www.cigdemim.org.tr/?p=12937(Erişim,https://www.cigdemim.org.tr/?p=12937(Eri%C5%9Fim,200,"ÇİĞDEMİM MAHALLE BOSTANI – Çiğdem Eğitim, Çevre ve Dayanışma Derneği",(26) https://www.cigdemim.org.tr/?p=12937 (Erişim Tarihi: 20 Eylül 2024).
3068,1287827,22429621,url_web,strong,live_url_verified,1.0,https://www.ab.gov.tr/ilerleme-raporlari_46224.html,https://www.ab.gov.tr/ilerleme-raporlari_46224.html,200,Avrupa Komisyonu Tarafından Hazırlanan Türkiye Raporları,Türkiye Raporu (2015). Avrupa Komisyonu Tarafından Hazırlanan Türkiye Raporları. https://www.ab.gov.tr/ilerleme-raporlari_46224.html adresinden 03.05.2024 tarihinde erişilmiştir.
3082,1262855,20625924,url_web,no_match,no_url_found,0.0,,,,,"7. Dar MS. Study of phytoconstituents, antioxidant and antibacterial activities of Citrus karna fruit peels. 2016. (Available from: https:// api.semanticscholar.org/CorpusID:90364009)"
3106,1198651,17844664,dergipark_file,strong,live_url_verified,1.0,https://dergipark.org.tr/tr/download/article-file/200349,https://dergipark.org.tr/tr/download/article-file/200349,200,,"Uysal, İ. (2013). Akademisyenlerin genel öz-yeterlik inançları: AİBÜ Eğitim fakültesi örneği. Trakya Üniversitesi Eğitim Fakültesi Dergisi, 3(2), 144-151. Erişim adresi: https://dergipark.org.tr/tr/download/article-file/200349"
3127,1208114,18256375,report_policy_legal,strong,live_url_verified,1.0,http://www.worldbank.org/,https://www.worldbank.org/ext/en/home,200,"World Bank Group - International Development, Poverty and Sustainability","World Bank (2023). Dünya Bankası veri tabanı. Erişim, 1 Mayıs 2023, http://www.worldbank.org/"
3144,1309566,23744339,url_web,no_match,url_dead_and_not_archived,0.0,https://www.britishmuseum.org/collection/object/G_1816-0610-96(Erişim,,403,,Görsel 9: https://www.britishmuseum.org/collection/object/G_1816-0610-96 (Erişim Tarihi: 20.5.23).
3148,1316231,23156242,url_web,no_match,url_dead_and_not_archived,0.0,"https://www.osym.gov.tr/TR,21158/2021-yks-tyt-ayt-ve-ydt-temel-soru-kitapciklari-ve-cevap-anahtarlari.html/24.04.2024",,404,,"Measurement, Selection and Placement Center. (2021). YKS question booklets and answer keys. https://www.osym.gov.tr/TR,21158/2021-yks-tyt-ayt-ve-ydt-temel-soru-kitapciklari-ve-cevap-anahtarlari.html/24.04.2024"
3161,1233127,20253548,url_web,strong,live_url_verified,1.0,http://mufredat.meb.gov.tr,http://mufredat.meb.gov.tr/,200,,"Yüksel, S. (2003). Türkiye'de Program Geliştirme Çalışmaları ve Sorunları. Milli Eğitim Dergisi. Sayı 159. http://mufredat.meb.gov.tr"
3168,1239888,20195975,report_policy_legal,strong,live_url_verified,1.0,https://data.tuik.gov.tr/Bulten/Index?p=Hanehalki-Bilisim-Teknolojileri-(BT)-Kullanim-Arastirmasi-2022-45587,https://veriportali.tuik.gov.tr/Bulten/Index?p=Hanehalki-Bilisim-Teknolojileri-(BT)-Kullanim-Arastirmasi-2022-45587,200,,"TÜİK, (2022). Hanehalkı Bilişim Teknolojileri Kullanım Araştırması 2022. Haber Bülteni, Erişim Tarihi: 09/01/2022, Retrieved from: https://data.tuik.gov.tr/Bulten/Index?p=Hanehalki-Bilisim-Teknolojileri-(BT)-Kullanim-Arastirmasi-2022-45587"
3186,1185850,17142674,url_web,no_match,url_dead_and_not_archived,0.0,http://www.koeri.boun.edu.tr/scripts/lst1.asp(Erişim,,404,,"Boğaziçi Üniversitesi Kandilli Rasathanesi ve Deprem Araştırma Enstitüsü, (2023). Bölgesel deprem-tsunami izleme ve değerlendirme merkezi (BDTİM). http://www.koeri.boun.edu.tr/scripts/lst1.asp (Erişim Tarihi: 29.03.2023)."
3190,1237903,21110824,url_web,strong,live_url_verified,1.0,https://www.wilsoncenter.org/blog-post/china-top-trading-partner-more-120-countries,https://www.wilsoncenter.org/blog-post/china-top-trading-partner-more-120-countries,200,China Is the Top Trading Partner to More Than 120 Countries | Wilson Center,"Green, Mark A. 2023. “China is the top trading partner to more than 120 countries.” Wilson Center. https://www.wilsoncenter.org/blog-post/china-top-trading-partner-more-120-countries. Retrieved December 15, 2023)."
3192,1237903,21110867,url_web,strong,live_url_verified,1.0,https://www.businessinsider.com/china-coronavirus-whistleblowers-speak-out-vanish-2020-2,https://www.businessinsider.com/china-coronavirus-whistleblowers-speak-out-vanish-2020-2,200,"Chinese Whistleblowers Who Spoke About Coronavirus Have Vanished, Died - Business Insider","Woodward, Aylin. 2020. “At Least 5 People in China Have Disappeared, Gotten Arrested, or Been Silenced after Speaking out about the Coronavirus — Here’s What We Know about Them.” Business Insider. https://www.businessinsider.com/china-coronavirus-whistleblowers-speak- out-vanish-2020-2 (Retrieved February 12, 2023)."
3246,1215229,18941461,url_web,strong,live_url_verified,1.0,https://www.youtube.com/watch?v=PsL3HhYIFmQ(Erişim,https://www.youtube.com/watch?v=PsL3HhYIFmQ(Eri%C5%9Fim,200,,URL-9: “Aman Değirmenci”. https://www.youtube.com/watch?v=PsL3HhYIFmQ (Erişim: 18.04.2023)
3260,1155959,16172459,url_web,no_match,url_dead_and_not_archived,0.0,https://coinledger.io/blog/metaverse-taxes,,,,"Brooks, M. (2022), Will I have to pay taxes in the Metaverse?, <https://coinledger.io/blog/metaverse-taxes>, 01.04.2022."
3264,1292422,22034237,url_web,no_match,no_url_found,0.0,,,,,"Çığ, Ü. (2011). Endüstriyel bir anlatı yapısı: “ters piramit"" haber metinleri. Dil Ve Edebiyat Dergisi, 7(2), 69-90."
3322,1217259,19024511,url_web,strong,live_url_verified,1.0,http://www.worldbank.org/socialdevelopment,https://www.worldbank.org/ext/en/topic/social-development,200,Social Development | World Bank Group,"Grootaert, C., & van Bastelaer, T. (2001). Understanding and measuring social capital: A synthesis of findings and recommendations from the social capital ınitiative. Washington: The Wolrd Bank. http://www.worldbank.org/socialdevelopment adresinden erişildi."
3334,1224646,18951745,url_web,no_match,no_url_found,0.0,,,,,"Gökulu, G. (2008). Futbol Haberlerinin Sunumunda Şiddet Fanatizm ve Milliyetçilik. Toplum ve Demokrasi Dergisi, 2(3), 147-164."
3338,1228289,19152376,url_web,no_match,url_dead_and_not_archived,0.0,https://jayscholar.etown.edu/edstu/14,,404,,"Mowery, K. (2019). The Most Effective Teaching Strategies for At Risk Students with Mathematical Learning Disabilities. Education: Student Scholarship & Creative Works. https://jayscholar.etown.edu/edstu/14"
3349,1209533,18375819,url_web,strong,live_url_verified,1.0,https://www.nimdzi.com/interpreting-index-top-interpreting-companies/#Remote-interpreting-is-here-to-stay,https://www.nimdzi.com/interpreting-index/#Remote-interpreting-is-here-to-stay,200,The 2025 Nimdzi Interpreting Index,"Hickey, S. (30.03.2023). Nimdzi interpreting index: Ranking of Top Interpreting Service Providers. Nimdzi. Accessed from https://www.nimdzi.com/interpreting-index-top-interpreting-companies/#Remote-interpreting-is-here-to-stay on 17.06.2023."
3362,1298683,23254173,url_web,no_match,url_dead_and_not_archived,0.0,https://www.researchgate.net/profile/Ilona-Buchem/publication/341323117_Microlearning_a_strategy_for_ongoing_professional_development/links/5ebabd26a6fdcc90d66ebfbc/Microlearning-a-strategy-for-ongoing-professional-development.pdf,,403,,"Buchem, I., & Hamelmann, H. (2010). Microlearning: A strategy for ongoing professional development. E-Learning Papers, 21(7), 1–15. https://www.researchgate.net/profile/Ilona-Buchem/publication/341323117_Microlearning_a_strategy_for_ongoing_profes sional_development/links/5ebabd26a6fdcc90d66ebfbc/Microlearning-a-strategy-for-ongoing-professional-development.pdf"
3395,1322455,24274502,url_web,no_match,no_url_found,0.0,,,,,C) Gazeteler
3400,1211807,18468675,url_web,no_match,url_dead_and_not_archived,0.0,https://www.qnbfinansbank.com/surdurulebilirlik/surdurulebilirlik-haberleri/bizden-haberler/surdurulebilirlik-baglantili-sendikasyon-kredisi.17,,404,,QNB Finansbank. “Sürdürülebilirlik Bağlantılı Sendikasyon Kredisi”. https://www.qnbfinansbank.com/surdurulebilirlik/surdurulebilirlik-haberleri/bizden-haberler/surdurulebilirlik-baglantili-sendikasyon-kredisi. 17 Mayıs 2023. Erişim 13 Ekim 2023
3409,1281880,21526230,url_web,strong,live_url_verified,1.0,https://www.legislation.gov.uk/eudr/2007/19/body/adopted,https://www.legislation.gov.uk/eudr/2007/19/body/adopted,200,Commission Directive 2007/19/EC of 30 March 2007 amending Directive 2002/72/EC relating to plastic materials and articles intended to come into contact with food and Council Directive 85/572/EEC laying down the list of simulants to be used for testing migration of constituents of plastic materials and articles intended to come into contact with foodstuffs (Text with EEA relevance),38. European Commision: Commission Directive 2007/19/EC of 30 March 2007 amending Directive 2002/72/EC relating to plastic materials and articles intended to come into contact with food and Council Directive 85/572/EEC laying down the list of simulants to be used for testing migration of constituents of plastic materials and articles intended to come into contact with foodstuffs. https://www.legislation.gov.uk/eudr/2007/19/ body/adopted. Accessed: 06.06.2021.
3510,1301468,22437017,url_web,strong,live_url_verified,1.0,https://www.resmigazete.gov.tr/eskiler/2021/06/20210617-2.htm,https://www.resmigazete.gov.tr/eskiler/2021/06/20210617-2.htm,200,,URL 1: https://www.resmigazete.gov.tr/eskiler/2021/06/20210617-2. htm
3520,1299545,23300842,url_web,no_match,url_dead_and_not_archived,0.0,https://www.fbu.edu.tr/haber/618/prof-dr-cigdem-boz-Istanbul-da-Iktisat-adli-belgesel-filmini-tamamladi,,404,,"Boz, Ç. (2022), İstanbul’da İktisat, <https://www.fbu.edu.tr/haber/618/prof-dr-cigdem-boz-Istanbul-da-Iktisat-adli-belgesel-filmini-tamamladi>, 27.10.2023."
3522,1299545,23300920,url_web,no_match,no_url_found,0.0,,,,,"Ulus Gazetesi (1935), Üniversitede Serbest Konferanslar, 18.11.1935, 3."
3545,1294170,23076810,url_web,no_match,url_dead_and_not_archived,0.0,https://www.cleanenergywire.org/news/right-wing-populists-challenge-europes-climate-efforts(Accessed,,404,,"Dirkx, M., Julian, W. (2024). Right-wing populists challenge Europe’s climate efforts. https://www.cleanenergywire.org/news/right-wing-populists-challenge-europes-climate-efforts (Accessed: 07.06.2024)."
3546,1294170,23076817,url_web,no_match,url_dead_and_not_archived,0.0,https://ecfr.eu/publication/getting-the-european-parliament-election-right/(Accessed,,404,,"Krastev, I., Mark, L. (2024). A new political map: Getting the European Parliament election right. https://ecfr.eu/publication/getting-the-european-parliament-election-right/ (Accessed: 21.03.2024)."
3557,1258670,20509451,url_web,strong,live_url_verified,1.0,http://discovery.nationalarchives.gov.uk/SearchUI/,https://discovery.nationalarchives.gov.uk/,200,Discovery | The National Archives,http://discovery.nationalarchives.gov.uk/SearchUI/
3560,1219195,19120408,url_web,strong,live_url_verified,1.0,https://apps.apple.com/tr/app/mobil-vatandas/id1437355138,https://apps.apple.com/tr/app/mobil-vatandas/id1437355138,200,‎Mobil Vatandas App - App Store,"Hatay Büyükşehir Belediyesi (2023b). Mobil Vatandaş (Versiyon 1.0.9) [Mobil Uygulama]. Erişim adresi: https://apps.apple.com/tr/app/mobil-vatandas/id1437355138, Erişim tarihi: 01.02.2023."
3572,1187220,17209339,url_web,no_match,url_dead_and_not_archived,0.0,https://www.weforum.org/reports/digital-culture-the-driving-force-of-digital-transformation/(03.04.2023,,403,,"World Economic Forum (2021). Digital Culture: The Driving Force of Digital Transformation, https://www.weforum.org/reports/digital-culture-the-driving-force-of-digital-transformation/ (03.04.2023)."
3611,1180640,16900547,url_web,no_match,url_dead_and_not_archived,0.0,http://hdl.handle.net/10092/2809,,403,,"Dalziel, E. P. and McManus, S. T. (2004). Resilience, vulnerability, and adaptive capacity: Implications for system performance. International Forum for Engineering Decision Making. Stoos, Switzerland. Retrieved from: http://hdl.handle.net/10092/2809"
3640,1348009,24527659,url_web,strong,live_url_verified,1.0,https://ich.unesco.org/en/what-is-intangible-heritage-00003,https://ich.unesco.org/en/what-is-intangible-heritage-00003,200,What is Intangible Cultural Heritage? - UNESCO Intangible Cultural Heritage,"URL-4 (December 25, 2024). What is Intangible Cultural Heritage? https://ich.unesco.org/en/what-is-intangible-heritage-00003"
3649,1355300,24824369,report_policy_legal,strong,live_url_verified,1.0,https://odsgm.meb.gov.tr/meb_iys_dosyalar/2024_05/06144528_ulke_ozetleri_rapor.pdf,https://odsgm.meb.gov.tr/meb_iys_dosyalar/2024_05/06144528_ulke_ozetleri_rapor.pdf,200,,"Millî Eğitim Bakanlığı. (2024a, 26 Ocak). 2022 PISA OECD ülke özetleri. https://odsgm.meb.gov.tr/meb_iys_dosyalar/2024_05/06144528_ulke_ozetleri_rapor.pdf"
3673,1388707,26059191,hidden_doi,no_match,url_dead_and_not_archived,0.0,https://doi.org/10.1080/00218839.2020.1728294,,404,,"Yücel, B., & Sorkun, K. (2020). Determination of antimicrobial activity and some physicochemical parameters of sunflower honeys from Turkey. Journal of Apicultural Research, 59(3), 410–419. https://doi.org/10.1080/00218839.2020.1728294"
3677,1349510,24593835,report_policy_legal,strong,live_url_verified,1.0,https://yigm.ktb.gov.tr/TR-201131/tesis-istatistikleri.html,https://yigm.ktb.gov.tr/TR-201131/tesis-istatistikleri.html,200,TESİS İSTATİSTİKLERİ,"(51) Kültür ve Turizm Bakanlığı, (2023). Tesis istatistikleri. Access address: https://yigm.ktb.gov.tr/TR-201131/tesis-istatistikleri.html Accessed on 28 July 2025."
3692,1320203,23384137,report_policy_legal,strong,live_url_verified,1.0,https://oygm.meb.gov.tr/dosyalar/StPrg/Ogretmenlik_Meslegi_Genel_Yeterlikleri.pdf,https://oygm.meb.gov.tr/dosyalar/StPrg/Ogretmenlik_Meslegi_Genel_Yeterlikleri.pdf,200,,Milli Eğitim Bakanlığı. (2018). Öğretmenlik mesleği genel yeterlikleri. MEB Öğretmen Yetiştirme ve Eğitimi Genel Müdürlüğü. https://oygm.meb.gov.tr/dosyalar/StPrg/Ogretmenlik_Meslegi_Genel_Yeterlikleri.pdf
3726,1265865,20899072,url_web,strong,live_url_verified,1.0,https://tasam.org/tr-TR/Icerik/53597/frankofoni_fransizca_konusan_ulkeler_toplulugu_turk_dunyasi_icin_bir,https://tasam.org/tr-TR/Icerik/53597/frankofoni_fransizca_konusan_ulkeler_toplulugu_turk_dunyasi_icin_bir,200,TASAM | Frankofoni (Fransızca Konuşan Ülkeler Topluluğu) Türk Dünyas...,"Aktaş, Hayati-İpek, Cemil Doğaç, (2014), “Frankofoni (Fransızca Konuşan Ülkeler Topluluğu) Türk Dünyası İçin Bir Model Olabilir mi?”, Türk Diasporası ve Türk Dünyası Vizyon 2023, Editör: Almagül İsina, Tasam Yayınları, İstanbul, ss. 45-48. https://tasam.org/tr- TR/Icerik/53597/frankofoni_fransizca_konusan_ulkeler_toplulugu_turk_dunyasi_icin_bir _model_olabilir_mi"
3783,1339640,24180365,url_web,no_match,url_dead_and_not_archived,0.0,http://atvli.or.id/wp-content/uploads/2018/07/Data-Anggota.pdf,,,,"Asosiasi Televisi Lokal Indonesia. (2019, January 2). Anggota ATVLI [Press release]. Retrieved from http://atvli.or. id/wp-content/uploads/2018/07/Data-Anggota.pdf"
3804,1211651,18468115,url_web,no_match,no_url_found,0.0,,,,,"NHS Information Centre (2008). Statistics/Data Collections-Prescriptions, Available from Www. Ic. Nhs. Uk. Accessed, 10(3)."
3813,1365372,25256989,url_web,no_match,url_dead_and_not_archived,0.0,https://www.soilassociation.org/causes-campaigns/agroforestry/what-is-agroforestry/access,,404,,"[8] URL1, https://www.soilassociation.org/causes-campaigns/agroforestry/what-is-agroforestry/ access date 28.11.2024"
3853,1179114,16821541,url_web,no_match,url_dead_and_not_archived,0.0,http://inrix.com/blog/2017/07/parkingsurvey,,403,,"Cookson, G. (2017). Smart Parking – A Silver Bullet for Parking Pain. Retrieved from : http://inrix.com/blog/2017/07/parkingsurvey."
3882,1334400,23998132,url_web,no_match,url_dead_and_not_archived,0.0,https://bologna.khas.edu.tr/program/50000667(01.04.2025,,400,,"Kadir Has Üniversitesi. (t.y.b). Program bilgisi. Kadir Has Üniversitesi, İç Mimarlık ve Çevre Tasarımı Bölümü. https://bologna.khas.edu.tr/program/50000667 (01.04.2025)."
3884,1256376,20357428,url_web,strong,live_url_verified,1.0,https://www.afad.gov.tr/kahramanmarasta-meydana-gelen-depremler-hk-34,https://www.afad.gov.tr/kahramanmarasta-meydana-gelen-depremler-hk-34,200,T.C. İçişleri Bakanlığı Afet ve Acil Durum Yönetimi Başkanlığı - Kahramanmaraş’ta Meydana Gelen Depremler Hk. – 34,1. AFAD (2023). https://www.afad.gov.tr/kahramanmarasta-meydana-gelen- depremler-hk-34
3923,1257935,20666243,url_web,strong,live_url_verified,1.0,https://www.relyon-plasma.com/products/?lang=en,https://www.relyon-plasma.com/products/?lang=en,200,Plasma systems of relyon plasma GmbH,"33. Relyon Plasma. Products. https://www.relyon- plasma.com/products/?lang=en. Erişim tarihi Eylül 23, 2022."
3950,1375531,25632409,url_web,no_match,url_dead_and_not_archived,0.0,https://sozluk.gov.tr/2022,,404,,"Akın, A. (2015). Öznel İyi Olma. A. Akın, & Ü. Akın (Ed.), Psikolojide güncel kavramları pozitif psikolojisi içinde (ss.1-14). Ankara: Nobel Akademik Yayıncılık.Türk Dil Kurumu sözlükleri https://sozluk.gov.tr/ 2022"
3971,1307094,22641304,url_web,strong,live_url_verified,1.0,https://books.google.com.tr/books?id=IJcT7R0dEe4C,https://books.google.com.tr/books?id=IJcT7R0dEe4C,200,Hannibal: The Military Biography of Rome's Greatest Enemy - Richard A. Gabriel - Google Kitaplar,"Gabriel, R. A. (2011). Hannibal: The Military Biography of Rome’s Greatest Enemy. Potomac Books Incorporated. https://books.google.com.tr/books?id=IJcT7R0dEe4C"
4038,1365742,25271229,thesis,strong,live_url_verified,1.0,https://escholarship.org/uc/item/8dd2k20p,https://escholarship.org/uc/item/8dd2k20p,202,,"Moss, D. M. (2016). The Arab Spring abroad: Mobilization among Syrian, Libyan, and Yemeni diasporas in the U.S. and Great Britain [Doctoral dissertation, University of California, Irvine]. eScholarship. Retrieved from https://escholarship.org/uc/item/8dd2k20p"
4056,1206412,18151795,url_web,no_match,url_dead_and_not_archived,0.0,https://www.bursa.bel.tr/dosyalar/yayinlar/190104100544_2019-YILI-PERFORMANS-PROGRAMI.pdf(Erişim,,404,,"2019 Yılı Performans Programı (2023). 2023 Yılı Performans Programı. Bursa Büyükşehir Belediyesi, https://www.bursa.bel.tr/dosyalar/yayinlar/190104100544_2019-YILI-PERFORMANS-PROGRAMI.pdf (Erişim tarihi: 20.08.2023)."
4071,1288793,21884507,url_web,no_match,url_dead_and_not_archived,0.0,"https://www.unb.ca/cic/datasets/ids-2017.html,(Accessed",,404,,"[18] IDS 2017 Datasets- canadian institute for cybersecurity, https://www.unb.ca/cic/datasets/ids-2017.html, (Accessed on 06/30/2023)."
4092,1328431,23737392,url_web,strong,live_url_verified,1.0,https://www.oed.com/search/dictionary/?scope=Entries&q=evidence(Erişim,https://www.oed.com/search/dictionary/?scope=Entries&q=evidence(Eri%C5%9Fim&tl=true,200,evidence(Erişim - Quick search results | Oxford English Dictionary,Oxford English Dictionary. (t.y.). Evidence. https://www.oed.com/search/dictionary/?scope=Entries&q=evidence (Erişim Tarihi: 04.09.2024).
4094,1253418,20226243,url_web,strong,live_url_verified,1.0,https://machinelearningmastery.com/transfer-learning-for-deep-lea,https://machinelearningmastery.com/transfer-learning-for-deep-learning/,200,A Gentle Introduction to Transfer Learning for Deep Learning - MachineLearningMastery.com,"33. J. Brownlee, “A gentle introduction to transfer learning for deep learn - ing,”, 2017. Available: https://machinelearningmastery.com/transfer-l earning-for-deep-lea rning /. [accessed: 15 May 2023]."
4133,1356322,24864948,dergipark_file,strong,live_url_verified,1.0,https://dergipark.org.tr/tr/download/article-file/1291023,https://dergipark.org.tr/tr/download/article-file/1291023,200,,"Çetin-Erus, Z. (2020). Türkiye sinemasında uyarlamalara genel bir bakış. Türkiye Araştırmaları Literatür Dergisi, 18(36), 583-592. https://dergipark.org.tr/tr/download/article-file/1291023"
4181,1339723,24183764,url_web,no_match,url_dead_and_not_archived,0.0,https://www.mathworks.com/products/matlab.html,,403,,"MATLAB. Available at: https://www.mathworks.com/products/matlab.html. Accessed Sep 29, 2023."
4189,1355945,24851989,url_web,no_match,no_url_found,0.0,,,,,"Vapur seyr-i seferleri. (1925, August 18). Cumhuriyet Gazetesi, p. 4."
4224,1205538,18112257,url_web,no_match,url_dead_and_not_archived,0.0,https://www.kkl-luzern.ch/media/VirtualTourKKL/VT-KKL.html#(Erişim,,404,,Europlatz. (2021). https://www.kkl-luzern.ch/media/VirtualTourKKL/VT-KKL.html# (Erişim tarihi: 26/04/2021)
4226,1205538,18112274,url_web,no_match,url_dead_and_not_archived,0.0,https://www.architectmagazine.com/project-gallery/kkl-luzern-concert-hall(Erişim,,404,,"KKL Luzern Concert Hall, (2021). https://www.architectmagazine.com/project-gallery/kkl-luzern-concert-hall (Erişim tarihi: 28/03/2021)"
4230,1178991,16817195,url_web,strong,live_url_verified,1.0,https://ctext.org/wiki.pl?if=gb&res=844491&searchu=%E5%B0%BD%E5%-,https://ctext.org/wiki.pl?if=gb&res=844491&searchu=%25E5%25B0%25BD%25E5%25-,200,唐會要 - 中國哲學書電子化計劃,"“Tang Huiyao, 33. Bölüm.” Chinese Text Project. 15 Mart 2021. <https://ctext. org/wiki.pl?if=gb&res=844491&searchu=%E5%B0%BD%E5%- BE%97%E5%85%B6%E4%B9%90&remap=gb>."
4233,1296974,22222587,hidden_doi,no_match,url_dead_and_not_archived,0.0,https://doi.org/10.21162/PAKJAS/24.155,,404,,"Iftikhar, Y., Mubeen, M., Shakeel, Q., Lalarukh, I., Ali, A., Aasim, M., & Al-Shuraym, L. A. (2024). Spatial distribution and molecular characterization of Huanglongbing and its vector in various citrus cultivars. Pakistan Journal of Agricultural Sciences, 61(2), 685-694. https://doi.org/10.21162/PAKJAS/24.155"
4257,1316317,23173722,url_web,strong,live_url_verified,1.0,https://au.int/sites/default/files/documents/37754-doc-2014_africa_-_turkey_declaration.pdf,https://au.int/sites/default/files/documents/37754-doc-2014_africa_-_turkey_declaration.pdf,200,,"African Union, https://au.int/sites/default/files/documents/37754-doc-2014_africa_-_turkey_dec laration.pdf , Accessed: 28.9.2022."
4276,1262917,20627264,url_web,no_match,no_url_found,0.0,,,,,"42. Halime Sare Aysal Başvurusu No: 2013/1789 (AYM, 11 Kasım 2015) Rg: 24.12.2015. Erişim tarihi: 25 Ağustos 2022. Erişim linki: [Link]"
4280,1343172,25062774,url_web,no_match,url_dead_and_not_archived,0.0,https://www.sbb.gov.tr/wp-,,404,,"Filiz, O. N., 1983. Tarımsal destekleme politikalarının ekonomiye etkisi. (Web page: https: //www.sbb.gov.tr/wp- content/uploads/2022/08/Tarimsal-Destekleme-Politikalarinin-Ekonomiye-Etkisi_Osman-Nuri-Filiz.pdf ) (Date accessed: 10.04.2024)."
4292,1338067,24141812,url_web,no_match,url_dead_and_not_archived,0.0,https://www.nccn.org/professionals/physician_,,404,,"13. National Comprehensive Cancer Network. NCCN guidelines version 3. Non-small Cell Lung Cancer. 2022. Available at: https://www.ncc n.org/professionals/physician_ gls/pdf/nscl.pdf. Accessed August 10, 2022."
4308,1185618,17134777,url_web,strong,live_url_verified,1.0,https://ifhima.org/anniversary-statement-carol/,https://ifhima.org/anniversary-statement-carol/,200,Anniversary Statement-by Carol Lewis - IFHIMA,"International Federation of Health Information Management. (2021, 2 Şubat). https://ifhima.org/anniversary-statement-carol/"
4335,1212183,18724637,url_web,strong,live_url_verified,1.0,https://www.3dflow.net/3df-zephyr-3-0-released/,https://www.3dflow.net/3df-zephyr-3-0-released/,200,3DF Zephyr 3.0 is out now! - 3Dflow,"Alessi, A. (2016). 3DF Zephyr 3.0 is out now! 3D Flow. Access Address (22.03.2023): https://www.3dflow.net/3df- zephyr-3-0-released/"
4336,1212183,18724640,url_web,strong,live_url_verified,1.0,https://www.asisi.de/en/yadegar-asisi/biography,https://www.asisi.de/en/yadegar-asisi/biography,200,Biography | 360° panoramas by artist Yadegar Asisi,"Asisi, Y. (n.d.). Discovery of the panoramas. Retrieved from https://www.asisi.de/en/yadegar-asisi/biography"
4341,1324308,23568532,dergipark_file,strong,live_url_verified,1.0,https://dergipark.org.tr/en/download/article-file/2107803,https://dergipark.org.tr/en/download/article-file/2107803,200,,"6. Cengiz, G. [2021]. “Sürdürülebilir Tüketim Ekseninde Sürdürü-lebilir Moda Pazarlaması Uygulamaları”, İktisadi ve İdari Yaklaşımlar Dergisi, 3[2], : 131 144. [https://dergipark.org.tr/ en/download/article-file/2107803 Erişim Tarihi 12.03.2022]."
4360,1291518,21999980,url_web,no_match,no_url_found,0.0,,,,,"Türk Dil Kurumu, “İhbar”, Güncel Türkçe Sözlük, Http://Sozluk.Gov.Tr (Erişim 2 Ocak 2024)."
4423,1389822,26097933,url_web,no_match,url_dead_and_not_archived,0.0,https://www.un.org/unispal/document/condemnation-of-israeli-aggression-against-gaza-strip-and-call-for-security-council-to-adopt-a-decisive-and-binding-resolution-to-impose-a-cessation-of-aggression-letter-from-libya-mauritania-and-s/(Erişim,,404,,"UNSC, “Letter dated 16 November 2023 from the Permanent Representatives of Libya, Mauritania and Saudi Arabia to the United Nations addressed to the President of the Security Council” S/2023/885, 6 December 2023 (Çevrimiçi) https://www.un.org/unispal/document/condemnation-of-israeli-aggression-against-gaza-strip-and-call-for-security-council-to-adopt-a-decisive-and-binding-resolution-to-impose-a-cessation-of-aggression-letter-from-libya-mauritania-and-s/ (Erişim Tarihi: 11.06.2025)."
4464,1345731,25171746,url_web,strong,live_url_verified,1.0,http://www.krishisanskriti.org/Publication.html,https://krishisanskriti.org/Publication.html,200,Krishi Sanskriti,"Nimbolkar, P. K., Chander, S., Awachare, C., Reddy, Y. T. N., & Hussain, F. (n.d.). Role of Rootstocks in Fruit Production-A Review. In Journal of Agricultural Engineering and Food Technology (Vol. 3, Issue 3). http://www.krishisanskriti.org/Publication.html"
4467,1263603,20646672,report_policy_legal,no_match,url_dead_and_not_archived,0.0,https://www.who.int/news-room/fact-sheets/detail/ageing-andhealth,,404,,"2. World Health Organization. Ageing and Health; 2020. Available from: https://www.who.int/news-room/fact-sheets/detail/ageing-andhealth. Accessed May 28, 2022."
4472,1197949,17771383,url_web,no_match,url_dead_and_not_archived,0.0,https://www.hurriyet.com.tr/ik-yeni-ekonomi/turkiyede-kadin-istihdami-ve-girisimciligi-raporu-aciklandi-42183767(Erişim,,404,,https://www.hurriyet.com.tr/ik-yeni-ekonomi/turkiyede-kadin-istihdami-ve-girisimciligi-raporu-aciklandi-42183767 (Erişim Tarihi:19.02.2023)
4512,1302354,22472313,url_web,strong,live_url_verified,1.0,https://www.tensorflow.org,https://www.tensorflow.org/,200,TensorFlow,"38. Tensorflow platform. https://www.tensorflow.org. Erişim tarihi Haziran 6, 2023."
4546,1163468,16978638,report_policy_legal,no_match,url_dead_and_not_archived,0.0,https://www.ofcom.org.uk/research-and-data/media-literacy-research/childrens/children-and-parents-media-use-and-attitudes-report-2019,,403,,"OfCom, U. K. (2019). Children and parents: Media use and attitudes report. London: Office of Communications London. Erişim Adresi: https://www.ofcom.org.uk/research-and-data/media-literacy-research/childrens/children-and-parents-media-use-and-attitudes-report-2019"
4569,1272189,21034134,url_web,no_match,no_url_found,0.0,,,,,"6. Wikipedia 2020. Available at: https ://tr .wiki pedia .org/ wiki/ T%C3% BCrki ye%27 de_CO VID-1 9_pan demis i#:~: text= D%C3% BCnya %20ge nelin e%20y ay%C4 %B1la n%20C OVID% 2D19, 15%20 Mart% 20202 0. Accessed March 26, 2023."
4578,1261897,20588296,url_web,no_match,url_dead_and_not_archived,0.0,https://beykozkundura.com/sergianasayfa,,404,,"Altay, C. (2021). Yüksek Mimar Mühendis Erol Altay’ın yeğeni Cem Altay ile Kübra Kantar’ın görüşmeleri. Beykoz Kundura (2021). “Kundura’nın hafızası: Bir fabrikaya sığan dünya sergisi”.https://beykozkundura.com/sergianasayfa"
4591,1287311,21920289,url_web,no_match,url_dead_and_not_archived,0.0,http://oshwiki.eu/wiki/Work_engagement:_drivers_and_effects,,,,"Roozeboom, M. B., ve Schelvis, R. (2015). Work engagement: Drivers and effects. Retrieved from http://oshwiki.eu/wiki/Work_engagement:_drivers_and_effects."
4595,1232960,19405151,url_web,no_match,url_dead_and_not_archived,0.0,https://arkassanatbornova.com/qr/011.pdf(17.10.2023,,404,,URL-6: https://arkassanatbornova.com/qr/011.pdf (17.10.2023)
4596,1232960,19405158,url_web,no_match,url_dead_and_not_archived,0.0,https://arkassanatbornova.com/qr/030.pdf(17.10.2023,,404,,URL-13: https://arkassanatbornova.com/qr/030.pdf (17.10.2023)
4598,1318443,24031861,report_policy_legal,strong,live_url_verified,1.0,https://dosyasb.saglik.gov.tr/Eklenti/43399.siy2020-,https://dosyasb.saglik.gov.tr/Eklenti/43399.siy2020-,200,Sayfa Bulunamadı,Sağlık Bakanlığı (2020). İstatistik Yıllığı. https://dosyasb.saglik.gov.tr/Eklenti/43399. siy2020- tur-26052022pdf.pdf?0 (Erişim tarihi: 10.12.2022).
4607,1212817,20983806,url_web,strong,live_url_verified,1.0,https://www.youtube.com/channel/UCaSeQdQBOdVN7nOKNzaKSfQ,https://www.youtube.com/channel/UCaSeQdQBOdVN7nOKNzaKSfQ,200,,"Metin, E. (2023). Seben kaya evleri ve seben fosil ormanı sanal tur videosu [Video]. Youtube. https://www.youtube.com/channel/UCaSeQdQBOdVN7nOKNzaKSfQ adresinden alındı"
4623,1247827,20073205,url_web,no_match,url_dead_and_not_archived,0.0,https://ethw.org/SAGE_(Semi-Automatic_Ground_Environment,,404,,"http 2. SAGE (Semi-Automatic Ground Environment). (2023). Retrieved 14 March 2023, from https://ethw.org/SAGE_(Semi-Automatic_Ground_Environment)"
4625,1301729,22448022,url_web,no_match,no_url_found,0.0,,,,,"TKBB (Türkiye Katılım Bankaları Birliği), Danışma Kurulunun Oluşumu, Görev, Çalışma Usul ve Esasları Hakkında Tebliğ, Karar No:253, (Erişim Tarihi: 10.05.2021)."
4651,1307767,22667382,url_web,strong,live_url_verified,1.0,https://www.birgun.net/makale/misafir-olarak-geldiler-ama-363934(Erişim,https://www.birgun.net/makale/misafir-olarak-geldiler-ama-363934(Eri%C5%9Fim,200,Misafir olarak geldiler ama,"Köksal, G. (2021, 2 Kasım). Misafir olarak geldiler ama. https://www.birgun.net/makale/misafir-olarak-geldiler-ama-363934 (Erişim tarihi: 7 Mart 2025)."
4654,1328699,23752923,url_web,strong,live_url_verified,1.0,https://ajuntament.barcelona.cat/digital/en/technology-accessible-everyone/ethical-use-artificial/ethical-use-artificial-intelligence/municipal,https://ajuntament.barcelona.cat/digital/en/technology-accessible-everyone/ethical-use-artificial/ethical-use-artificial-intelligence/municipal,200,The Municipal Algorithms and Data Strategy for an Ethical Promotion of Artificial Intelligence | Barcelona Digital City | Barcelona City Council,Ajuntament de Barcelona. (2025a). The municipal algorithms and data strategy for an ethical promotion of artificial ıntelligence. https://ajuntament.barcelona.cat/digital/en/technology-accessible-everyone/ethical-use-artificial/ethical-use-artificial-intelligence/municipal
4655,1328699,23752927,url_web,strong,live_url_verified,1.0,https://ajuntament.barcelona.cat/imi/en,https://ajuntament.barcelona.cat/institut-innovacio-tecnologia/en,200,Barcelona Municipal Institute of Innovation and Technology | Ajuntament de Barcelona,Ajuntament de Barcelona. (2025e). Institut Municipal d'Informàtica-IMI. https://ajuntament.barcelona.cat/imi/en
4658,1328699,23752997,report_policy_legal,strong,live_url_verified,1.0,https://www.icisleri.gov.tr/ankarada-yilbasi-denetimleri-kgys-merkezinden-takip-ediliyor,https://www.icisleri.gov.tr/ankarada-yilbasi-denetimleri-kgys-merkezinden-takip-ediliyor,200,T.C. İçişleri Bakanlığı - Ankara’da Yılbaşı Denetimleri KGYS Merkezi’nden Takip Ediliyor,İçişleri Bakanlığı. (2023). Ankara’da yılbaşı denetimleri KGYS merkezi’nden takip ediliyor. https://www.icisleri.gov.tr/ankarada-yilbasi-denetimleri-kgys-merkezinden-takip-ediliyor
4671,1161420,16084175,url_web,no_match,url_dead_and_not_archived,0.0,http://hdl.handle.net/11424/146167,,500,,"Marmara Üniversitesi Taha Toros Arşivi, Belge No: 001583229010, http://hdl.handle.net/11424/146167"
4676,1351221,24657098,url_web,strong,live_url_verified,1.0,http://www.jstor.org/stable/20687589,https://www.jstor.org/stable/20687589,200,Client Challenge,"Viola, B., (1974) “History, 10 Years, and the Dreamtime,” Video Art: A Retrospective, Long Viola, B. (1984). VIDEO AS ART. Journal of Film and Video, 36(1), 36–41. http://www.jstor.org/stable/20687589"
4704,1190254,17368725,url_web,strong,live_url_verified,1.0,https://Kurul.Diyanet.Gov.Tr/Cevap-Ara/286/Cuma-Namazinda-Hutbeye-Yetisemeyen-Kimsenin-Namazi-Gecerli-Midir-,https://kurul.diyanet.gov.tr/tr/fetva/cuma-namazinda-hutbeye-yetisemeyen-kimsenin-namazi-gecerli-midir-/0193c42d-5ae1-7e3d-70e4-ac5d1119e4d9,200,Cuma namazında hutbeye yetişemeyen kimsenin namazı geçerli midir?,"Din İşleri Yüksek Kurulu. (2022, May 24). Cuma namazında hutbeye yetişemeyen kimsenin namazı geçerli midir? https://Kurul.Diyanet.Gov.Tr/Cevap-Ara/286/Cuma-Namazinda- Hutbeye-Yetisemeyen-Kimsenin-Namazi-Gecerli-Midir-."
4705,1190254,17368729,url_web,strong,live_url_verified,1.0,https://isamveri.org/pdfdrg/D01777/2013_55/2013_17_55_KEYIFLIS.pdf,https://isamveri.org/pdfdrg/D01777/2013_55/2013_17_55_KEYIFLIS.pdf,200,,"Keyifli, Ş. (2013). Cami içi din eğitimi ve iletişimi süreci olarak hutbeler. Ekev Akademik Dergisi, 17(55), 71–88. https://isamveri.org/pdfdrg/D01777/2013_55/2013_17_55_KEYIFLIS.pdf"
4707,1198499,17801928,url_web,no_match,url_dead_and_not_archived,0.0,https://tr.globalpetrolprices.com/electricity_prices/.(Accessed,,404,,"Anonymous. (2021). Electricity prices. Access address: https://tr.globalpetrolprices.com/electricity_prices/. (Accessed date: November 30, 2021)."
4724,1349696,25209776,url_web,no_match,url_dead_and_not_archived,0.0,https://www.wfp.org/odan/senac,,404,,World Food Programme (WFP). (2008). Food consumption analysis: Calculation and use of the food consumption score in food security analysis. Rome. Retrieved from www.wfp.org/odan/senac
4734,1254329,20268683,url_web,no_match,no_url_found,0.0,,,,,"Becerikli, S. Y. (2012). Halkla İlişkilerde Sosyal Medyanın Kullanımı: Türkiye’deki Belediyelerin Facebook’u Kullanma Biçimleri Üzerine Bir Araştırma. 941."
4772,1212747,19438691,report_policy_legal,strong,live_url_verified,1.0,https://www.kearney.com/foreign-direct-investment-confidence-index/2022-full-report,https://www.kearney.com/service/global-business-policy-council/foreign-direct-investment-confidence-index/2022-full-report,200,The 2022 Kearney Foreign Direct Investment Confidence Index®: Optimism dashed | Kearney,Kearney. (2022). Optimism Dashes. (Erişim: 23.01.2023). https://www.kearney.com/foreign-direct-investment-confidence-index/2022-full-report.
4819,1185822,17141238,url_web,no_match,url_dead_and_not_archived,0.0,https://mancunion.com/2022/10/30/black-horror-on-screen-the-evolution-of-race-withinhorror-films/,,404,,"Assamull, R. (2022). Black horror on-screen: the evolution of race within horror films https://mancunion.com/2022/10/30/black-horror-on-screen-the-evolution-of-race-within horror-films/ adresinden 5 Nisan 2023 tarihinde alınmıştır."
4837,1364782,25227467,url_web,no_match,url_dead_and_not_archived,0.0,https://www.cwgc.org/visit-us/find-cemeteries-memorials/cemetery-,,403,,URL-3. (2024) https://www.cwgc.org/visit-us/find- cemeteries-memorials/cemetery- details/2022200/phaleron-war-cemetery/ 27.10.2024
4838,1364782,25227473,url_web,strong,live_url_verified,1.0,https://www.flickr.com/photos/eridony/44873755391,https://www.flickr.com/photos/eridony/44873755391,200,Woodland Walk | The University of Pennsylvania with Drexel U… | Flickr,URL-9. (2024) https://www.flickr.com/photos/eridony/4487375 5391 27.10.2024
4886,1181310,17183460,thesis,no_match,url_dead_and_not_archived,0.0,http://acikerisim.pau.edu.tr/xmlui/bitstream/handle/11499/3093/Vural%20Koç.pdf?sequence=1&isAllowed=y,,,,"V. Koç, “Orta Ölçekli Yerleşim Alanlarının Geleceğe Yönelik Büyümesinde Alternatif İl İçi İçsel Çekim Alanları Denizli Örneği Temmuz 2007 Denizli”, Yüksek Lisans Tezi, Pamukkale Üniversitesi Sosyal Bilimler Enstitüsü, Denizli, 2007. [Çevrimiçi]. Available: http://acikerisim.pau.edu.tr/xmlui/bitstream/handle/11499/3093/Vural%20Koç.pdf?sequence =1&isAllowed=y"
4892,1203306,18370045,url_web,no_match,url_dead_and_not_archived,0.0,https://www.kmk.org/fileadmin/Dateien/pdf/Bildung/AllgBildung/2019-11-05-Sachstand_LB-veroeff.pdf,,404,,KMK (2019 b). Sachstand in der Lehrerbildung. IIA/Allgemeinbildendes Schulwesen. Stand:5.11.2019. Ab gerufen am 12.5.2020 von https://www.kmk.org/fileadmin/Dateien/pdf/Bildung/AllgBildung/2019-11-05-S achstand_LB-veroeff.pdf
4893,1297538,22258490,url_web,strong,live_url_verified,1.0,https://www.ifrs.org/content/dam/ifrs/meetings/2023/may/iasb/ap18b-bcdgi-feasibility-of-designing-a-different-impairment-test.pdf,https://www.ifrs.org/content/dam/ifrs/meetings/2023/may/iasb/ap18b-bcdgi-feasibility-of-designing-a-different-impairment-test.pdf,200,,International Accounting Standards Board (IASB). (2023). Feasibility of designing a different impairment test (Agenda Paper 18B). Erişim Adresi: https://www.ifrs.org/content/dam/ifrs/meetings/2023/may/iasb/ ap18b-bcdgi-feasibility-of-designing-a-different-impairment-test.pdf
4899,1319105,23329069,url_web,no_match,url_dead_and_not_archived,0.0,https://www.researchgate.net/publication/291895585_The_relationship_between_cognitive_flexibility_and_affinity-seeking_strategies#fullTextFileContent,,403,,"Martin, M. M. & Anderson, C. M. (2001). The Relationship Between Cognitive Flexibility and Affinity-Seeking Strategies. Advances in Psychological Research, 4(12), 69-76. https://www.researchgate.net/publication/291895585_The_relationship_between_cognitive_flexibility_and_affinity-seeking_strategies#fullTextFileContent"
4907,1330288,23820963,report_policy_legal,strong,live_url_verified,1.0,https://orgm.meb.gov.tr/www/ozel-egitim-ile-ilgili-yayimlar/icerik/123,https://orgm.meb.gov.tr/www/ozel-egitim-programlari/icerik/123,200,Özel Eğitim Programları,Özel Eğitim Rehberlik Hizmetleri Genel Müdürlüğü (2023). Özel eğitim programları. Milli Eğitim Bakanlığı. https://orgm.meb.gov.tr/www/ozel-egitim-ile-ilgili-yayimlar/icerik/123
4922,1197946,17771212,report_policy_legal,no_match,url_dead_and_not_archived,0.0,https://data.oecd.org/agrpolicy/agricultural-support.htm,,403,,"OECD Data (2022), Agricultural Support, Date of Access: December 2022, https://data.oecd.org/agrpolicy/agricultural-support.htm"
4925,1225438,19357220,url_web,strong,live_url_verified,1.0,https://www.utikad.org.tr/images/HizmetRapor/utikadlojistiksektoruraporu2021-1654.pdf,https://www.utikad.org.tr/images/HizmetRapor/utikadlojistiksektoruraporu2021-1654.pdf,200,,"UTİKAD. Lojistik Sektörü Raporu 2021. 2021. Erişim Tarihi: Aralık 12, 2022, https://www.utikad.org.tr/images/HizmetRapor/utikadlojistiksektoruraporu2021-1654.pdf."
4941,1241991,19758738,url_web,strong,live_url_verified,1.0,https://www.globalcmt.org/CMTsearch.html,https://www.globalcmt.org/CMTsearch.html,200,Global Centroid Moment Tensor Catalog,"GCMT-Global CMT Catalog Search. (2024, Şubat, 18) https://www.globalcmt.org/CMTsearch.html"
4942,1241991,19758739,url_web,strong,live_url_verified,1.0,http://udim.koeri.boun.edu.tr/,http://udim.koeri.boun.edu.tr/,200,,"KOERİ, Boğaziçi Üniversitesi Kandilli Rasathanesi. (2024, Şubat 18) http://udim.koeri.boun.edu.tr/"
5019,1179368,16836870,url_web,no_match,url_dead_and_not_archived,0.0,http://links.jstor.org/sici?sici=0002-8282%2819931,,404,,"Boudoukh, J., & Richardson, M. (1993). Stock returns and inflation: a long horizon perspective. American Economic Review, 83, 1346 – 1355. http://links.jstor.org/sici?sici=0002- 8282%2819931 ... O%3B2-I&origin=repec"
5021,1160687,16048289,url_web,no_match,url_dead_and_not_archived,0.0,https://www.yok.gov.tr/universiteler/universitelerimiz,,404,,"URL 2. (2022). https://www.yok.gov.tr/universiteler/universitelerimiz. Retrieved from YÖK,ÜNİVERSİTELER: https://www.yok.gov.tr/universiteler/universitelerimiz"
5036,1285685,21739496,url_web,no_match,url_dead_and_not_archived,0.0,https://www.energyinst.org/statistical-review/resources-and-data-downloads,,403,,Energy Institute (2023). Statistical Review of World Energy. https://www.energyinst.org/statistical-review/resources-and-data-downloads
5037,1285685,21739522,report_policy_legal,strong,live_url_verified,1.0,https://www.eea.europa.eu/soer/2015/synthesis/report/1-changingcontext,https://www.eea.europa.eu/en/analysis/publications/the-european-environment-state-and-outlook-2015-synthesis-report,200,The European Environment - State and outlook 2015 | Publications | European Environment Agency (EEA),The European Environment — State and Outlook (SOER) (2015). The changing context of European environmental policy. https://www.eea.europa.eu/soer/2015/synthesis/report/1-changingcontext
5040,1197351,17742353,url_web,strong,live_url_verified,1.0,https://millermagazine.com/tr/blog/turkiyede-durum-bugdayi-tartismasi-28,https://millermagazine.com/tr/blog/turkiyede-durum-bugdayi-tartismasi-28,200,Türkiye’de durum buğdayı tartışması | Miller Magazine,"Değirmenci Dergisi, (2013, 11 Eylül). Türkiye’de Durum Buğdayı Tartışması. Erişim adresi: https://millermagazine.com/tr/blog/turkiyede-durum-bugdayi-tartismasi-28"
5046,1219391,19125622,url_web,strong,live_url_verified,1.0,https://www.constituteproject.org/constitution/Armenia_2015.pdf?lang=en(Erişim,https://www.constituteproject.org/constitution/Armenia_2015.pdf?lang=en(Eri%C5%9Fim,200,,Armenia's Constitution of 1995 with Amendments through 2015 https://www.constituteproject.org/constitution/Armenia_2015.pdf?lang=en (Erişim: 01.09.2022).
5080,1319320,23339626,url_web,strong,live_url_verified,1.0,https://www.resmigazete.gov.tr/eskiler/2002/10/20021022.htm#7,https://www.resmigazete.gov.tr/eskiler/2002/10/20021022.htm#7,200,T,"Regulation on Academic Evaluation and Quality Assurance in Higher Education Institutions (2002, 22 October). Retrieved December 12, 2023, https://www.resmigazete.gov.tr/eskiler/2002/10/20021022.htm#7"
5081,1319320,23339628,url_web,strong,live_url_verified,1.0,https://www.resmigazete.gov.tr/eskiler/2015/07/20150723-3.htm,https://www.resmigazete.gov.tr/eskiler/2015/07/20150723-3.htm,200,Başbakanlık Mevzuatı Geliştirme ve Yayın Genel Müdürlüğü,"Regulation on Quality Assurance in Higher Education (2015, 23 July). Retrieved December 12, 2023, https://www.resmigazete.gov.tr/eskiler/2015/07/20150723-3.htm"
5085,1381577,25807846,url_web,strong,live_url_verified,1.0,https://2009-2017.state.gov/e/eb/ecosum/2012g8/faqs/index.htm,https://2009-2017.state.gov/e/eb/ecosum/2012g8/faqs/index.htm,200,G8 Frequently Asked Questions,"US Department of State, G8 Frequently Asked Questions, https://2009- 2017.state.gov/e/eb/ecosum/2012g8/faqs/index.htm. (ET: 06.11.2024)."
5087,1227166,20292387,url_web,no_match,url_dead_and_not_archived,0.0,https://nanoteknoloji.org/sol-jel/(Alınma,,404,,https://nanoteknoloji.org/sol-jel/ (Alınma tarihi: 09.04.2023)
5091,1162361,16131149,url_web,strong,live_url_verified,1.0,https://www.gib.gov.tr/sites/default/files/uluslararasi_mevzuat/TURKCE_METIN/ABD.pdf,https://www.gib.gov.tr/sites/default/files/uluslararasi_mevzuat/TURKCE_METIN/ABD.pdf,200,Gelir İdaresi Başkanlığı,Türkiye Cumhuriyeti Hükümeti ile Amerika Birleşik Devletleri Hükümeti Arasında Gelir Üzerinden Alınan Vergilerde Çifte Vergilendirmeyi Önleme ve Vergi Kaçakçılığına Engel Olma Anlaşması <https://www.gib.gov.tr/sites/default/files/uluslararasi_mevzuat/TURKCE_METIN/ABD.pdf> accessed 03 February 2022.
5106,1268341,20982008,url_web,no_match,no_url_found,0.0,,,,,"DORUK, Özlem (2013). Disiplin toplumu ve haber söylemi: Gökkuşağı Derneği’nce yapılması planlanan yürüyüşün engellemesine ilişkin haberlerin çözümlenmesi. Gümüşhane Üniversitesi Sosyal Bilimler Enstitüsü Elektronik Dergisi, 2(1), 106-132."
5109,1197073,17729336,url_web,strong,live_url_verified,1.0,https://www.uclg.org/sites/default/files/20070400_cdsp_paper_pluijm.pdf,https://www.uclg.org/sites/default/files/20070400_cdsp_paper_pluijm.pdf,200,,"Pluijm, R. v. (2007). City diplomacy: the expanding role of cities in international politics. Netherlands Institute of International Relations. https://www.uclg.org/sites/default/files/20070400 _cdsp_paper_pluijm.pdf"
5115,1245054,19872037,url_web,no_match,url_dead_and_not_archived,0.0,https://www.euronews.com/2019/12/18/we-re-heading-for-disaster-over-space-junk-warns-top-esa-space-debris-official,,406,,"Coreceda, R. (2019). ‘We’re heading for disaster’ over space junk warns top ESA space debris official. Euronews, 1 Ekim 2023 https://www.euronews.com/2019/12/18/we-re-heading-for-disaster-over-space-junk-warns-top-esa-space-debris-official adresinden erişildi."
5116,1245054,19872102,url_web,strong,live_url_verified,1.0,https://www.unoosa.org/oosa/en/ourwork/spacelaw/treaties/registration-convention.html,https://www.unoosa.org/oosa/en/ourwork/spacelaw/treaties/registration-convention.html,200,Registration Convention,The United Nations Office for Outer Space Affairs (UNOOSA). (2022h). Resolution adopted by the general assembly 3235 (xxıx) convention on registration of objects launched into outer space. 23 Temmuz 2022 tarihinde https://www.unoosa.org/oosa/en/ourwork/spacelaw/treaties/registration-convention.html adresinden erişildi.
5118,1370936,25465159,report_policy_legal,no_match,url_dead_and_not_archived,0.0,https://essfeed.com/global-grape-industry-report-2025-market-trends-forecasts/,,403,,"Team, E. (2025, February 9). Global Grape Industry Report 2025: Market Trends & Forecasts. EssFeed. https://essfeed.com/global-grape-industry-report-2025-market-trends-forecasts/"
5121,1222726,18873080,url_web,strong,live_url_verified,1.0,https://officiating.itftennis.com/official-search/,https://login.itftennis.com/iditftennis.onmicrosoft.com/b2c_1a_signin/oauth2/v2.0/authorize?client_id=560f0f54-b5e1-43fc-b259-c28ed071d7dc&redirect_uri=https%3A%2F%2Fofficiating.itftennis.com&response_type=id_token&scope=openid&state=OpenIdConnect.AuthenticationProperties%3DZRpcxZf1EWK640uw7_lfTIgzsCvOZQuUYuYmwk9HPT7fzUKtN7gfOyu0SvEywEiKGzuudHn3k6PV0TnWTBmWeKxWZ3s8jUtAHds2N8QRie98_1XfFeqMVV4cMvo3s5xepOzjYsZsVyEDC482pB90oBFOicEehW8ueEBsygVrEld3kOMnU5UQxH-7lK2d8BcHTU2DnH-wGHl0zZKtkeMzmxTWWkUErn-7SUzmlze9Ysq0Ky2qAOYWQG0YJpbzi6RzN8WkQ9yoKyZLDf1K6sVAx3bkYCsFr-gXkEO4-hC1ZQKKc2PeJsmWuV_ZxBhpPGRhOQYufYU6McFcqDP_bH5d5n_Vw3GXMhGRX9MVxHriE12FvuA1YxSXzTWQXeNpYz6HtObr9dA88JEfuKdu_S8z6mHjoOGKM_eeqlveodf0WLO_qCZaOezf2Mb4LraG6g1ZJb1GK5IDIzrUpxCOm-7In-RgW0qA_sLZkuKodrKtoz15i9Oy7xG3YtDThud8OeRKXvH86pU56MuJpxufp76DRamEMVOOtezO--tLQebk0BTlF8C2s4v8fhhFWOuNTI1aOZXdRK0qgq8uyg1C4YRUj4J1dMmoVYZmJFBKEjzqwLhwNEl2cxL9GXfUkUfPRwgPd7E-2jDlKPOUQfcioGpafHng5va6OOacljdktVhNEuYk8uvreafX0m3upZC0DI3RmAhRN7PYXLj3T47EQXTbmA&response_mode=form_post&nonce=639223061448949073.Yzk4YTA0YmEtYzIzMi00NzY0LTk3YTQtNDQ3YzA3ZWEwZjU2NTFjYThjZTYtMDM5NC00ZWVmLWFkMjUtY2MzMjEzMTBiM2Vj&clientId=itf-officiating&x-client-SKU=ID_NET472&x-client-ver=7.5.0.0,200,,34. Number of Officials (2023). https://officiating.itftennis.com/official-search/
5127,1352173,24689969,url_web,strong,live_url_verified,1.0,http://www.hermetics.org/Druidler.html,http://www.hermetics.org/Druidler.html,200,Druidler - Erhan Altunay,"Altunay, E. (2021, June 19). Druidler. Hermetics.org. http://www.hermetics.org/Druidler.html"
5177,1200807,18127084,report_policy_legal,no_match,url_dead_and_not_archived,0.0,https://www.icaew.com/library/subject-gateways/corporate-reporting/the-corporate-,,404,,"3. Accounting Standards Steering Committee. (1975). The corporate report, Institute of Chartered Accountants in England and Wales (ICAEW). https://www.icaew.com/ library/subject-gateways/corporate-reporting/the-corporate- report"
5191,1160012,16027296,url_web,strong,live_url_verified,1.0,https://apnorc.org/wp-content/uploads/2020/02/AP-NORC-Center-and-MTV_Digital-Abuse-Study_FINAL.pdf,https://apnorc.org/wp-content/uploads/2020/02/AP-NORC-Center-and-MTV_Digital-Abuse-Study_FINAL.pdf,200,,"Tompson, T. N., Benz, J. K. ve Agiesta, J. (2013). The digital abuse study: Experiences of teens and young adults. Associated Press-NORC Center for Public Affairs Research. https://apnorc.org/wp-content/uploads/2020/02/AP-NORC-Center-and-MTV_Digital-Abuse-Study_FINAL.pdf."
5222,1313492,23865982,url_web,no_match,url_dead_and_not_archived,0.0,https://www.bwp-zeitschrift,,,,"Buntins, Katja, Reichow, Insa - Rashid, Faisal. “Eine Typologie zur Analyse des Einsatzes von KI-Methoden in der beruflichen Bildung A Typology for Analyzing the Use of AI Methods in Vocational Education and Training”. BWP 53-1, 13-17. www.bwp-zeitschrift. de/dienst/publikationen/de/19392"
5247,1341401,24255394,url_web,strong,live_url_verified,1.0,https://shamela.ws/book/9776/1897#p1,https://shamela.ws/book/9776/1897#p1,200,ج5 - ص41 - كتاب تفسير ابن عاشور التحرير والتنوير - سورة النساء آية - المكتبة الشاملة,"İbn Âşûr, Muhammed Tahir b. Muhammed b. Muhammed et-Tunusi. Tefsîru’t-Tahrîr ve’t-Tenvîr. Tunus: ed-Dâru’t-Tunisiyye, 1984. https://shamela.ws/book/9776/1897#p1."
5269,1299151,22329214,url_web,strong,live_url_verified,1.0,https://www.adsoftheworld.com/campaigns/unexpected-hands,https://www.adsoftheworld.com/campaigns/unexpected-hands,200,El Refugio de la Niñez: Unexpected Hands • Ads of the World™ | Part of The Clio Network,Adsoftheworld. (2021). Guatemala’nın Kamu Spotu. https://www.adsoftheworld.com /campaigns/unexpected-hands
5275,1238686,19622626,url_web,no_match,no_url_found,0.0,,,,,Habermas J. (2014). Kamusallığın Yapısal Dönüşümü. İstanbul: İletişim Yayınları.
5309,1332672,23935845,url_web,no_match,no_url_found,0.0,,,,,"Ang, A. & Mehta, K. (2021). The psychosocial meaning of bridge employment. Asia Pacific Career Development Journal. 4(2), 13-26. https:// asiapacificcda.org/wp-content/uploads/2023/12/A0004_2_03.pdf google scholar"
5336,1336358,24076795,url_web,strong,live_url_verified,1.0,https://meshb.nlm.nih.gov/record/ui?ui=D019091,https://meshb.nlm.nih.gov/record/ui?ui=D019091,200,MeSH Browser,"MeSH. (2024). Medical Subject Headings. (Erişim tarihi:03.10.2024), https://meshb.nlm.nih.gov/record/ui?ui=D019091"
5337,1364555,25216941,url_web,strong,live_url_verified,1.0,https://www.collectorsweekly.com/rugs-and-textiles/vera,https://www.collectorsweekly.com/rugs-and-textiles/vera,200,Vera Scarves and Textiles | Collectors Weekly,Collectors Weekly. (t.y.). The creaf Vera Neumann: Nature meets modern design. 22 Eylül 2024 tarihinde https://www.collectorsweekly.com/rugs-and-textiles/vera adresinden erişilmiştir.
5338,1364555,25216943,dergipark_file,strong,live_url_verified,1.0,https://dergipark.org.tr/en/download/article-file/417668,https://dergipark.org.tr/en/download/article-file/417668,200,,"Dilay, S. (2011). Sanatsal ve kültürel açıdan balık motifleri. Türk Bilimsel Derlemeler Dergisi, 4(1), 53–56. 20 Kasım 2024 tarihinde https://dergipark.org.tr/en/download/article-file/417668 adresinden erişilmiştir."
5345,1346752,24476357,report_policy_legal,strong,live_url_verified,1.0,https://www.resmigazete.gov.tr/arsiv/14574.pdf,https://www.resmigazete.gov.tr/arsiv/14574.pdf,200,,"Milli Eğitim Temel Kanunu [The National Education Basic Law] (1973). T.C. Resmi Gazete, 14574, 24 Haziran 1973. https://www.resmigazete.gov.tr/arsiv/14574.pdf."
5364,1261765,20583164,report_policy_legal,no_match,no_url_found,0.0,,,,,"32. https://w w w.mevzuat.gov.tr/anasayfa/MevzuatFihristDetay Iframe? MevzuatTur=1&MevzuatNo=6283&MevzuatTertip= 3#:~:text=Madde%205%20% E2%80%93%20Hem%C5%9Fire%20 okulundan% 20mezun,en%20b%C3%BCy%C3%BCk%20 sa%C4%9Fl%C4%B1k%20amirine%20verirler. [Crossref]"
5400,1192667,17489373,url_web,no_match,url_dead_and_not_archived,0.0,https://www.tcmb.gov.tr/wps/wcm/connect/EN/TCMB+EN/Main+Menu/Statistics/Balance+of+Payments+and+Related+Statistics/International+Reserves+and+Foreign+Currncy+Liquidity/,,404,,C.B.R.T.(2022)Foreign Exchange Parity Statistics(https://www.tcmb.gov.tr/wps/wcm /connect/EN/TCMB+EN/Main+Menu/Statistics/Balance+of+Payments+and+Related+Statistics/International+Reserves+and+Foreign+Currncy+Liquidity/)
5407,1281567,21503190,url_web,strong,live_url_verified,1.0,https://ec.europa.eu/eurostat/statistics-explained/index.php?title=Natural_gas_supply_statistics,https://ec.europa.eu/eurostat/statistics-explained/index.php?title=Natural_gas_supply_statistics,200,Natural gas supply statistics - Statistics Explained - Eurostat,"[34] Eurostat natural gas supply statistics. [Online]. Available at: https://ec.europa.eu/eurostat/statistics-explained/index. php?title=Natural_gas_supply_statistics. [Accessed: May 23, 2023]."
5408,1266830,21267500,report_policy_legal,no_match,url_dead_and_not_archived,0.0,https://biruni.tuik.gov.tr/bolgeselistatistik/tabloOlustur.do(Accessed,,404,,16. Turkish Statistical Institute (TURKSTA); Health Statistics (2021): https://biruni.tuik.gov.tr/bolgeselistatistik/tabloOlustur.do (Accessed date: 25.10.2021).
5412,1284123,21684849,url_web,strong,live_url_verified,1.0,https://www.cna-aiic.ca/en/nursing/regulated-nursing-in-canada/nursing-ethics,https://www.cna-aiic.ca/en/nursing/regulated-nursing-in-canada/nursing-ethics,200,Ethics - Canadian Nurses Association,"Canadian Nurses Association (CNA) (2017). Code of Ethics for Registered Nurses. Erişim tarihi: 28.05.2023, https://www.cna-aiic.ca/en/nursing/ regulated-nursing-in-canada/nursing-ethics"
5413,1284123,21684869,url_web,strong,live_url_verified,1.0,https://sozluk.gov.tr/,https://sozluk.gov.tr/,200,Türk Dil Kurumu Sözlükleri,Türk Dil Kurumu (TDK). Etik. Erişim tarihi: 10.06.2023. https://sozluk.gov.tr/
5423,1223319,22687987,url_web,strong,live_url_verified,1.0,https://www.undp.org/sites/g/files/zskgke326/files/publications/undp-cpr-annual-rep-2007.pdf,https://www.undp.org/sites/g/files/zskgke326/files/publications/undp-cpr-annual-rep-2007.pdf,200,,"United Nations Development Programme. (2007), Bureau for Crisis Prevention and Recovery. https://www.undp. org/sites/g/files/zskgke326/files/publications/undp-cpr-annual-rep-2007.pdf (Erişim Tarihi 10.12.2023)."
5428,1220817,18801116,url_web,strong,live_url_verified,1.0,https://vedicheritage.gov.in/upanishads/,https://vedicheritage.gov.in/upanishads/,200,Upanishads | Vedic Heritage Portal,"Upanishads | Vedic Heritage Portal. (n.d.). Retrieved 10 August 2023, from https://vedicheritage.gov.in/upanishads/."
5440,1276852,21253021,url_web,no_match,url_dead_and_not_archived,0.0,https://thl.fi/en/web/thlfi-en/statistics-and-data/data-and-services/register-descriptions/care-register-for-health-care,,403,,"21. Care Register for Health Care. Finnish Institute for Health and Welfare (THL), Finland. 2021. (updated 2023 Dec 7, cited 2024 Jan 31). Available from: https://thl.fi/en/web/thlfi-en/statistics-and-data/ data-and-services/register-descriptions/care-register-for-health-care [Crossref ]"
5466,1306475,22620064,url_web,strong,live_url_verified,1.0,https://www.resmigazete.gov.tr/eskiler/2022/09/20220913-5.htm,https://www.resmigazete.gov.tr/eskiler/2022/09/20220913-5.htm,200,,1.Notıfıcatıon On The Implementatıon Procedures And Prıncıples Of Emergency Servıces In Health Care Facılıtıes. Available from: https://www.resmigazete.gov.tr/eskiler/2022/09/20220913-5.htm ( access date:2024 Dec 02)
5482,1336017,24062410,hidden_doi,no_match,url_dead_and_not_archived,0.0,https://doi.org/10.2900/63495(Erişim,,404,,Antimicrobial resistance surveillance in Europe 2023 - 2021 data. Stockholm: European Centre for Disease Prevention and Control and World Health Organization; 2023. https://doi.org/10.2900/63495 (Erişim Tarihi: Mart 2024)
5511,1224976,18972074,url_web,no_match,no_url_found,0.0,,,,,"Eskew, G. T. (2007, September 20). Birmingham campaign of 1963. Encyclopedia of Alabama. https:// encyclopediaofalabama.org/article/birmingham-campaign-of-1963/"
5516,1311595,23815503,thesis,strong,live_url_verified,1.0,https://avesis.uludag.edu.tr/yonetilen-tez/74e2f048-c356-40ab-97ba-e322e6d8bb88/tuketici-sinizminin-onculleri-ve-sonuclari-hizmet-sektoru-uzerinde-bir-arastirma,https://avesis.uludag.edu.tr/yonetilen-tez/74e2f048-c356-40ab-97ba-e322e6d8bb88/tuketici-sinizminin-onculleri-ve-sonuclari-hizmet-sektoru-uzerinde-bir-arastirma,200,Tüketici sinizminin öncülleri ve sonuçları: Hizmet sektörü üzerinde bir araştırma | AVESİS,"Akçay, G. (2021). Tüketici sinizminin öncülleri ve sonuçları: Hizmet sektörü üzerinde bir araştırma (Doktora tezi). Erişim adresi: https://avesis.uludag.edu.tr/yonetilen-tez/74e2f048-c356-40ab-97ba-e322e6d8bb88/tuketici- sinizminin-onculleri-ve-sonuclari-hizmet-sektoru-uzerinde-bir-arastirma"
5518,1311595,23815594,url_web,strong,live_url_verified,1.0,https://www.skdturkiye.org/Yayin/100-Maddede-Surdurulebilirlik-Rehberi,https://www.skdturkiye.org/100-maddede-surdurulebilirlik-rehberi/,200,100 Maddede Sürdürülebilirlik Rehberi,SKD Türkiye (2016). 100 maddede sürdürülebilirlik rehberi. https://www.skdturkiye.org/Yayin/100-Maddede- Surdurulebilirlik-Rehberi. (Erişim Tarihi: 24 Ağustos 2022)
5535,1314060,23008876,report_policy_legal,strong,live_url_verified,1.0,https://armenpress.am/en/article/1203681,https://armenpress.am/en/article/1203681,200,"Armenian Genocide international recognition process not Foreign Ministry’s top priority, says FM Mirzoyan - ARMENPRESS Armenian News Agency","“Armenian Genocide International Recognition Process not Foreign Ministry’s Top Priority, says FM Mirzoyan”, ArmenPress, 31 Ekim 2024, https://armenpress.am/en/article/1203681."
5536,1314060,23008988,url_web,strong,live_url_verified,1.0,https://jam-news.net/armenian-fm-on-antalya-diplomacy-forum/,https://jam-news.net/armenian-fm-on-antalya-diplomacy-forum/,200,Armenian FM on Antalya Diplomacy Forum/ JAMnews,"“'There’s a Chance to Open New Era in Caucasus' - Armenian Foreign Minister at Antalya Forum”, JAM News, 14 Nisan 2025, https://jam-news.net/armenian-fm-on-antalya-diplomacy-forum/."
5580,1287399,21823730,url_web,no_match,no_url_found,0.0,,,,,"Cumhuriyet gazetesi (1960, Ekim 7)."
5604,1353266,24737463,url_web,strong,live_url_verified,1.0,https://www.unwto.org/news/international-tourism-recovers-pre-pandemic-levels-in-2024,https://www.untourism.int/news/international-tourism-recovers-pre-pandemic-levels-in-2024,200,International tourism recovers pre-pandemic levels in 2024,"UNWTO (2024). Contact, https://www.unwto.org/news/international-tourism-recovers-pre-pandemic-levels-in-2024, Erişim Tarihi: 6 Mart 2025."
5670,1169903,16445947,url_web,no_match,url_dead_and_not_archived,0.0,https://www.cebm.ox.ac.uk/resources/levels-of-evidence/oxford-,,404,,"18. Oxford Centre for Evidence-Based Medicine: Levels of Evidence (March 2009). Accessed: March 20, 2022. Available from: https:// www.cebm.ox.ac.uk/resources/levels-of-evidence/oxford- centre-for-evidence-based-medicine-levels-of-evidence- march-2009"
5673,1300654,22395899,url_web,no_match,url_dead_and_not_archived,0.0,https://www.anao.gov.au/work/performance-audit/managing-conflictsinterest-fma-agencies,,,,"ANAO, Australian National Audit Office, (2014). Managing Conflicts of Interest in FMA Agencies, https://www.anao.gov.au/work/performance-audit/managing-conflictsinterest- fma-agencies, Erişim: 24.12.2024."
5677,1168475,17021633,url_web,strong,live_url_verified,1.0,https://www.sikayetvar.com/yemek-sepeti?page=5,https://www.sikayetvar.com/yemeksepeti?page=5,200,Yemeksepeti Şikayet ve Yorumları - 5/200 - Şikayetvar,"[36] Internet: Şikayetler, https://www.sikayetvar.com/yemek- sepeti?page=5, 10.08 2019."
5706,1307897,22674104,url_web,no_match,url_dead_and_not_archived,0.0,https://www.fishtree.com/(Erişim,,404,,Fishtree. (2024). Welcome to the future of personalized learning. https://www.fishtree.com/ (Erişim Tarihi: 25.02.2025).
5707,1307897,22674143,url_web,no_match,url_dead_and_not_archived,0.0,http://jmc.stanford.edu/articles/whatisai.html(Erişim,,404,,"McCarthy, J. (2007). What is artificial intelligence?. http://jmc.stanford.edu/articles/whatisai.html (Erişim Tarihi: 25.02.2025)."
5720,1329079,23766233,dergipark_file,strong,live_url_verified,1.0,https://dergipark.org.tr/tr/download/article-file/17498,https://dergipark.org.tr/tr/download/article-file/17498,200,,"Atmaca, T. ve Öntaş, T. (2014). Velilerin öğretmenlere uyguladığı şiddete yönelik nitel bir araştırma. Anadolu Eğitim Liderliği ve Öğretim Dergisi, 2(1), 47-62. Erişim: https://dergipark.org.tr/tr/download/article-file/17498"
5736,1232443,19383820,url_web,strong,live_url_verified,1.0,https://www.eia.gov/international/data/world,https://www.eia.gov/international/data/world,200,International - U.S. Energy Information Administration (EIA),Enerji Bilgi İdaresi (2022). Electricity. https://www.eia.gov/international/data/world
5737,1232443,19383854,url_web,no_match,url_dead_and_not_archived,0.0,https://www.iea.org/data-and-statistics/data-products?filter=emissions,,403,,Uluslararası Enerji Ajansı (2022). Data and statistics. https://www.iea.org/data-and-statistics/data-products?filter=emissions
5740,1211770,18626399,url_web,no_match,url_dead_and_not_archived,0.0,https://doi.org/https://yokatlas.yok.gov.tr/lisans-bolum.php?b=10248,,400,,13- YükseköğretimKurulu. (2021a). Hemşirelik Fakülteleri. https://doi.org/https://yokatlas.yok.gov.tr/lisans-bolum.php?b=10248. Erişim tarihi: 02.02.2021
5762,1216186,18975870,url_web,strong,live_url_verified,1.0,https://www.pocket-lint.com/gadgets/news/131162-is-hub-by-premier-inn-london-s-most-technologically-advanced-hotel/,https://www.pocket-lint.com/gadgets/news/131162-is-hub-by-premier-inn-london-s-most-technologically-advanced-hotel/,200,Is Hub by Premier Inn London's most technologically advanced hotel?,"Henderson, R. (2014). Is Hub by Premier Inn London's most technologically advanced hotel?, (Erişim Tarihi: 06.05.2023). https://www.pocket-lint.com/gadgets/news/131162-is-hub-by-premier-inn-london-s-most-technologically-advanced-hotel/."
5763,1216186,18975884,url_web,no_match,url_dead_and_not_archived,0.0,https://medium.com/@sapan_123,,403,,"Mishra, S. (2018). Trippki Blockchain project !!, (Erişim Tarihi: 06.06.2023). https://medium.com/@ sapan_123 /trippki-blockchain-project-14130f4b3f08."
5774,1244564,19849572,url_web,no_match,url_dead_and_not_archived,0.0,http://www.turkish-cuisine.org/culinary-culture-202/a-mirror-of-society-cuisine-237.html,,403,,"şın, P. M. (n.d.). A mirror of society: Cuisine. Turkish Cuisine. Retrieved June 7, 2023, from http://www.turkish-cuisine.org/culinary-culture- 202/a-mirror-of-society-cuisine-237.html"
5792,1239119,19640664,url_web,strong,live_url_verified,1.0,https://irl.umsl.edu/oer/6,https://irl.umsl.edu/oer/6/,200,"""Teaching in a Digital Age"" by A.W. (Tony) Bates","Bates, A., W. (2015). Teaching in a digital age. Open Educational Resources Collection. 6. University of Missouri, St. Louis. https://irl.umsl.edu/oer/6"
5802,1312294,22875652,url_web,no_match,url_dead_and_not_archived,0.0,https://www.acenet.edu/Research-Insights/Pages/Internationalization/Intlz-in-Action-2013-December.aspxsayfasından,,404,,"ACE. (2024b). Internationalization in action: Internationalizing the curriculum, part 1 - individual courses. https://www.acenet.edu/Research-Insights/Pages/Internationalization/Intlz-in-Action-2013-December.aspx sayfasından erişilmiştir."
5835,1291361,22969389,url_web,no_match,no_url_found,0.0,,,,,"Demirel, sultanlar gibi karşılandı. (1998, 27 Temmuz). Kıbrıs Gazetesi."
5836,1298669,23232048,thesis,no_match,url_dead_and_not_archived,0.0,https://tez.yok.gov.tr/UlusalTezMerkezi/giris.jsp(Thesis,,404,,"Boran, G. H. (2014). Argümantasyon temelli fen öğretiminin bilimin doğasına ilişkin görüşler ve epistemolojik inançlar üzerine etkisi [The effect of argumentation-based science teaching on views on the nature of science and epistemological beliefs] (Unpublished doctoral thesis). Retrieved from https://tez.yok.gov.tr/UlusalTezMerkezi/giris.jsp (Thesis no: 357116)."
5850,1313641,22974080,report_policy_legal,strong,live_url_verified,1.0,https://www.mevzuat.gov.tr/mevzuat?MevzuatNo=2872&MevzuatTur=1&MevzuatTertip=5,https://www.mevzuat.gov.tr/mevzuat?MevzuatNo=2872&MevzuatTur=1&MevzuatTertip=5,200,Mevzuat Bilgi Sistemi,Çevre Kanunu Resmî Gazete Tarihi: 11.08.1983 Resmî Gazete Sayısı: 18132 Erişim adresi: https://www.mevzuat.gov.tr/mevzuat?MevzuatNo=2872&MevzuatTur=1&MevzuatTertip=5
5860,1154279,17927487,url_web,strong,live_url_verified,1.0,https://www.resmigazete.gov.tr/arsiv/4417.pdf,https://www.resmigazete.gov.tr/arsiv/4417.pdf,200,,"Milli Korunma Kanunu, Resmî Gazete, 26 Ocak 1940, https://www.resmigazete.gov.tr/ arsiv/4417.pdf (25.10.2022)."
5865,1390326,26115093,url_web,no_match,url_dead_and_not_archived,0.0,https://kms.kaysis.gov.tr/Home/Kurum/24308110?AspxAutoDetectCookieSupport=1,,,,"Anonymous. (2020). Kurul / Komisyon / Konsey Kararları “Evcil hayvan genetik kaynakları tescil komitesi kararı”. Retrieved December 01, 2023 from https://kms.kaysis.gov.tr/Home/Kurum/24308110?AspxAutoDetectCookieSupport=1"
5875,1372632,25527201,url_web,no_match,url_dead_and_not_archived,0.0,https://aacrjournals.org/cancerres/article/50/2/261/495798/Role-of-Transforming-Growth-Factor-1-in-Induction,,403,,"Schroy, P., Rifkin, J., Coffey, R. J., Winawer, S., & Friedman, E. (1990). Role of transforming growth factor β1 in induction of colon carcinoma differentiation by hexamethylene bisacetamide. Cancer Research, 50(2), 261-265. https://aacrjournals.org/cancerres/article/50/2/261/495798/Role-of-Transforming-Growth-Factor-1-in-Induction"
5876,1299744,22357945,report_policy_legal,strong,live_url_verified,1.0,https://webdosya.csb.gov.tr/db/iklim/editordosya/kyoto_protokol.pdf,https://webdosya.csb.gov.tr/db/iklim/editordosya/kyoto_protokol.pdf,200,,"Çevre ve Orman Bakanlığı 1998. Birleşmiş Milletler İklim Değişikliği ve Çevre Sözleşmesi, Kyoto Protokolü 24 Mayıs 2024 tarihinde, https://webdosya.csb.gov.tr/db/iklim/editordosya/kyoto_protokol.pdf adresinden edinilmiştir."
5915,1209774,18355247,url_web,strong,live_url_verified,1.0,https://eksisozluk1923.com/entry/36383250,https://eksisozluk.com/entry/36383250,200,kadın - #36383250 - ekşi sözlük,"@ocean ocean. 2013. Ekşi Sözlük, August 25, 2013. https://eksisozluk1923.com/ entry/36383250."
5931,1252022,20165426,url_web,strong,live_url_verified,1.0,https://avesis.atauni.edu.tr/yayin/a55d1d98-c030-44de-b09b-ff04f45227ed/ogretmen-adaylarinin-kaynastirma-,https://avesis.atauni.edu.tr/yayin/a55d1d98-c030-44de-b09b-ff04f45227ed/ogretmen-adaylarinin-kaynastirma-,200,Öğretmen Adaylarının Kaynaştırma Eğitimine Yönelik Öz Yeterliklerini Belirlemek İçin Ölçek Geliştirme | AVESİS,"Teke, D., & Sözbilir, M. (2021). Öğretmen adaylarının kaynaştırma eğitimine yönelik öz yeterliklerini belirlemek için ölçek geliştirme. Eurasian Journal of Teacher Education, 2(1), 55-68. https://avesis.atauni.edu.tr/yayin/a55d1d98-c030-44de- b09b-ff04f45227ed/ogretmen-adaylarinin-kaynastirma- egitimine-yonelik-oz-yeterliklerini-belirlemek-icin-olcek- gelistirme"
6005,1372352,25516116,url_web,strong,live_url_verified,1.0,https://www.ilo.org/publications/quick-guide-sources-and-uses-statistics-occupational-safety-and-health,https://www.ilo.org/publications/quick-guide-sources-and-uses-statistics-occupational-safety-and-health,200,Quick guide on sources and uses of statistics on occupational safety and health | International Labour Organization,International Labour Organization. [ILO] (2020). Quick guide on service and uses of statistics on occupational safety and health. ILO. https://www.ilo.org/publications/quick-guide-sources-and-uses-statistics-occupational-safety-and-health
6006,1372352,25516119,thesis,strong,live_url_verified,1.0,https://www.dbpia.co.kr/journal/detail?nodeId=T15825825,https://www.dbpia.co.kr/journal/detail?nodeId=T15825825,200,Analysis of Factors related to Occurrence of Traffic Accidents and Laboratory Accidents on a University Campus in South Korea for 10 years - 김민정 | 서울대학교 논문 | DBpia,"Kim, M. (2021). Analysis of Factors related to Occurrence of Traffic Accidents and Laboratory Accidents on a University Campus in South Korea for 10 years. [Yüksek Lisans Tezi, Seoul National University]. https://www.dbpia.co.kr/journal/detail?nodeId=T15825825."
6013,1317849,23253122,url_web,strong,live_url_verified,1.0,https://www.theguardian.com/environment/2025/jan/24/paris-climate-agreement-withdrawal-trump-world-response-us,https://www.theguardian.com/environment/2025/jan/24/paris-climate-agreement-withdrawal-trump-world-response-us,200,How the world has responded to Trump’s Paris climate agreement withdrawal | Climate crisis | The Guardian,"Harvey, F. (2025). How the world has responded to Trump’s Paris climate agreement withdrawal. The Guardian. Retrieved May 26, 2025, from https://www.theguardian.com/environment/2025/jan/24/paris-climate-agreement-withdrawal-trump-world-response-us"
6031,1376825,25673638,url_web,strong,live_url_verified,1.0,https://www.policyuncertainty.com/global_monthly.html,https://www.policyuncertainty.com/global_monthly.html,200,Global Economic Policy Uncertainty Index,https://www.policyuncertainty.com/global_monthly.html
6069,1262660,20670870,url_web,strong,live_url_verified,1.0,http://www.rainwaterharvesting.org/international/tokyo.htm,http://www.rainwaterharvesting.org/international/tokyo.htm,200,The Rainwater Harvesting System at Mira Model School,"[25] RWH, “Rainwater harvesting in Tokyo,” Available at: http://www.rainwaterharvesting.org/international/ tokyo.htm Accessed on Jul 17, 2024."
6071,1304946,23750066,report_policy_legal,no_match,url_dead_and_not_archived,0.0,https://www.oecd.org/education/How-coronavirus-covid-19-pandemic-changing-education-Saudi-Arabia.pdf,,403,,OECD (2020). How the COVID 19 pandemic is changing education. https://www.oecd.org/education/How-coronavirus-covid-19-pandemic-changing-education-Saudi-Arabia.pdf
6082,1304648,22560230,url_web,strong,live_url_verified,1.0,https://i.lezzet.com.tr/images-xxlarge-secondary/siyah-sarimsak-neye-iyi-gelir-nasil-kullanilir-7af0736c-e65c-4c2f-9367-5de0ee84bef6.jpg,https://i.lezzet.com.tr/images-xxlarge-secondary/siyah-sarimsak-neye-iyi-gelir-nasil-kullanilir-7af0736c-e65c-4c2f-9367-5de0ee84bef6.jpg,200,,Gökkya K. (2023). Siyah Sarımsak [Fotoğraf]. https://i.lezzet.com.tr/images-xxlarge-secondary/siyah-sarimsak-neye-iyi-gelir-nasil-kullanilir-7af0736c-e65c-4c2f-9367-5de0ee84bef6.jpg
6109,1383941,25890794,url_web,strong,live_url_verified,1.0,https://kazanci.com.tr/,https://kazanci.com.tr/,200,KAZANCI HUKUK OTOMASYON – Kazancı Elektronik ve Basılı Yayımcılık A.Ş.,https://kazanci.com.tr/
6160,1231734,19340216,url_web,strong,live_url_verified,1.0,https://www.asianjde.com/ojs/index.php/AsianJDE/article/view/718,https://www.asianjde.com/ojs/index.php/AsianJDE/article/view/718,200,"Generative artificial intelligence (AI) powered conversational educational agents: The inevitable paradigm shift
							| Asian Journal of Distance Education","Bozkurt, A. (2023). Generative artificial intelligence (AI) powered conversational educational agents: The inevitable paradigm shift. Asian Journal of Distance Education, 18(1). Retrieved from https://www.asianjde.com/ojs/index.php/AsianJDE/article/view/718"
6201,1271147,21101999,url_web,strong,live_url_verified,1.0,http://www.esam.org.tr/,http://www.esam.org.tr/,200,ESAM | Ekonomik ve Sosyal AraÅtÄ±rmalar Merkezi,"Ersoy, A. (2008). Islah ve ifsat medeniyetinin temeli. ESAM: http://www.esam.org.tr/ adresinden (24.04.2021) alındı."
6207,1294961,22130278,url_web,no_match,url_dead_and_not_archived,0.0,https://www.investing.com/commodities/ussoybeans,,403,,"Investing.com, 2023. ABD Soya Fasülyesi Endeks Verileri. https://www.investing.com/commodities/us soybeans, Accessed 26.02.2023."
6209,1250757,20779436,report_policy_legal,no_match,url_dead_and_not_archived,0.0,https://www.billboard.com/wp-content/uploads/2022/03/march-22-2022-billboardbulletin.pdf,,404,,"Smirke, R. (2022, 22 Mart). IFPI global report 2022: Music revenues rise for seventh straight year to $25.9B [PDF belgesi]. Erişim adresi: https://www.billboard.com/wp-content/uploads/2022/03/march-22-2022-billboardbulletin. pdf"
6210,1250757,20779442,url_web,no_match,url_dead_and_not_archived,0.0,https://newzoo.com/insights/articles/the-games-market-in-2021-the-year-in-numbers-esports-cloudgaming,,403,,"Wijman, T. (2021, 22 Aralık). The games market and beyond in 2021: the year in numbers [Blog yazısı]. Erişim adresi: https://newzoo.com/insights/articles/the-games-market-in-2021-the-year-in-numbers-esports-cloudgaming"
6215,1280435,21441638,url_web,strong,live_url_verified,1.0,https://chp.org.tr/haberler/fethi-acikel-hemsirelerimiz-arasinda-da-beyin-gocu-yayginlasiyor,https://chp.org.tr/haberler/fethi-acikel-hemsirelerimiz-arasinda-da-beyin-gocu-yayginlasiyor,200,Fethi Açıkel: Hemşirelerimiz Arasında da Beyin Göçü Yaygınlaşıyor -  Cumhuriyet Halk Partisi,"CHP. (2022, 05 12). Fethi Açıkel: Hemşirelerimiz Arasında da Beyin Göçü Yaygınlaşıyor. 15 Aralık 2023’de https://chp.org.tr/haberler/fethi-acikel-hemsirelerimiz-arasinda-da-beyin-gocu-yayginlasiyor adresinden alındı."
6223,1186341,17540892,report_policy_legal,strong,live_url_verified,1.0,https://databank.worldbank.org/source/world-development-indicators,https://databank.worldbank.org/source/world-development-indicators,200,World Development Indicators | DataBank,The World Bank. (2022). DataBank - World development indicators. 15 Ekim 2022 tarihinde https://databank.worldbank.org/source/world-development-indicators adresinden erişildi.
6224,1186341,17540895,report_policy_legal,strong,live_url_verified,1.0,https://data.tuik.gov.tr/Kategori/GetKategori?p=dis-ticaret-104&dil=1,https://veriportali.tuik.gov.tr/Kategori/GetKategori?p=dis-ticaret-104&dil=1,200,,"Türkiye İstatistik Kurumu. (2020). Dış ticaret istatistikleri, Aralık 2019. 25 Eylül 2022 tarihinde https://data.tuik.gov.tr/Kategori/GetKategori?p=dis-ticaret-104&dil=1 adresinden erişildi."
6231,1336446,24079981,url_web,no_match,url_dead_and_not_archived,0.0,https://moiti.uz/oz,,404,,"Mahalla va Oila İlmiy-Tadqiqot İnstituti. 07 Eylül 2024, https://moiti.uz/oz."
6241,1224145,18924121,url_web,no_match,url_dead_and_not_archived,0.0,https://dergipark.org.tr/en/(Accessed21.09.2023,,404,,DergiPark (2021) DergiPark. https://dergipark.org.tr/en/ (Accessed21.09.2023)
6249,1213468,18842867,url_web,no_match,url_dead_and_not_archived,0.0,https://cran.r-project.org.(R,,,,R Core Team (2021). R: A Language and Environment for Statistical Computing. (Version 4.1) [Computer software]. Retrieved from https://cran.r-project.org. (R packages retrieved from MRAN snapshot 2022-01-01).
6305,1267315,20795812,url_web,strong,live_url_verified,1.0,http://www.iso500.org.tr/iso-500-dergiler,http://www.iso500.org.tr/iso-500-dergiler,200,ISO 500 Birinci Dergi Listesi,İSO (2014) “Üretim Faaliyeti Dışı Gelirler” Birinci 500 Dergileri. http://www.iso500.org.tr/iso-500-dergiler Erişim Tarihi: 9 Ekim 2022.
6311,1350129,24617958,url_web,no_match,no_url_found,0.0,,,,,Copenhagen Municipality (2023). Carbon Neutral Strategy 2025. Https://Www.Kk.Dk/En/Copenhagen-Carbon-Neutral-2025
6348,1373603,25562168,report_policy_legal,no_match,url_dead_and_not_archived,0.0,https://www.who.int/teSGS/environment-climate-change-and-health/emergencies,,404,,"World Health Organization. (2002). Environmental health in emergencies and disasters: a practical guide. (Ed: Wisner, B. Ve AdSGS, J.) https://www.who.int/teSGS/environment-climate-change-and-health/emergencies"
6355,1340473,24214259,url_web,strong,live_url_verified,1.0,https://psikiyatri.org.tr/uploadFiles/1452024132746-TPDPsikiyatriiMeslekEtigiIlkeveKurallariGK-onayi14052024.pdf,https://psikiyatri.org.tr/uploadFiles/1452024132746-TPDPsikiyatriiMeslekEtigiIlkeveKurallariGK-onayi14052024.pdf,200,,Türkiye Psikiyatri Derneği (2024) Türkiye Psikiyatri Derneği Psikiyatri Meslek Etiği İlke ve Kuralları. 17.08.2024 tarihinde https://psikiyatri.org.tr/uploadFiles/1452024132746-TPDPsikiyatriiMeslekEtigiIlkeveKurallariGK-onayi14052024.pdf adresinden erişildi.
6367,1313925,23863316,url_web,strong,live_url_verified,1.0,https://fictionphile.com/legend-of-zelda-ocarina-of-time-best-zelda-game/,https://fictionphile.com/legend-of-zelda-ocarina-of-time-best-zelda-game/,200,9 Reasons Legend of Zelda: Ocarina of Time is the Series' Best,Figure 2. https://fictionphile.com/legend-of-zelda-ocarina-of-time-best-zelda-game/
6368,1313925,23863318,url_web,no_match,url_dead_and_not_archived,0.0,https://aminoapps.com/c/zelda/page/blog/confusing-rito-mural-in-castle-town-tphd/BQot_wujeRVvwkQlBbkQ2ojR6d350B,,,,Figure 4. https://aminoapps.com/c/zelda/page/blog/confusing-rito-mural-in-castle- town-tphd/BQot_wujeRVvwkQlBbkQ2ojR6d350B
6411,1308146,22685404,report_policy_legal,no_match,url_dead_and_not_archived,0.0,"https://www.tobb.org.tr/Documents/yayinlar/kanun-mevzuat-yonetmelik/turk_tic_kan_kitap_cilt_01.pdf,E.T",,404,,"Türk Ticaret Kanunu Genel Gerekçe, https://www.tobb.org.tr/Documents/yayinlar/kanun-mevzuat-yonetmelik/turk_tic_kan_kitap_cilt_01.pdf, E.T. 12.09.2023."
6412,1287330,22291779,url_web,no_match,no_url_found,0.0,,,,,‘France National Assembly June 2022 | Election Results | France’ (IPU Parline: global data on national parliaments) accessed 30 October 2024
6414,1287330,22291793,url_web,no_match,no_url_found,0.0,,,,,‘Les Chefs Du Gouvernement Depuis La IIIème République’ (Site du Premier ministre - portail du Gouvernement français) accessed 26 September 2024
6415,1287330,22291803,url_web,no_match,no_url_found,0.0,,,,,"‘Réforme Des Retraites (PLFRSS Pour 2023) : Rejet de Deux Motions de Censure et Adoption Du Texte (Lecture CMP)’ (Assemblée nationale) accessed 15 October 2024 Rogoff MA, French Constitutional Law: Cases and Materials (2nd edn, Carolina Academic Press 2014)"
6420,1290794,22971422,url_web,strong,live_url_verified,1.0,https://www.sbb.gov.tr/kamu-istihdami/,https://www.sbb.gov.tr/kamu-istihdami/,200,Kamu İstihdamı - T.C. Cumhurbaşkanlığı Strateji ve Bütçe Başkanlığı - SBB,"Türkiye Cumhuriyeti Cumhurbaşkanlığı Strateji ve Bütçe Başkanlığı (2023), Kamu sektörü istihdam sayıları 2023, Erişim Tarihi: https://www.sbb.gov.tr/kamu-istihdami/, Erişim Tarihi: 31.03.2023."
6430,1318503,24019033,url_web,strong,live_url_verified,1.0,https://www.ceicdata.com/en/indicator/macedonia/annual-household-income-,https://www.ceicdata.com/en/indicators,200,Indicators,40. www.ceicdata.com/en/indicator/macedonia/annual-household-income- per-capital
6439,1217823,18685428,url_web,no_match,no_url_found,0.0,,,,,"Bayık, Hacera - Bedirhanoğlu, İdris. “Tarihi Yapılarda Kullanılan Doğal Taşlarda Bozunmalar.” Farklı Yaklaşımlarla Madenler Ve Değerli Taşlar, 495–511. Https://Www.Researchgate.Net/Publication/366634359"
6447,1222158,18855096,url_web,strong,live_url_verified,1.0,https://www.usgs.gov/landsat-missions/landsat-satellite-missions,https://www.usgs.gov/landsat-missions/landsat-satellite-missions,200,Landsat Satellite Missions | U.S. Geological Survey,"30. https://www.usgs.gov/landsat-missions/landsat-satellite-missions, Erişim Tarihi: 12.12.2022, Konu: Landsat Satellite Missions."
6498,1266852,21272457,url_web,no_match,url_dead_and_not_archived,0.0,https://www.icn.ch/news/icn-calls-data-healthcare-worker-infection-rates-and-deaths.(Erişim,,404,,25. Uluslararası Hemşirelik Konseyi (ICN) . (2020). Erişim adresi: https://www.icn.ch/news/icn-calls-data-healthcare-worker-infection-rates-and-deaths. (Erişim tarihi: 13.09.2023).
6504,1197314,17740977,url_web,strong,live_url_verified,1.0,https://www.sozcu.com.tr/2022/gunun-icinden/basibos-kopek-surusu-evine-giden-adama-saldirdi-6941445/,https://www.sozcu.com.tr/basibos-kopek-surusu-evine-giden-adama-saldirdi-wp6941445,200,"Başıboş köpek sürüsü, evine giden adama saldırdı! - Sözcü",Sözcü (2022). “Başıboş köpek sürüsü evine giden adama saldırdı!”. Sözcü. https://www.sozcu.com.tr/2022/gunun-icinden/basibos-kopek-surusu-evine-giden-adama-saldirdi-6941445/. Erişim tarihi: 23.09.2022.
6506,1288601,22435305,report_policy_legal,no_match,url_dead_and_not_archived,0.0,https://www.ab.gov.tr/ilerleme-raporlari_46224.html(Son,,404,,T.C. Dışişleri Bakanlığı AB Başkanlığı. Avrupa Komisyonu Tarafından Hazırlanan Türkiye Raporları (2023). https://www.ab.gov.tr/ilerleme-raporlari_46224.html (Son erişim tarihi: 01.10.2024).
6551,1325130,23599825,url_web,no_match,url_dead_and_not_archived,0.0,https://hasuder.org.tr/tehdit-olusturan-guncel-sars-cov-2-varyantlari/,,404,,HASUDER. Tehdit oluşturan güncel SARS-CoV-2 varyantları. Available from: https://hasuder.org.tr/tehdit-olusturan-guncel-sars-cov-2-varyantlari/. Accessed: 1 Sep 2021.
6562,1314724,23872988,url_web,strong,live_url_verified,1.0,https://gemini.google.com/app,https://gemini.google.com/app,200,,31. Gemini [Internet]. Available from: https://gemini. google.com/app
6566,1200169,17903607,url_web,strong,live_url_verified,1.0,https://www.fao.org/faostat/en/#data.Access,https://www.fao.org/faostat/en/#data.Access,200,FAOSTAT,"FAO, (2022). Food and agriculture data. https://www.fao.org/faostat/en/#data. Access date: 29.09.2022."
6597,1323437,24391220,url_web,no_match,url_dead_and_not_archived,0.0,https://staatsbibliothek-berlin.de/die-staatsbibliothek/abteilungen/orient/recherche-und-ressourcen/handschriften/kataloge(erişim,,404,,https://staatsbibliothek-berlin.de/die-staatsbibliothek/abteilungen/orient/recherche-und-ressourcen/handschriften/kataloge (erişim tar. 03.03.2025).
6622,1365421,25488662,url_web,strong,live_url_verified,1.0,https://www.statista.com/statistics/262886/illiteracy-rates-by-world-regions/(Son,https://www.statista.com/statistics/262886/illiteracy-rates-by-world-regions/,200,Illiteracy rates by world region  | Statista,http- 9 https://www.statista.com/statistics/262886/illiteracy-rates-by-world-regions/ (Son Erişim Tarihi: 12.12.2024)
6623,1365421,25488668,url_web,no_match,url_dead_and_not_archived,0.0,https://thepadproject.org(Son,,,,http- 14 https://thepadproject.org (Son Erişim Tarihi: 02.02.2025)
6628,1339820,24189542,url_web,no_match,url_dead_and_not_archived,0.0,http://www.cefe.illinois.edu/images/CV_Lyons_091515.pdfsayfasından,,,,"Lyons, A. C., Scherpf, E., & Roberts, H. (2006). Financial education and communication between parents and children. The Journal of Consumer Education, 23, 64-76. http://www.cefe.illinois.edu/images/CV_Lyons_091515.pdf sayfasından erişilmiştir."
6630,1339820,24189555,url_web,no_match,url_dead_and_not_archived,0.0,https://eric.ed.gov/?id=EJ889143sayfasından,,,,"Rotherham, A. J. & Willingham, D. T. (2010). 21st-century skills. American Educator, 34, 17-20. https://eric.ed.gov/?id=EJ889143 sayfasından erişilmiştir."
6649,1252831,20198758,url_web,no_match,url_dead_and_not_archived,0.0,"https://www.resmigazete.gov.tr/eskiler/2013/07/20130724-24.htm,(09.05.2023",,404,,"Elle Taşıma İşleri Yönetmeliği, https://www.resmigazete.gov.tr/eskiler/2013/07/20130724-24.htm, (09.05.2023)."
6672,1253537,20231305,report_policy_legal,no_match,url_dead_and_not_archived,0.0,https://www.oecd-ilibrary.org/sites/1d0bc92aen/1/2/6/index.html?itemId=/content/publication/1d0bc92a-en&_csp_=1418ec5a16ddb9919c5bc207486a271c&itemIGO=oecd&itemContentType=book,,403,,OECD (2019). TALIS 2018 results (Volume 1). Retrieved from https://www.oecd-ilibrary.org/sites/1d0bc92a en/1/2/6/index.html?itemId=/content/publication/1d0bc92a-en&_csp_=1418ec5a16ddb9919c5bc207486a271c&itemIGO=oecd&itemContentType=book.
6682,1201790,18115229,url_web,strong,live_url_verified,1.0,https://www.ttb.org.tr/,https://www.ttb.org.tr/,200,TTB | Türk Tabipleri Birliği,11. Türk Tabipleri Birliği [in Turkish]. Available from: https://www.ttb.org.tr/
6701,1154257,16132077,url_web,no_match,url_dead_and_not_archived,0.0,https://ipactive.com.au/technology-readiness-and-ip-protection(Erişim,,404,,IPACTIVE (2019). Technology Readiness And IP Protection. https://ipactive.com.au/technology-readiness-and-ip-protection (Erişim 27.06.2022).
6734,1280281,21515761,url_web,strong,live_url_verified,1.0,http://www.faruklevent.com/dosyalar/ustun-yetenekliler-oneriler.pdf,http://www.faruklevent.com/dosyalar/ustun-yetenekliler-oneriler.pdf,200,,"Levent, F., & Bakioglu, A. (2013). Üstün yeteneklilerin eğitiminde Türkiye için öneriler (Suggestions for gifted education in Turkey). Journal of Gifted Education Research, 1(1), 31-44. http://www.faruklevent.com/dosyalar/ustun-yetenekliler-oneriler.pdf"
6735,1299415,22337496,url_web,strong,live_url_verified,1.0,https://www.jewishvirtuallibrary.org/amorites,https://jewishvirtuallibrary.org/amorites,200,Amorites,"JVL, Jewish Virtual Library. “Amorites”. Erişim 22 Şubat 2024. https.//www.jewishvirtuallibrary.org/amorites"
6744,1162328,16124095,url_web,no_match,no_url_found,0.0,,,,,"Zischka, A. (1935). Gizli Harpler. H. Varoğlu (Çev.). İstanbul: Vakit Gazete-Matbaa-Kütüphane."
6754,1209491,18338280,url_web,no_match,url_dead_and_not_archived,0.0,https://www.bbc.co.uk/bitesize/guides/zkjw7p3/revision/1(Access,,404,,Bhangra music - Punjabi Bhangra music - OCR - GCSE Music Revision - OCR. (n.d.). BBC Bitesize. https://www.bbc.co.uk/bitesize/guides/zkjw7p3/revision/1 (Access Date: 28.03.2023).
6756,1236334,19543242,url_web,no_match,url_dead_and_not_archived,0.0,https://www.nytimes.com/1968/03/10/archives/the-second-feminist-wave.html,,403,,"Lear, M. W. (1968, 10 Mart). “The Second Feminist Wave”. The New York Times. (04.11.2023). https://www.nytimes.com/1968/03/10/archives/the-second-feminist-wave.html"
6757,1236334,19543262,url_web,strong,live_url_verified,1.0,https://www.museumofplay.org/blog/a-vote-for-barbie/,https://www.museumofplay.org/blog/a-vote-for-barbie/,200,A Vote for Barbie - The Strong National Museum of Play,"Parnett-Dwyer, M. (2021, 19 Ağustos). “A Vote for Barbie”. (06.11.2023). https://www.museumofplay.org/blog/a-vote-for-barbie/"
6763,1182261,16993281,url_web,strong,live_url_verified,1.0,https://www.arkiv.com.tr/proje/salt-beyoglu-kisbahcesi-ve-ofisler/10381,https://www.arkiv.com.tr/proje/salt-beyoglu-kisbahcesi-ve-ofisler/10381,200,SALT Beyoğlu Kışbahçesi ve Ofisler,Arkiv. (t.y.). Salt Beyoğlu Kış Bahçesi ve Ofisler. https://www.arkiv.com.tr/proje/salt-beyoglu-kisbahcesi-ve-ofisler/10381
6775,1201249,18202983,url_web,strong,live_url_verified,1.0,https://www.espn.com/soccer/south-africa/story/3168201/africas-tragic-record-of-stadium-disasters,https://www.espn.com/soccer/south-africa/story/3168201/africas-tragic-record-of-stadium-disasters,202,,ESPN (2017). Africa's tragic record of stadium disasters. (https://www.espn.com/soccer/south- africa/story/3168201/africas-tragic-record-of-stadium-disasters). (Son Erişim: 12.02.2023).
6805,1252919,20202562,url_web,strong,live_url_verified,1.0,https://assetstore.unity.com/2d,https://assetstore.unity.com/2d,200,2D | Unity Asset Store,Unity. (2021). Asset store 2D. https://assetstore.unity.com/2d
6827,1306794,22631397,url_web,strong,live_url_verified,1.0,https://ccpi.org/download/climate-change-performance-index-2022/,https://ccpi.org/download/climate-change-performance-index-2022/,200,Climate Change Performance Index 2022 | Climate Change Performance Index,"Burck, J., Uhlich, T., Bals, C., Höhne, N., Nascimento, L., Tavares, M. and Strietzel, E. (2022). Climate change performance index (CCPI Results 2022). Retrieved from https://ccpi.org/download/climate-change-performance-index-2022/"
6868,1169806,16440404,url_web,no_match,url_dead_and_not_archived,0.0,https://sagligim.gov.tr/ruh-sagligi/cocuk-istismari-ve-ihmali.html,,404,,HSGM [Halk Sağlığı Genel Müdürlüğü] (2021). Çocuk sağlığı ve istismarı. https://sagligim.gov.tr/ruh-sagligi/cocuk-istismari-ve-ihmali.html.
6870,1353638,24751519,url_web,no_match,url_dead_and_not_archived,0.0,https://www.akparti.org.tr.(Erişim,,,,Adalet ve Kalkınma Partisi (AK Parti). (2018). Seçim beyannamesi. https://www.akparti.org.tr. (Erişim Tarihi: 14.03.2022).
6876,1311398,22818513,url_web,no_match,url_dead_and_not_archived,0.0,https://www.riesistenza.com/wp-content/uploads/2023/04/build-better-brics.pdf,,,,"O'Neill, J. (2001). Building Better Global Economic BRICs (Vol. 66, pp. 1-16). New York: Goldman Sachs. https://www.riesistenza.com/wp-content/uploads/2023/04/build-better-brics.pdf"
6877,1181390,16946653,url_web,strong,live_url_verified,1.0,http://dergi.adu.edu.tr/egitimbilimleri/,https://dergi.adu.edu.tr/egitimbilimleri/,200,Adnan Menderes Üniversitesi Eğitim Fakültesi - Eğitim Bilimleri Dergisi,"Kayhan, E., Altun, S., ve Gürol, M. (2019). Sekizinci sınıf Türkçe öğretim programı (2018)’nın 21. Yüzyıl becerileri açısından değerlendirilmesi. Adnan Menderes Üniversitesi Eğitim Fakültesi, Eğitim Bilimleri Dergisi, 10(2), 20-35. http://dergi.adu.edu.tr/egitimbilimleri/"
6911,1307885,22673155,url_web,strong,live_url_verified,1.0,https://archive.org/details/factoranalysis0000gors_l0r1,https://archive.org/details/factoranalysis0000gors_l0r1,200,"Factor analysis : Gorsuch, Richard L : Free Download, Borrow, and Streaming : Internet Archive","Gorsuch, R. L. (1983). Factor analysis. Lawrence Erlbaum Associates. https://archive.org/details/factoranalysis0000gors_l0r1"
6929,1308808,24802621,url_web,no_match,url_dead_and_not_archived,0.0,https://web.archive.org/web/20240614185344/https://www.radiofarda.com/a/iranian-parliament-member-criticizes-government-s-behavior-towards-,,,,"Radio Farda. (2022, 23 Aralık). Pezeşkiyan, milletvekilleri: Anayasa yazdık ama farklı davranıyoruz. Archive. https://web.archive.org/web/20240614185344/https://www.radiofarda.com/a/ira nian-parliament-member-criticizes-government-s-behavior-towards- protesters/32191124.html"
6951,1248411,20001394,url_web,no_match,no_url_found,0.0,,,,,"Sürur, Ahmet Fethi. Erişim 26 Ocak 2024. htttps://ar.wikipedia.org."
6977,1278982,21351015,thesis,strong,live_url_verified,1.0,https://tez.yok.gov.tr/UlusalTezMerkezi/tezSorguSonucYeni.jsp,https://tez.yok.gov.tr/UlusalTezMerkezi/tezSorguSonucYeni.jsp,200,,"Zeyneloğlu, S. (2008). Attitudes of nursing students enrolled at university in Ankara towards gender roles (Publication No. 224217) [Master’s thesis, Hacettepe University] https://tez.yok.gov.tr/UlusalTezMerkezi/tezSorguSonucYeni.jsp"
7008,1367377,25334992,url_web,strong,live_url_verified,1.0,https://adf-magazine.com/2024/10/mnjtf-operation-aims-to-restore-sanity-to-lake-chad-basin/,https://adf-magazine.com/2024/10/mnjtf-operation-aims-to-restore-sanity-to-lake-chad-basin/,200,MNJTF Operation Aims to Restore ‘Sanity’ to Lake Chad Basin - Africa Defense Forum,"Africa Defense Forum (2024). “MNJTF Operation Aims to Restore ‘Sanity’ to Lake Chad Basin”, https://adf-magazine.com/2024/10/mnjtf-operation-aims-to-restore-sanity-to-lake-chad-basin/, erişim 18.04.2025."
7009,1367377,25335005,url_web,no_match,url_dead_and_not_archived,0.0,https://www.reuters.com/article/world/boko-haram-talks-in-doubt-as-mediator-quitsidUSBRE82H09M/,,401,,"BROCK Joe ve SOTUNDE Afolabi (2012). “Boko Haram talks in doubt as mediator quits”, Reuters, https://www.reuters.com/article/world/boko-haram-talks-in-doubt-as-mediator-quitsidUSBRE82H09M/, erişim 20.04.2025."
7021,1303428,22512100,url_web,strong,live_url_verified,1.0,https://www.kaggle.com/datasets/fedesoriano/stroke-predictiondataset,https://www.kaggle.com/datasets/fedesoriano/stroke-predictiondataset,200,Tarayıcınız kontrol ediliyor - reCAPTCHA,Federisino (2021). Stroke prediction dataset [Data set]. Kaggle. https://www.kaggle.com/datasets/fedesoriano/stroke-prediction dataset
7023,1331701,23886806,url_web,strong,live_url_verified,1.0,https://ec.europa.eu/eurostat/statistics-explained/index.php/Social_protection_statistics_-_background,https://ec.europa.eu/eurostat/statistics-explained/index.php?title=Main_Page,200,Statistics Explained - Eurostat,"EUROSTAT. (2023). Sosyal Koruma İstatistikleri-Arka Plan. Erişim tarihi: https://ec.europa.eu/eurostat/statistics-explained/index.php/Social_protection_statistics_-_background, Erişim Tarihi 10.11.2024"
7083,1224939,19368479,report_policy_legal,strong,live_url_verified,1.0,https://data.tuik.gov.tr/Kategori/GetKategori?p=tarim-111&dil=1(Access,https://veriportali.tuik.gov.tr/Kategori/GetKategori?p=tarim-111&dil=1(Access,200,,"Anonymous (2020). TUIK, Crop production statistics. https://data.tuik.gov.tr/Kategori/GetKategori?p=tarim-111&dil=1 (Access date : 01.03.2021)"
7086,1273070,21071192,thesis,strong,live_url_verified,1.0,https://www.proquest.com/docview/1312339146,https://www.proquest.com/docview/1312339146,200,Teacher burnout and its relationships with - ProQuest,"Lynn. S J. (2013). Teacher burnout and its relationships with academic optimism, teacher socialization, and teacher cohesiveness (Doctoral dissertation). Fordham University, ProQuest. https://www.proquest.com/docview/1312339146"
7088,1326748,23663344,url_web,no_match,url_dead_and_not_archived,0.0,https://izmir.afad.gov.tr/kurumlar/izmir.afad/E-KUTUPHANE/Il-Planlari/IRAP_Izmir-2025.pdf](https://izmir.afad.gov.tr/kurumlar/izmir.afad/E-KUTUPHANE/Il-Planlari/IRAP_Izmir-2025.pdf,,404,,"AFAD, (2025). *IRAP İl Afet Risk Azaltma Planı 2025*. AFAD - T.C. İzmir Valiliği İl Afet ve Acil Durum Müdürlüğü, İzmir, Türkiye. Erişim Adresi: [https://izmir.afad.gov.tr/kurumlar/izmir.afad/E-KUTUPHANE/Il-Planlari/IRAP_Izmir-2025.pdf](https://izmir.afad.gov.tr/kurumlar/izmir.afad/E-KUTUPHANE/Il-Planlari/IRAP_Izmir-2025.pdf). Erişim Tarihi: 10.04.2025."
7101,1191526,17428192,url_web,strong,live_url_verified,1.0,https://en.unesco.org/covid19/education,https://www.unesco.org/ar/covid-19,200,التعافي من كوفيد-19 | UNESCO,"UNESCO (2020b, Aralık). COVID-19 Educational disruption and response. https://en.unesco.org /covid19/education response (Erişim Tarihi: 10/02/2022)"
7146,1352927,24721858,url_web,no_match,url_dead_and_not_archived,0.0,https://trumpwhitehouse.archives.gov/briefstrfings-statements/remarks-president-trump-72nd-session-united-nations-general-assembly/,,404,,"“Remarks by President Trump to the 72nd Session of the United Nations General Assembly.” White House Archives. September 19, 2017. Accessed date January 23, 2022. https://trumpwhitehouse.archives.gov/briefstrfings-statements/remarks-president-trump-72nd-session-united-nations-general-assembly/."
7165,1216054,18985798,url_web,strong,live_url_verified,1.0,https://www.aa.com.tr/tr/gundem/kahramanmaras-merkezli-depremlerin-ardindan-38-bin-artci-sarsinti-yasandi/2906348,https://www.aa.com.tr/tr/gundem/kahramanmaras-merkezli-depremlerin-ardindan-38-bin-artci-sarsinti-yasandi/2906348,200,,[12] https://www.aa.com.tr/tr/gundem/ kahramanmaras-merkezli-depremlerin-ardindan-38-bin-artci-sarsinti-yasandi/2906348 (Access date: 13.07.2023). (web site)
7166,1216054,18985805,url_web,no_match,url_dead_and_not_archived,0.0,http://finance.sina.com.cn/chanjing/b/20101008/14318747248.shtml(Access,,404,,"[19] Zhang, N., The Frequent Wind Turbine Fire and Collapse Accidents Rasing Concerns. http://finance.sina.com.cn/chanjing/b/20101008/14318747248.shtml (Access date: 05.04.2022). (web site)"
7172,1271221,20986084,url_web,no_match,url_dead_and_not_archived,0.0,https://orsam.org.tr//d_hbanaliz/201518_rapor195tur.pdf,,404,,"Orhan, O., & Gündoğar, S. S. (2015). Suriyeli sığınmacıların Türkiye’ye etkileri. Ortadoğu Stratejik Araştırmalar merkezi (ORSAM). https://orsam.org.tr//d_hbanaliz/201518_rapor195tur.pdf"
7174,1256411,20358590,url_web,no_match,url_dead_and_not_archived,0.0,https://www.tarimorman.gov.tr/TAGEM/Belgeler/yayin/Tar%C4%B1msal%20Mekanizasyon%20Sekt%C3%B6r%20Po,,404,,"TAGEM, 2018. Tarımsal Mekanizasyon Sektör Politika Belgesi 2018-2022. https://www.tarimorman.gov.tr/TAGEM/Belgeler/yayin/Tar %C4%B1msal%20Mekanizasyon%20Sekt%C3%B6r%20Po litika%20Belgesi%202018-2022.pdf. Erişim Tarihi: 10.05.2023."
7223,1319736,23360936,url_web,no_match,no_url_found,0.0,,,,,"United Nations, “UNODC and IOC: Strengthening integrity and good governance in sport”, Office on Drugs and Crime, 2017 (Çevrimiçi) UNODC and IOC: Strengthening integrity and good governance in sport. (Erişim Tarihi: 08/08/2024)."
7225,1319736,23360955,url_web,no_match,no_url_found,0.0,,,,,"Türkiye Cumhuriyeti Anayasası, Türkiye Cumhuriyeti Anayasası (icisleri.gov.tr) (Erişim Tarihi: 30.09.2024)."
7253,1326196,23641161,url_web,no_match,url_dead_and_not_archived,0.0,https://iranpistachio.org/en/images/stat/ARCHIVE/Analytic__Comparative_Data/4_Iran_US_Annual_Pistachio_Production_Comparison.pdf,,404,,"IPA., 2024, Iran Pistachio Association, URL: https://iranpistachio.org/en/images/stat/ ARCHIVE/Analytic__Comparative_Data/4_Iran_US_Annual_Pistachio_Production_Comparison.pdf (erişim tarihi 22.02.2024)"
7256,1222527,19224064,url_web,no_match,url_dead_and_not_archived,0.0,https://www.dhl.com/discover/en-global/business/business-ethics/parcelcopter-drone-technology,,,,"DHL. (2014). DHL Drone Delivery And Parcelcopter Technology | Discover DHL. Retrieved December 10, 2022, from https://www.dhl.com/discover/en-global/business/business- ethics/parcelcopter-drone-technology"
7264,1192898,17519458,url_web,no_match,url_dead_and_not_archived,0.0,"https://turkoloji.cu.edu.tr/HALKBILIM/galina.pdf,(Erişim",,404,,"Galina, S. (2006). Geçiş ritüellerindeki benzerlikler. (akt.: Kalmamat Kulamşayev). https://turkoloji.cu.edu.tr/HALKBILIM/galina.pdf, (Erişim: 07.06.2021)."
7310,1231182,19812541,url_web,strong,live_url_verified,1.0,https://www.bankrate.com/real-estate/types-of-houses/,https://www.bankrate.com/mortgages/types-of-houses/,200,Common Types Of Houses And Home Styles | Bankrate,"Anonymous (2023c). Web Sitesi: https://www.bankrate.com/real-estate/types-of-houses/, Erişim Tarihi: 01.05.2023"
7311,1231182,19812544,url_web,strong,live_url_verified,1.0,https://www.huduser.gov/periodicals/ushmc/summer2000/summary-2.html,https://www.huduser.gov/periodicals/ushmc/summer2000/summary-2.html,200,Summary,"Anonymous (2023f). Web Sitesi: https://www.huduser.gov/periodicals/ushmc/summer2000/summary-2.html, Erişim Tarihi: 01.05.2023"
7337,1302783,22487426,url_web,strong,live_url_verified,1.0,https://www.youtube.com/watch?v=PqLiEo3baMc,https://www.youtube.com/watch?v=PqLiEo3baMc,200,,"Tsing, A. L. (2021). The Particular in the Planetary: Reimagining Cosmopolitanism Beyond the Human [Konferans konuşması]. Istanbul Unbound: Environmental Approaches to the City. YouTube. https://www.youtube.com/watch?v=PqLiEo3baMc"
7353,1181330,16941127,url_web,no_match,no_url_found,0.0,,,,,"Uz, V.E., Karaşahin, M. (2004). Kentiçi Ulaşımda Bisiklet, Türkiye Mühendislik Haberleri, Kentiçi Ulaşım, Sayı: 429, 41-46."
7361,1213456,18842436,url_web,strong,live_url_verified,1.0,https://sozluk.gov.tr/,https://sozluk.gov.tr/,200,Türk Dil Kurumu Sözlükleri,"Türk Dil Kurumu (2023). https://sozluk.gov.tr/, Erişim tarihi: 26 Mayıs 2023."
7379,1289532,22795490,report_policy_legal,strong,live_url_verified,1.0,https://sgp.fas.org/crs/row/RS22409.pdf,https://sgp.fas.org/crs/row/RS22409.pdf,202,,"GALLIS Paul (2007). “NATO and Energy Security”, CRS Report for Congress, RS22409, https://sgp.fas.org/ crs/row/RS22409.pdf, erişim 23.02.2024."
7380,1289532,22795495,url_web,strong,live_url_verified,1.0,https://www.nato.int/cps/en/natolive/official_texts_23847.htm,https://www.nato.int/en/about-us/official-texts-and-resources/official-texts/1991/11/08/the-alliances-new-strategic-concept-1991,200,The Alliance's New Strategic Concept (1991) | NATO Official text,"NATO (1991). “The Alliance’s New Strategic Concept”, https://www.nato.int/cps/en/natolive/official_ texts_23847.htm, erişim 15.11.2023."
7407,1310829,23783556,url_web,no_match,url_dead_and_not_archived,0.0,https://github.com/aptech/tspdlib(Erişim,,404,,"Nazlioğlu, S. (2021). TSPDLIB: GAUSS Time Series And Panel Data Methods (Version 2.0). Source Code. https://github.com/aptech/tspdlib (Erişim: 20.11.2023)."
7425,1199131,17908611,url_web,no_match,no_url_found,0.0,,,,,"Aydoğan, A. ve Geray, H. (2010). Televizyon Haberciliğinde Etik. [(der). Bülent Çaplı ve Hakan Tuncel (içinde), “Yeni İletişim Teknolojileri ve Etik”, 305-321]. Ankara: Fersa Matbaacılık."
7427,1199131,17908700,url_web,no_match,url_dead_and_not_archived,0.0,https://www.voaturkce.com/a/a-17-a-2004-09-27-21-1-87957032/828610.html[Erişim,,404,,(http-34):https://www.voaturkce.com/a/a-17-a-2004-09-27-21-1-87957032/828610.html [Erişim Tarihi: 25.05.2023]
7471,1272450,21270071,url_web,no_match,url_dead_and_not_archived,0.0,https://arastirmax.com/en/system/files/dergiler/79201/makaleler/6/2/arastrmx_79201_6_pp_1169-1185.pdf,,,,"Korkmaz, Ö., & Altun, H. (2013). Mühendislik ve BÖTE öğrencilerinin bilgisayar programlama öğrenmeye dönük tutumları. The Journal of Academik Social Science Studies, 6(2), 1169-1185. Erişim adresi https://arastirmax.com/en/system/files/dergiler/79201/makaleler/6/2/arastrmx_79201_6_pp_1169- 1185.pdf"
7483,1228352,19157278,url_web,strong,live_url_verified,1.0,https://www.parents.com/fun/activities/hopscotch,https://www.parents.com/fun/activities/hopscotch/,200,Hop Scotch: Basic Rules and Six Variations,"Bellomo, R. O. (2023). How to play hopscotch with your kids. https://www.parents.com/fun/activities/hopscotch"
7486,1242554,20449217,url_web,no_match,url_dead_and_not_archived,0.0,http://nek.istanbul.edu.tr:4444/ekos/FOTOGRAF/90434---0004.jpg)(Erişim,,404,,(http://nek.istanbul.edu.tr:4444/ekos/FOTOGRAF/90434---0004.jpg) (Erişim tarihi: 5 Nisan 2024)
7525,1183032,17022403,url_web,strong,live_url_verified,1.0,https://aiethicslab.com/An,https://aiethicslab.com/analysis/,200,AI ETHICS ANALYSIS - AI ETHICS LAB,“AI Ethics Lab”. Erişim 27 Ağustos 2022. https://aiethicslab.com/ An Artificial Intelligence Strategy for NATO (Mektup 2021). https://www.nato.int/docu/review/articles/2021/10/25/an-artificial-intelligence-strategy-for-nato/index.html
7534,1301279,23353332,url_web,strong,live_url_verified,1.0,https://journals.tubitak.gov.tr/agriculture/vol24/iss6/8,https://journals.tubitak.gov.tr/agriculture/vol24/iss6/8/,200,"""The Effect of Planting Density on Yield Quality and Productive Energy "" by OSMAN KARAGÜZEL and VELİ ORTAÇEŞME","Karagüzel, O., & Ortaçeşme, V. (2000). The effect of planting frequency on yield, quality and efficient use of lighting energy in Gypsophila cultivation. Turkish Journal of Agriculture and Forestry 24 (6), 691-697. https://journals.tubitak.gov.tr/agriculture/vol24/iss6/8"
7545,1369514,25421972,report_policy_legal,strong,live_url_verified,1.0,https://nevatml.meb.k12.tr/meb_iys_dosyalar/50/01/188263/dosyalar/2025_06/30121120_gelenekselmeslekleransiklopedisicilt1web.pdf,https://nevatml.meb.k12.tr/meb_iys_dosyalar/50/01/188263/dosyalar/2025_06/30121120_gelenekselmeslekleransiklopedisicilt1web.pdf,200,,"Soysaldı, A. (Ed.), & Çatalkaya Gök, E. (Eds.). (2021). Geleneksel meslekler ansiklopedisi (1. Cilt). Esnaf, Sanatkârlar ve Kooperatifçilik Genel Müdürlüğü, T.C. Ticaret Bakanlığı. https://nevatml.meb.k12.tr/meb_iys_dosyalar/50/01/188263/dosyalar/2025_06/30121120_gelenekselmeslekleransiklopedisicilt1web.pdf"
7547,1173062,16577197,url_web,strong,live_url_verified,1.0,https://www.egetelgraf.com/kose_yazilari/tarih-9-eylul-izmir-dusman-isgalinden-kurtarildi/,https://www.egetelgraf.com/tarih-9-eylul-izmir-dusman-isgalinden-kurtarildi,200,Vahap DABAKAN: Tarih 9 Eylül: İzmir düşman işgalinden kurtarıldı!,"Dabakan, V. (2020). Tarih 9 Eylül: İzmir düşman işgalinden kurtarıldı! Erişim Tarihi: 01.12.2022 https://www.egetelgraf. com/kose_yazilari/tarih-9-eylul-izmir-dusman-isgalinden-kurtarildi/"
7552,1158987,16289813,report_policy_legal,strong,live_url_verified,1.0,https://www.who.int/activities/promoting-rational-use-of-medicines/,https://www.who.int/activities/promoting-rational-use-of-medicines/,200,Promoting rational use of medicines,4. World Health Organisation. Promoting rational use of Medicines. https://www.who.int/activities/promoting- rational-use-of-medicines/ Erişim tarihi: 20.01.2022.
7575,1329756,23796422,url_web,strong,live_url_verified,1.0,https://www.i24news.tv/en/news/israel-at-war/artc-netnayahu-on-u-s-arms-shipment-pause-if-we-have-to-stand-alone-we-willstand-,https://www.i24news.tv/en/news/israel-at-war/artc-netnayahu-on-u-s-arms-shipment-pause-if-we-have-to-stand-alone-we-willstand-,200,i24NEWS,"I24NEWS. (2024, May 9). Netanyahu on U.S. arms shipment pause: “If we have to stand alone, we will stand alone.” Retrieved November 11, 2024, from https://www.i24news.tv/en/news/ israel-at-war/artc-netnayahu-on-u-s-arms-shipment-pause-if-we-have-to-stand-alone-we-willstand- alone."
7580,1275903,21208455,url_web,no_match,url_dead_and_not_archived,0.0,https://astanatimes.com/2024/07/tokayev-outlines-kazakh-chinese-cooperation-vision-discusses-scos-goals-in-xinhua-interview/(21.05.2024,,404,,"Omirgazy, Dana (2024), “Tokayev Outlines Kazakh-Chinese Cooperation Vision, Discusses SCO's Goals in Xinhua Interview”, https://astanatimes.com/2024/07/tokayev-outlines-kazakh-chinese-cooperation-vision-discusses-scos-goals-in-xinhua-interview/ (21.05.2024)."
7662,1215397,18950850,url_web,strong,live_url_verified,1.0,https://scholarworks.gsu.edu/icepp/39,https://scholarworks.gsu.edu/icepp/39,200,DSpace,"Cyan, M., Martinez-Vazquez, J., & Vulovic, V. (2013). Measuring tax effort: does the estimation approach matter and should effort be linked to expenditure goals? (Working Paper, 13-08). Retrieved from Georgia State University, International Center for Public Policy website: https://scholarworks.gsu.edu/icepp/39"
7666,1266093,20746105,report_policy_legal,strong,live_url_verified,1.0,https://iklim.gov.tr/bm-iklim-degisikligi-cerceve-sozlesmesi-i-33,https://iklim.gov.tr/bm-iklim-degisikligi-cerceve-sozlesmesi-i-33,200,Birleşmiş Milletler İklim Değişikliği Çerçeve Sözleşmesi - İklim Değişikliği Başkanlığı,"T.C. Ministry Of Environment, (Urbanization and Climate Change)(n.d.). Retrieved May, 07, 2023 from https://iklim.gov.tr/bm-iklim-degisikligi-cerceve-sozlesmesi-i-33"
7691,1279329,21370539,url_web,strong,live_url_verified,1.0,https://aisel.aisnet.org/pacis/,https://aisel.aisnet.org/pacis/,200,Pacific Asia Conference on Information Systems (PACIS) | Association for Information Systems Research | AIS Electronic Library (AISeL),"Hung, W. H., Chang, L. M., & Lin, C. H. (2011, July 7-11). Managing technostress of information technology professionals. In Proceedings of the Pacific Asia Conference on Information Systems (PACIS) (pp. 1-12). https://aisel.aisnet.org/pacis/"
7707,1265902,20738655,report_policy_legal,strong,live_url_verified,1.0,https://www.who.int/news-room/feature-stories/detail/how-do-vaccines-work?adgroupsurvey={adgroupsurvey}&gclid=Cj0KCQjwqP2pBhDMARIsAJQ0CzqSnbClidXG4BXoteLhLAuVaOdM7Ay8xSofiPnDrhYYDOyKV47fkuQaAjRmEALw_wcB,https://www.who.int/news-room/feature-stories/detail/how-do-vaccines-work?adgroupsurvey=%7Badgroupsurvey%7D&gclid=Cj0KCQjwqP2pBhDMARIsAJQ0CzqSnbClidXG4BXoteLhLAuVaOdM7Ay8xSofiPnDrhYYDOyKV47fkuQaAjRmEALw_wcB,200,How do vaccines work?,"29. DSÖ, (2021). SAGE working group dealing with vaccine hesitancy (March 2012 to November 2014). https://www.who.int/news-room/feature-stories/detail/how-do-vaccines-work?adgroupsurvey={adgroupsurvey}&gclid=Cj0KCQjwqP2pBhDMARIsAJQ0CzqSnbClidXG4BXoteLhLAuVaOdM7Ay8xSofiPnDrhYYDOyKV47fkuQaAjRmEALw_wcB Erişim Tarihi: 31.10.2023"
7735,1177019,16737090,url_web,no_match,url_dead_and_not_archived,0.0,https://www.yok.gov.tr/Sayfalar/Haberler/2020/ogrencilere-egitime-destek-kotasi,,404,,28. YÖKc. Yüksek Öğretim Kurumu [Internet]. 2020. Available from: https:// www.yok.gov.tr/Sayfalar/Haberler/2020/ogrencilere-egitime-destek-kotasi. aspx
7873,1351460,24665674,url_web,strong,live_url_verified,1.0,https://www.abendblatt.de/kultur-live/article216201539/Was-Jonas-Kaufmann-ueber-das-stoerende-Publikum-sagt.html,https://www.abendblatt.de/kultur-live/article216201539/Was-Jonas-Kaufmann-ueber-das-stoerende-Publikum-sagt.html,200,Nie wieder Elbphilharmonie? Jonas Kaufmann kritisiert Saal-Klang,"Mischke Von J (2019, March 19) Nie wieder elbphilharmonie? jonas kaufmann kritisiert klang. Hamburger Abendblatt. Retrieved July 7, 2024, from https://www.abendblatt.de/kultur-live/article216201539/Was-Jonas- Kaufmann-ueber-das-stoerende-Publikum-sagt.html"
7874,1351460,24665679,url_web,no_match,url_dead_and_not_archived,0.0,https://talayman.com/musteri-gorusleri/sakip-Sabanci-muzesi-seed-cok-amacli-salonu,,404,,"Talayman Acoustic Design & Consultancy (2023) Sakip Sabanci Muzesi the Seed Çok Amacli Salonu. Retrieved July 7, 2024, from https://talayman.com/musteri-gorusleri/sakip-Sabanci-muzesi-seed-cok- amacli-salonu"
7876,1235045,20385315,url_web,strong,live_url_verified,1.0,https://www.middleeastmonitor.com/20200321-average-palestinian-consumes-87-litres-of-water-per-day/,https://www.middleeastmonitor.com/20200321-average-palestinian-consumes-87-litres-of-water-per-day/,200,Average Palestinian consumes 87 litres of water per day – Middle East Monitor,"“Average Palestinian consumes 87 litres of water per day (Mar 21, 2020)”, https://www.middleeastmonitor.com/20200321-average-palestinian-consumes-87-litres-of-water-per-day/, accessed 10.03.2023."
7877,1235045,20385332,url_web,strong,live_url_verified,1.0,https://www.jpost.com/israel-news/article-709895,https://www.jpost.com/israel-news/article-709895,200,A food security pilot program has been added to Israel’s national budget | The Jerusalem Post,"HENNESSEY Zachy, “A food security pilot program has been added to Israel’s national budget (Jun 20, 2022)”, https://www.jpost.com/israel-news/article-709895, accessed 20.03.2023."
7878,1235045,20385346,url_web,strong,live_url_verified,1.0,https://www.statista.com/statistics/220780/value-of-us-agricultural-exports-to-the-middle-east-since-2000/,https://www.statista.com/statistics/220780/value-of-us-agricultural-exports-to-the-middle-east-since-2000/,200,Value of U.S. agricultural exports to the Middle East 2023| Statista,"SHAHBANDEH Masha, “Value of U.S. Agricultural Exports to the Middle East from 2000 to 2022 (in billion U.S. dollars) (Mar 6, 2023)”, https://www.statista.com/statistics/220780/value-of-us-agricultural-exports-to-the-middle-east-since-2000/, accessed 11.03.2023."
7883,1357436,24910761,url_web,no_match,url_dead_and_not_archived,0.0,https://www.researchgate.net/publication/263565477_The_Facebook-Free_Baby,,403,,1. Leckart S. The Facebook-free baby. Wall Street Journal. 2012 Jan 1. Available from: https://www.researchgate.net/publication/263565477_The_Facebook-Free_Baby
7916,1365137,25243416,report_policy_legal,strong,live_url_verified,1.0,https://2009-2017.state.gov/documents/organization/208644.pdf,https://2009-2017.state.gov/documents/organization/208644.pdf,200,,Kyrgyz Republic 2012 International Religious Freedom Report. (2013). U.S. Department of State. https://2009-2017.state.gov/documents/organization/208644.pdf
7940,1316205,23155073,url_web,strong,live_url_verified,1.0,https://www.sciencephoto.com/media/223145/view/avicenna,https://www.sciencephoto.com/media/223145/view/avicenna,202,Checking for robot traffic - Science Photo Library,28. Science Photo Library. Available from: https://www.sciencephoto.com/media/223145/view/avicenna
7957,1195909,17662633,url_web,no_match,url_dead_and_not_archived,0.0,https://www.efsa.europa.eu/en/efsajournal/pub/1679,,403,,"27. European Food Safety Authority (EFSA), Scientific Opinion on the re-evaluation of curcumin (E 100) as a food additive. Erişim: https://www.efsa.europa.eu/en/efsajournal/pub/1679 Erişim tarihi: 06.09.2023"
7970,1331900,23899135,url_web,strong,live_url_verified,1.0,https://www.resmigazete.gov.tr/eskiler/2025/03/20250328-11.pdf,https://www.resmigazete.gov.tr/eskiler/2025/03/20250328-11.pdf,200,,"Dijital Dönüşüm Ofisi, Finans Ofisi, İnsan Kaynakları Ofisi ve Yatırım ibareleri hakkında Cumhurbaşkanlığı Kararnamesi (2025). (Resmî Gazete Sayı No: 32855, Kararname No: 183). Retrieved from https://www.resmigazete.gov.tr/eskiler/2025/03/20250328-11.pdf Erişim T. 25 Mayıs 2025."
7981,1224663,18952629,url_web,strong,live_url_verified,1.0,https://www.revuegeneraledudroit.eu/?p=23362,https://www.revuegeneraledudroit.eu/blog/2016/02/02/la-victoire-du-juge-administratif-le-nouvel-equilibre-de-lemprise-et-de-la-voie-de-fait/,200,La victoire du juge administratif: le nouvel équilibre de l'emprise et de la voie de fait - Revue générale du droit public français et comparé,"Augustin, T.(2016). La victoire du juge administratif: le nouvel équilibre de l’emprise et de la voie de fait, Colloque: La guerre des juges aura-t-elle lieu?. Revue générale du droit on line, 23362 www.revuegeneraledudroit.eu/?p=23362, Erişim: 20.09.2023."
8001,1376766,25671322,url_web,strong,live_url_verified,1.0,https://korona.hasuder.org.tr/yeni-koronavirus-COVID-19-hastaligi-icin-yaslilik-riskli-bir-donem/,https://korona.hasuder.org.tr/yeni-koronavirus-COVID-19-hastaligi-icin-yaslilik-riskli-bir-donem/,200,Yeni Koronavirüs (COVID-19) Hastalığı İçin Yaşlılık Riskli Bir Dönem! - Yeni Koronavirüs Hastalığı 2019,Association of Public Health Professionals. (2019). Yeni koronavirüs (covıd-19) hastalığı için yaşlılık riskli bir dönemi. https://korona.hasuder.org.tr/yeni-koronavirus-COVID-19-hastaligi-icin-yaslilik-riskli-bir-donem/. Accessed: 11 August 2021.
8027,1375930,25646102,url_web,no_match,url_dead_and_not_archived,0.0,https://www.unwomen.org/sites/default/files/2022-01/Womensrepresentation-in-local-government-en.pdf#page=8.09,,403,,UN Women. 2021. Working Paper Women’s Representation in Local Government: A Global Analysis. UN Women. Erişim: 10 Aralık 2024. https://www.unwomen.org/sites/default/files/2022-01/Womensrepresentation-in-local-government-en.pdf#page=8.09.
8042,1258842,20508158,report_policy_legal,no_match,url_dead_and_not_archived,0.0,https://hsgm.saglik.gov.tr/tr/bulasici-hastaliklar/2019-n-cov.html,,404,,"T.C. Ministry of Health, General Directorate of Public Health. COVID-19 Guide. https://hsgm.saglik.gov.tr/tr/bulasici- hastaliklar/2019-n-cov.html"
8050,1316709,23188623,url_web,strong,live_url_verified,1.0,https://www.cnbc.com/2022/04/08/as-inflation-bites-higher-income-consumers-are-cutting-back-too.html,https://www.cnbc.com/2022/04/08/as-inflation-bites-higher-income-consumers-are-cutting-back-too.html,200,"As inflation bites and America's mood darkens, higher-income consumers are cutting back, too","Rosenbaum, E. (2022). As inflation Bites and America’s mood darkens, higher-income consumers are cutting back, Too. CNBC. https://www.cnbc.com/2022/04/08/as-inflat ion-bites-higher-income-consumers-are-cutting-back-too.html."
8052,1259094,20470691,url_web,no_match,url_dead_and_not_archived,0.0,https://www.bankofc-hina.com.tr/finansalrapor/2022/2022_Activity_Report_Tur.pdf,,,,Bank of China Turkey (2022). Bank of China Turkey A.Ş. 2022 Hesap Yı- lına Ait Yönetim Kurulu Faaliyet Raporu. Erişim adresi: https://www.bankofc- hina.com.tr/finansalrapor/2022/2022_Activity_Report_Tur.pdf Erişim Tarihi: 24.03.2023
8073,1304755,23541928,url_web,strong,live_url_verified,1.0,https://pazarlamaturkiye.com/bagislariyla-ormanlara-destek-veren-50-marka/,https://pazarlamaturkiye.com/bagislariyla-ormanlara-destek-veren-50-marka/,200,Bağışlarıyla Ormanlara Destek Veren 50 Marka – Pazarlama Türkiye,"Şen, M. (2021). Bağışlarıyla Ormanlara Destek Veren 50 Marka. Pazarlama Türkiye. https://pazarlamaturkiye.com/bagislariyla-ormanlara-destek-veren-50-marka/ adresinden erişildi."
8082,1360807,25063767,report_policy_legal,strong,live_url_verified,1.0,https://www.who.int/publications/i/item/use-of-chest-imaging-in-covid-19,https://www.who.int/publications/i/item/use-of-chest-imaging-in-covid-19,200,"Use of chest imaging in COVID-19: a rapid advice guide, 11 June 2020","30. World Health Organization. Use of chest imaging in COVID-19. Available at: https://www.who.int/publications/i/item/use-o f-chest-imaging-in-covid-19. Accessed Jan 5, 2024."
8103,1166108,16289102,url_web,strong,live_url_verified,1.0,https://www.jstor.org/stable/25474215,https://www.jstor.org/stable/25474215,200,Client Challenge,"Purdy, Jann. “Ethnographic Devices in Modern French Autobiography: Michel Leiris and Annie Ernaux.” Pacific Coast Philology 42, no. 1 (2007): 24-36. Erişim 22 Kasım 2022, https://www.jstor.org/stable/25474215."
8108,1283353,22027491,url_web,no_match,url_dead_and_not_archived,0.0,http://yerbilimleri.mta.gov.tr/anasayfa.aspx(Access,,404,,"[6] Mineral Research and Exploration (MTA), Yerbilimleri, Türkiye, 2024 http://yerbilimleri.mta.gov.tr/anasayfa.aspx (Access; 27.04.2024)"
8114,1279984,21412199,url_web,strong,live_url_verified,1.0,https://www.csis.org/analysis/chinas-maritime-silk-road,https://www.csis.org/analysis/chinas-maritime-silk-road-strategic-and-economic-implications-indo-pacific-region,200,China’s Maritime Silk Road: Strategic and Economic Implications for the Indo-Pacific Region,"41. Michael J. Green, “China’s Maritime Silk Road: Strategic and Economic Implications for the Indo-Pacific Region,” Center for Strategic and International Studies, (April 2, 2018), retrieved November 3, 2020, from https://www.csis.org/analysis/chinas-maritime-silk-road."
8160,1285690,21739710,report_policy_legal,no_match,url_dead_and_not_archived,0.0,https://kolaydestek.gov.tr/destekler/10/43,,,,Türkiye Cumhuriyeti Ticaret Bakanlığı. (2023). İhracat Destekleri. Kolay Destek. https://kolaydestek.gov.tr/destekler/10/43
8161,1265310,20719895,hidden_doi,no_match,url_dead_and_not_archived,0.0,https://doi.org/10.1007/s11207-021-01845-2,,404,,"Liu, J., Niu, M., & Xu, Z. (2021). AI-generated magnetograms of the Sun: Assessing the capabilities of AI in space research. Solar Physics, 296(6), 83. https://doi.org/10.1007/s11207-021-01845-2"
8168,1269445,20898780,url_web,strong,live_url_verified,1.0,http://www.surdurulebilirkalkinma.gov.tr/,http://www.surdurulebilirkalkinma.gov.tr/,200,Sürdürülebilir Kalkınma Türkiye,Birleşmiş Milletler [BM]. (2015). Türkiye ve sürdürülebilir kalkınma amaçları. http://www.surdurulebilirkalkinma.gov.tr/
8170,1269445,20898791,report_policy_legal,strong,live_url_verified,1.0,https://www.mfa.gov.tr/bm-iklim-degisikligi-cerceve-sozlesmesi.tr.mfa,https://www.mfa.gov.tr/bm-iklim-degisikligi-cerceve-sozlesmesi.tr.mfa,200,BM İklim Değişikliği Çerçeve Sözleşmesi / T.C. Dışişleri Bakanlığı,Dışişleri Bakanlığı. (t.y.) BM iklim değişikliği çerçeve sözleşmesi. 13 Aralık 2022 tarihinde https://www.mfa.gov.tr/bm-iklim-degisikligi- cerceve-sozlesmesi.tr.mfa adresinden edinilmiştir.
8186,1293636,23023652,dergipark_file,strong,live_url_verified,1.0,https://dergipark.org.tr/en/download/article-file/1068617,https://dergipark.org.tr/en/download/article-file/1068617,200,,"Ayyıldız, E. B. ve Erim, A. (2020). Gitara uyarlanan okul şarkılarının müzik derslerinde kullanılabilirliği: Bir eylem araştırması. Mustafa Kemal Üniversitesi Sosyal Bilimler Enstitüsü Dergisi, 17(45), 85-104. https://dergipark.org.tr/en/download/article-file/1068617"
8229,1278681,21334869,report_policy_legal,strong,live_url_verified,1.0,https://data.tuik.gov.tr/Bulten/Index?p=Evlenme-ve-Bosanma-Istatistikleri-2021-45568,https://veriportali.tuik.gov.tr/Bulten/Index?p=Evlenme-ve-Bosanma-Istatistikleri-2021-45568,200,,"TURKSTAT. (2021). Evlenme ve Boşanma İstatistikleri. Retrieved August 25, 2024, from https://data.tuik.gov.tr/Bulten/Index?p=Evlenme-ve-Bosanma-Istatistikleri-2021-45568"
8271,1181907,17028851,url_web,no_match,url_dead_and_not_archived,0.0,https://www.macrotrends.net/cities/22894/dar-es-salaam/population,,403,,40. Dar Es Salaam population growth data: https://www.macrotrends.net/cities/22894/dar-es- salaam/population Accessed: October 2021.
8293,1240252,19708907,report_policy_legal,no_match,url_dead_and_not_archived,0.0,https://www.icisleri.gov.tr/kahramanmarastaki-cadir-kentlerde-market-ve-magazalar-olusturuldu(27.01.2024,,404,,"Görsel 3: İçişleri Bakanlığı. (2023, 16 Şubat). Kahramanmaraş’taki çadır kentlerde market ve mağazalar oluşturuldu. İçişleri Bakanlığı. https://www.icisleri.gov.tr/kahramanmarastaki-cadir-kentlerde-market-ve-magazalar-olusturuldu (27.01.2024)."
8301,1346778,24477438,url_web,strong,live_url_verified,1.0,https://jacobin.com/2024/02/starbucks-sbwu-contract-bargaining,https://jacobin.com/2024/02/starbucks-sbwu-contract-bargaining,200,Seven Lessons from Starbucks Workers’ Historic Victory,"Blanc, E. (2024b). Seven lessons from Starbucks workers’ historic victory. Jacobin. https://jacobin.com/2024/02/starbucks-sbwu-contract-bargaining"
8364,1258807,20460663,url_web,strong,live_url_verified,1.0,https://www.eulerhermes.com/,https://www.allianz-trade.com/en_global.html,200,Allianz Trade | Global trade credit insurance leader,Euler Hermes. (2021). Alacak Sigortası Şirketi Euler Hermes Küresel İflas Raporu . Erişim adresi: https://www.eulerhermes.com / Erişim Tarihi: 10.03.2022.
8380,1342171,24293862,report_policy_legal,no_match,url_dead_and_not_archived,0.0,https://web.archive.org/web/20190724164150/https://www.ren21.net/reports/global-futures-report/,,,,"Global Futures Report - REN21. (n.d.). Retrieved May 23, 2022, from https://web.archive.org/web/20190724164150/https://www.ren21.net/reports/global-futures-report/"
8390,1320294,23388425,url_web,strong,live_url_verified,1.0,https://artblart.com/tag/peter-hujar/,https://artblart.com/tag/peter-hujar/,200,Peter HujarArt Blart _ art and cultural memory archive,"Bunyan, M. (2023, 21 December). Exhibition: “Among Others: Photography and the Group” at The Morgan Library & Museum, New York, https://artblart.com/tag/peter-hujar/"
8436,1350049,24613791,report_policy_legal,strong,live_url_verified,1.0,https://www.aile.gov.tr/media/157370/stratejik-plan-2024.pdf,https://www.aile.gov.tr/media/157370/stratejik-plan-2024.pdf,200,,Aile ve Sosyal Hizmetler Bakanlığı (2024a). 2024-2028 stratejik planı. 14.04.2025 tarihinde https://www.aile.gov.tr/media/157370/stratejik-plan-2024.pdf adresinden edinilmiştir.
8438,1350049,24613824,url_web,strong,live_url_verified,1.0,https://www.resmigazete.gov.tr/eskiler/2015/05/20150523-5.htm,https://www.resmigazete.gov.tr/eskiler/2015/05/20150523-5.htm,200,Başbakanlık Mevzuatı Geliştirme ve Yayın Genel Müdürlüğü,Resmî Gazete (2015). Doğum yardımı yönetmeliği. 07.04.2025 tarihinde https://www.resmigazete.gov.tr/eskiler/2015/05/20150523-5.htm adresinden edinilmiştir.
8439,1350049,24613828,url_web,strong,live_url_verified,1.0,https://www.sbb.gov.tr/wp-content/uploads/2022/07/On_Birinci_Kalkinma_Plani-2019-2023.pdf,https://www.sbb.gov.tr/wp-content/uploads/2022/07/On_Birinci_Kalkinma_Plani-2019-2023.pdf,200,,T.C. Cumhurbaşkanlığı Strateji ve Bütçe Başkanlığı (2019). On birinci kalkınma planı 2019-2023. 03.04.2025 tarihinde https://www.sbb.gov.tr/wp-content/uploads/2022/07/On_Birinci_Kalkinma_Plani-2019-2023.pdf adresinden edinilmiştir.
8444,1215488,18953458,url_web,no_match,no_url_found,0.0,,,,,"Klinek, S. (2009). Brain-based learning: Knowledge, beliefs, and practices of college of education faculty in the Pennsylvania state system of higher education. Retrieved from Indiana University of Pennysylvania, Theses & Dissertations database."
8467,1198642,17811749,url_web,no_match,url_dead_and_not_archived,0.0,https://sozluk.gov.tr/parso(18-04-2023,,404,,"TDK, (2022). https://sozluk.gov.tr/parso (18-04-2023)"
8488,1229013,19192750,url_web,strong,live_url_verified,1.0,https://www.ab.gov.tr,https://www.ab.gov.tr/,200,AB Başkanlığı | T.C. Dışişleri Bakanlığı Avrupa Birliği Başkanlığı,Avrupa Birliği. (2003). 2003 İlerleme raporu. Erişim adresi: https://www.ab.gov.tr
8493,1217063,19019019,url_web,no_match,url_dead_and_not_archived,0.0,https://www.sbb.gov.tr/wpcontent/uploads/2022/07/On_Birinci_Kalkinma_Plani-2019-2023.pdf,,404,,"T.C. Cumhurbaşkanlığı Strateji ve Bütçe Başkanlığı (2019), On Birinci Kalkınma Planı (2019-2023). https://www.sbb.gov.tr/wpcontent/uploads/2022/07/On_Birinci_Kalkinma_Plani-2019-2023.pdf Erişim Tarihi: 09.09.2023"
8494,1217063,19019025,report_policy_legal,strong,live_url_verified,1.0,https://data.worldbank.org/indicator/NV.IND.TOTL.ZS,https://data.worldbank.org/indicator/NV.IND.TOTL.ZS,200,"Industry (including construction), value added (% of GDP) | Data","World Bank, Industry (Including Construction), Value Added (% of GDP), 2023c. https://data.worldbank.org/indicator/ NV.IND.TOTL.ZS Erişim Tarihi: 02.09.2023"
8498,1366685,25311189,report_policy_legal,no_match,url_dead_and_not_archived,0.0,https://www.mevzuat.gov.tr(Son,,,,"KHK-703: Anayasaya Uyum Sağlanması Hakkında Kanun Hükmünde Kararname, 2/7/2018. URL: https://www.mevzuat.gov.tr (Son Erişim: 24.05.2025)"
8501,1359771,25025993,url_web,strong,live_url_verified,1.0,https://tubitak.gov.tr/en/node/17456,https://tubitak.gov.tr/en/node/17456,200,Bilim ve Teknolojide Başarılarla Dolu Bir Yıl: 2024 | TÜBİTAK | Türkiye Bilimsel ve Teknolojik Araştırma Kurumu,"3. “A Year Full of Success in Science and Tech- nology: 2024,” TÜBİTAK, (2024), retrieved from https://tubitak.gov.tr/en/node/17456."
8502,1359771,25026000,url_web,no_match,url_dead_and_not_archived,0.0,https://intelligence.wefo-rum.org/topics/a1Gb0000000pTDREA2,,,,"10. “Artificial Intelligence,” World Economic Forum, (2025), retrieved from https://intelligence.wefo- rum.org/topics/a1Gb0000000pTDREA2."
8503,1359771,25026010,url_web,strong,live_url_verified,1.0,https://bilimmerkezleri.tubitak.gov.tr/,https://bilimmerkezleri.tubitak.gov.tr/,200,Ana Sayfa - TÜBİTAK Bilim Merkezleri,"20. “Science Centres,” TÜBİTAK, (2025), retrieved from https://bilimmerkezleri.tubitak.gov.tr/."
8514,1187601,17223715,url_web,no_match,url_dead_and_not_archived,0.0,https://www.theguardian.com/fashion/2019/mar/20/sex-power-oppression-why-women-wear-high-heels.[Accessed,,404,,"Brennan, Summer. (2019, March 20). “Sex, power, oppression: why women wear high heels.” The Guardian. https://www.theguardian.com/fashion/2019/mar/20/sex-power-oppression-why-women-wear-high-heels. [Accessed 15 December 2021]"
8515,1187601,17223724,url_web,strong,live_url_verified,1.0,https://exclaim.ca/music/article/cardi_b-invasion_of_privacy,https://exclaim.ca/music/article/cardi_b-invasion_of_privacy,200,Cardi B │ Exclaim!,"Lowers, Erin. [Accessed on 10 December 2021). “Cardi B Invasion of Privacy.” Exclaim! Retrieved from https://exclaim.ca/music/article/cardi_b-invasion_of_privacy."
8524,1356061,24856839,url_web,no_match,url_dead_and_not_archived,0.0,https://edebiyatvesanatakademisi.com/post/cengiz-aytmatov-un-hayati-ve-kirgiz-romanciligi,,404,,"Kuzucular, Ş. (2011, 26 Mayıs). Cengiz Aytmatov’un hayatı ve Kırgız romancılığı. Edebiyat ve Sanat Akademisi. https://edebiyatvesanatakademisi.com/post/ cengiz-aytmatov-un-hayati-ve-kirgiz-romanciligi adresinden edinilmiştir."
8539,1357201,24900602,url_web,strong,live_url_verified,1.0,https://sdgs.un.org/goals,https://sdgs.un.org/goals,200,THE 17 GOALS | Sustainable Development,(30) United Nations. (n.d.). 17 Goals. https://sdgs.un.org/goals
8559,1268553,20851169,report_policy_legal,no_match,url_dead_and_not_archived,0.0,https://www.who.int/teams/global-tuberculosis-programme/tb-reports/global-tuberculosis-report-2022,,404,,"[2] World Health Organization, Global Tuberculosis Report 2022, (2022). https://www.who.int/teams/global-tuberculosis-programme/tb-reports/ global-tuberculosis-report-2022"
8598,1356640,24876481,report_policy_legal,no_match,url_dead_and_not_archived,0.0,https://www.iwkoeln.de/studien/galina-kolev-schaefer-adriana-neligan-data-based-results-on-the-effects-of-the-german-supply-chain-act.html,,401,,"Kolev-Schaefer, G., & Neligan, A. (2024). Due diligence-effect of supply chain regulation: Data-based results on the effects of the German supply chain act (IW-Report No. 8/2024). Institut der Deutschen Wirtschaft. https://www.iwkoeln.de/studien/galina-kolev-schaefer-adriana-neligan-data-based-results-on-the-effects-of-the-german-supply-chain-act.html"
8600,1356640,24876513,url_web,strong,live_url_verified,1.0,https://tim.org.tr/files/downloads/Ulke_Bilgi_Notlar%C4%B1/AB%20%C3%9Clke%20Bilgi%20Notu.pdf,https://tim.org.tr/files/downloads/Ulke_Bilgi_Notlar%C4%B1/AB%20%C3%9Clke%20Bilgi%20Notu.pdf,200,,TİM. (2024a). Avrupa Birliği Bilgi Notu (Ekonomik Araştırmalar Mayıs 2024). https://tim.org.tr/files/downloads/Ulke_Bilgi_Notlar%C4%B1/AB%20%C3%9Clke%20Bilgi%20Notu.pdf
8623,1277765,21288235,url_web,strong,live_url_verified,1.0,https://www.aa.com.tr/tr/gundem/icisleri-bakanisoylu-sahte-ickiye-yonelik-duzenlenen-zincir-2-operasyonunda-176-supheligozaltina-,https://www.aa.com.tr/tr/gundem/icisleri-bakanisoylu-sahte-ickiye-yonelik-duzenlenen-zincir-2-operasyonunda-176-supheligozaltina-,200,Gündem - Anadolu Ajansı,"İçişleri Bakanı Soylu: Sahte İçkiye Yönelik Düzenlenen “Zincir 2” Operasyonunda 176 Şüpheli Gözaltına Alındı, https://www.aa.com.tr/tr/gundem/icisleri-bakanisoylu- sahte-ickiye-yonelik-duzenlenen-zincir-2-operasyonunda-176-supheligozaltina- alindi/2763165, (Erişim Tarihi: 27.12.2022)."
8652,1211761,18473641,url_web,strong,live_url_verified,1.0,https://birbucukderece.com/,https://birbucukderece.com/,200,Birbuçuk Derece | COP31 ve Türkiye'nin İklim Hedefi,2030 İklim Hedefi. (2022). Güvenli Geleceğimiz için Güçlü İklim Hedefi. https://birbucukderece.com/
8665,1190444,17367043,url_web,strong,live_url_verified,1.0,https://www.senat.fr/rap/1959-1960/i1959_1960_0260.pdf,https://www.senat.fr/rap/1959-1960/i1959_1960_0260.pdf,200,,"Sénat.fr. (1960). Au nom de la comission des lois constitutionnelles, de législation du suffrage universel, du Règlement et d’Administration générale sur le projet de loi adopté par l’Assemblée Nationale, portant approbation des accords particuliers signés le 22 juin 1960 entre la République Française et la Fédération du Mali. Erişim tarihi : 21.2.2022, https://www.senat.fr/rap/1959-1960/i1959_1960_0260.pdf."
8685,1239115,19640483,url_web,no_match,url_dead_and_not_archived,0.0,http://fbed.balikesir.edu.tr/index.php/dergi/article/view/212/193,,,,"Korkmaz, E., & Gür, H. (2006). Öğretmen adaylarının problem kurma becerilerinin belirlenmesi [Determining of prospective teachers’ problem posing skills]. Balıkesir Üniversitesi Fen Bilimleri Enstitüsü Dergisi, 8(1), 64-74. Retrieved from http://fbed.balikesir.edu.tr/index.php/dergi/article/view/212/193"
8700,1334596,24004626,dergipark_file,strong,live_url_verified,1.0,https://dergipark.org.tr/en/download/article-file/403970,https://dergipark.org.tr/en/download/article-file/403970,200,,"Bıkmaz, Z. (2017). Sağlık yönetimi bölümü öğrencilerinin mobil güvenlik farkındalığı ve dijital veri güvenliği farkındalıklarının belirlenmesi. Uluslararası Yönetim Bilişim Sistemleri ve Bilgisayar Bilimleri Dergisi, 1(1), 22-30. Retrieved from https://dergipark.org.tr/en/download/article-file/403970"
8707,1319288,23337974,url_web,no_match,url_dead_and_not_archived,0.0,https://csaf.org/case-studies/,,403,,"Council on Smallholder Agricultural Finance. (2022). Case Studies. https://csaf.org/case-studies/, Erişim Tarihi: 11.07.2024."
8730,1278960,21478475,url_web,no_match,url_dead_and_not_archived,0.0,https://www.semanticscholar.org/feed/create,,404,,"Sü, S. (2017) Nursing students’ opinions regarding the nursing process. International Journal of Humanities and Social Science Invention, 6(5), 10-14. https://www.semanticscholar.org/feed/create."
8744,1184593,17094122,url_web,strong,live_url_verified,1.0,https://www.britannica.com/event/sit-in-movement,https://www.britannica.com/event/sit-in-movement,200,Sit-in movement | History & Impact on Civil Rights Movement | Britannica,"Gros, F. (2020). Yürümenin Felsefesi. Çev. Albina Ulutaşlı. 15. Baskı. İstanbul: Kolektif Kitap. Hohenstein, K. (t.y.). Sit-in-movement. https://www.britannica.com/event/sit-in-movement Erişim: 20.01.2022."
8756,1365168,25247548,url_web,strong,live_url_verified,1.0,https://www.ecb.europa.eu/press/pr/date/2023/html/ecb.pr231018~111a014ae7.en.html,https://www.ecb.europa.eu/press/pr/date/2023/html/ecb.pr231018~111a014ae7.en.html,200,Eurosystem proceeds to next phase of digital euro project,"European Central Bank. (2023, October 18). Eurosystem proceeds to next phase of digital euro project. Retrieved from Europa:https://www.ecb.europa.eu/press/pr/date/2023/html/ecb.pr231018~111a014ae7.en.html"
8810,1162266,16474813,url_web,no_match,url_dead_and_not_archived,0.0,https://www.merhabahaber.com/akademik-sayfalar,,404,,"8.Doğan S. Konya Devlet Hastanesi Tarihçesi. Erişim adresi: https:// www.merhabahaber.com/akademik-sayfalar, 2009; 9 (27): 422. Erişim tarihi 5 Ekim 2022"
8815,1161024,16681910,url_web,strong,live_url_verified,1.0,https://sites.google.com/site/tpiezas/0012,https://accounts.google.com/v3/signin/identifier?continue=https://sites.google.com/site/tpiezas/0012&followup=https://sites.google.com/site/tpiezas/0012&osid=1&passive=1209600&flowName=GlifWebSignIn&flowEntry=ServiceLogin&dsh=S-1338132468:1786709751563069,200,,"[21] Piezas, T., A tale of four constants, https://sites.google.com/site/tpiezas/0012."
8842,1350819,24804266,url_web,no_match,url_dead_and_not_archived,0.0,https://www.pewresearch.org/wp-content/uploads/sites/20/2021/01/PI_2021.01.13_Online-,,404,,"Vogels, E., A. (2021). The State of Online Harassment. Pew Research Center. https://www.pewresearch.org/wp- content/uploads/sites/20/2021/01/PI_2021.01.13_Online- Harassment_FINAL-1.pdf"
8869,1188248,17249749,url_web,strong,live_url_verified,1.0,https://www.fww.ovgu.de/fww_media/femm/femm_2009/2009_05.pdf,https://www.fww.ovgu.de/fww_media/femm/femm_2009/2009_05.pdf,200,,"19. Steffen Rätzel, “Revisiting the Neoclassical Theory of Labour Supply: Disutility of Labour, Working Hours, and Happiness,” FEMM Working Papers, No. 5 (February 2009), retrieved from https://www.fww. ovgu.de/fww_media/femm/femm_2009/2009_05.pdf."
8903,1274066,21319041,url_web,no_match,url_dead_and_not_archived,0.0,"https://hajduk.hr/povijest/1921-1930,(20.02.2024",,404,,"https://hajduk.hr/povijest/1921-1930, (20.02.2024)."
8904,1274066,21319044,url_web,no_match,url_dead_and_not_archived,0.0,"https://slobodnadalmacija.hr/,(20.02.2024",,404,,"https://slobodnadalmacija.hr/, (20.02.2024)."
8918,1261174,20605479,url_web,strong,live_url_verified,1.0,https://www.teias.gov.tr/kurulu-guc-raporlari,https://www.teias.gov.tr/kurulu-guc-raporlari,200,Kurulu Güç Raporları,[5] Turkish Electricity Transmission Corporation (TEİAŞ). https://www.teias.gov.tr/kurulu-guc- raporlari. Last Access Date: 22.04.2024.
8934,1269891,21003634,url_web,no_match,url_dead_and_not_archived,0.0,https://resourcecentre.c40.org/climate-actionplanning-framework-home,,,,C40 Şehirler İklim Liderliği Grubu [C40 Cities] (2019). Climate action plan- ning framework. https://resourcecentre.c40.org/climate-action planning-framework-home
8939,1320373,23392135,url_web,strong,live_url_verified,1.0,https://dergi.diyanet.gov.tr/makaledetay.php?ID=3316,https://dijital.diyanet.gov.tr/Dergilik,200,Diyane Dijital - Dergilik,"Aydın, M. Ş. (2018). Açık toplumda din eğitimi, yeni paradigma ihtiyacı (2. Baskı). Nobel. dergi.diyanet.gov.tr:https://dergi.diyanet.gov.tr/makaledetay.php?ID=3316"
8977,1312786,24282366,url_web,strong,live_url_verified,1.0,https://yokatlas.yok.gov.tr/lisans-anasayfa.php,https://yokatlas.yok.gov.tr/lisans-anasayfa.php,200,Yükseköğretim Program Atlası,Yükseköğretim Kurulu (2024) Yükseköğretim Program Atlası. [Erişim Tarihi 08.12.2024]. https://yokatlas.yok.gov.tr/lisans-anasayfa.php
8982,1251923,20159857,url_web,strong,live_url_verified,1.0,https://www.theguardian.com/australia-news/2015/nov/13/agency-behind-yourtaxis-campaign-fired-after-social-media-disaster,https://www.theguardian.com/australia-news/2015/nov/13/agency-behind-yourtaxis-campaign-fired-after-social-media-disaster,200,Agency behind #YourTaxis campaign fired after social media disaster | Victoria | The Guardian,URL-19: https://www.theguardian.com/australia-news/2015/nov/13/agency-behind-yourtaxis-campaign-fired-after-social-media-disaster
9007,1338306,24953268,report_policy_legal,no_match,url_dead_and_not_archived,0.0,https://www.who.int/publications/i/item/9789241549059(accessed,,404,,"[3] Hepatitis B (who.int). https://www.who.int/publications/i/item/9789241549059 (accessed on march 01,2015)."
9050,1227623,20093603,report_policy_legal,strong,live_url_verified,1.0,https://www.mevzuat.gov.tr/MevzuatMetin/yonetmelik/9.5.10868.pdf,https://www.mevzuat.gov.tr/MevzuatMetin/yonetmelik/9.5.10868.pdf,200,,https://www.mevzuat.gov.tr/MevzuatMetin/yonetmelik/9.5.10868.pdf
9055,1313729,22978512,report_policy_legal,no_match,url_dead_and_not_archived,0.0,https://vfa.gov.vn/van-ban/thong-tu-quy-dinh-ve-quan-ly-thuc-pham-chuc-nang.html,,,,46. Vietnam Ministry of Health Web site. (2014). Erişim adresi https://vfa.gov.vn/van-ban/thong-tu-quy-dinh-ve-quan-ly-thuc-pham-chuc-nang.html. Erişim tarihi: 26.07.2024.
9073,1237991,22682433,url_web,strong,live_url_verified,1.0,https://www.sefaria.org/,https://www.sefaria.org/texts,200,Sefaria: a Living Library of Jewish Texts Online,Raşi al-Bereşit (https://www.sefaria.org/).
9096,1374714,26070550,url_web,no_match,url_dead_and_not_archived,0.0,https://www.hikmetcetinkaya.com/neden-,,404,,"URL - 9 , Neden gelincik? https://www.hikmetcetinkaya.com/neden - gelincik ( Erişim: 04.09.2024 ) ."
9102,1332140,23909018,url_web,no_match,no_url_found,0.0,,,,,"Council of Higher Education Pro- gramme Atlas (2023a). All universi- ties with interior architecture program. Retrieved June 27, 2023, from https:// yokatlas.yok.gov.tr/lisans-bolum. php?b=10097"
9122,1302568,22479311,url_web,no_match,url_dead_and_not_archived,0.0,https://www.flowjo.com/solutions/flowjo(accessed,,404,,"[25] “FlowJo software platform for single-cell flow cytometry analysis.” https://www.flowjo.com/solutions/flowjo (accessed Oct. 12, 2023)."
9126,1264941,20844642,thesis,no_match,url_dead_and_not_archived,0.0,https://urn.kb.se/resolve?urn=urn:nbn:se:lnu:diva-114080,,,,"Mende, C. M., & Küenzlen, S. M. N. (2022). The impact of Transformational Leadership on the employees’ perceived Technostress Level (Dissertation). Retrieved from https://urn.kb.se/resolve?urn=urn:nbn:se:lnu:diva-114080"
9130,1280010,21413707,url_web,no_match,url_dead_and_not_archived,0.0,https://www.military.africa/2021/08/nigeria-and-turkey-strengthens-relations-in-counter-terrorism/#google_vignette,,500,,"41. Ekene Lionel, “Nigeria and Turkey Strengthen Relations in Counter-Terrorism,” Military Africa, (2021), retrieved from https://www.military.africa/2021/08/nigeria-and-turkey-strengthens-relations-in-counter- terrorism/#google_vignette."
9178,1309900,22754669,url_web,strong,live_url_verified,1.0,https://climate.ec.europa.eu/eu-action/eu-emissions-trading-system-eu-ets/what-eu-ets_en#our-climate-ambition-for-2030,https://climate.ec.europa.eu/areas-action/carbon-markets/about-eu-ets_en#our-climate-ambition-for-2030,200,About the EU ETS - Climate Action - European Commission,European Commission (2024b). What is the EU ETS?. Erişim adresi: https://climate.ec.europa.eu/eu-action/eu-emissions-trading-system-eu-ets/what-eu-ets_en#our-climate-ambition-for-2030
9202,1164608,19072374,url_web,no_match,no_url_found,0.0,,,,,"Apptopia (2023, March 7). Understanding the growth of mobile video, Retrieved from Future of Fitness (2).pdf (apptopia.com)"
9207,1221926,19155766,url_web,no_match,url_dead_and_not_archived,0.0,http://solarpoint.com.tr/genel/gunes-enerjisi/,,,,"[4]Solar Point, http://solarpoint.com.tr/genel/gunes-enerjisi/ ( erişim tarihi: 02.01.2017)"
9208,1221926,19155768,url_web,no_match,url_dead_and_not_archived,0.0,http://www.eie.gov.tr/MyCalculator/Default.aspx(Erişim,,,,[6]Yenilenebilir Enerji Genel Müdürlüğü http://www.eie.gov.tr/MyCalculator/Default.aspx (Erişim tarihi: 09 Aralık 2016)
9219,1247529,20048406,url_web,no_match,url_dead_and_not_archived,0.0,https://ec.europa.eu/jrc/en/research-topic/rural-development).(Accessed,,404,,https://ec.europa.eu/jrc/en/research-topic/rural-development). (Accessed in June 2022).
9220,1260619,20537273,url_web,no_match,url_dead_and_not_archived,0.0,https://github.com/vinubhat092/crop_fertilizer_prediction_ML(Erişim,,404,,"Github, 2023 Mahsul Gübre Tahmini ML, Erişim adresi: https://github.com/vinubhat092/crop_fertilizer_prediction_ML (Erişim Tarihi: 08.02.2024)."
9226,1383633,25873040,url_web,no_match,url_dead_and_not_archived,0.0,https://armer.tbmm.gov.tr/webortak/arastirma/KYSB_R_18167_Turkiyede_ve_AB_Ulkelerinde_Yasama_Sorumsuzlugu_ve_Dokunulmazligi.pdf,,,,Erişim:https://armer.tbmm.gov.tr/webortak/arastirma/KYSB_R_18167_ Turkiyede_ve_AB_Ulkelerinde_Yasama_Sorumsuzlugu_ve_Dokunulmazligi.pdf.
9227,1383633,25873050,url_web,strong,live_url_verified,1.0,https://www.hurriyet.com.tr/gundem/mehmet-agar-tahliye-oldu-23162279,https://www.hurriyet.com.tr/gundem/mehmet-agar-tahliye-oldu-23162279,200,Mehmet Ağar tahliye oldu - Son Dakika Haber,"Hürriyet Gazetesi, “Mehmet Ağar Tahliye Oldu”, 30.4.2013, https://www. hurriyet.com.tr/gundem/mehmet-agar-tahliye-oldu-23162279"
9228,1383633,25873060,url_web,strong,live_url_verified,1.0,https://www.milliyet.com.tr/siyaset/karayalcin-beraat-etti-5248015,https://www.milliyet.com.tr/siyaset/karayalcin-beraat-etti-5248015,200,Karayalçın beraat etti - Son Dakika,"Milliyet Gazetesi, “Karayalçın Beraat Etti”, 1.6.1999, https://www.milliyet. com.tr/siyaset/karayalcin-beraat-etti-5248015"
9255,1359785,25026787,url_web,strong,live_url_verified,1.0,https://www.chinausfocus.com/peace-security/china-and-the-unit-ed-states-begin-official-ai-dialogue,https://www.chinausfocus.com/404.html,200,404 Not Found - CHINA US Focus,"31. Richard Weitz, “China and the United States Begin Official AI Dialogue,” China-US Focus, (October 23, 2024), retrieved June 1, 2025, from https://www.chinausfocus.com/peace-security/china-and-the-unit- ed-states-begin-official-ai-dialogue."
9269,1349605,24597187,url_web,strong,live_url_verified,1.0,http://sosyolojisi.com/heinrich-mann-kimdir-hayati-eserleri-hakkinda-bilgi/41286.html,https://sosyolojisi.com/,200,Coming Soon,"Sosyolojisi.com. (2021). Heinrich Mann kimdir. Retrieved September 16, 2021, from http://sosyolojisi.com/heinrich-mann-kimdir-hayati-eserleri-hakkinda-bilgi/41286.html"
9304,1306429,22618252,url_web,no_match,url_dead_and_not_archived,0.0,https://ica.coop/en/cooperatives/cooperative-identity(Erişim,,404,,"International Cooperative Alliance (ICA) (2024). Cooperative identity, values & principles. https://ica.coop/en/cooperatives/cooperative-identity (Erişim: 01.11.2024)"
9367,1229574,19554357,url_web,strong,live_url_verified,1.0,"https://www.trademap.org/Country_SelProductCountry_TS.aspx?nvpm=1%7c792%7c%7c%7c%7cTOTAL%7c%7c%7c2%7c1%7c1%7c1%7c2%7c1%7c2%7c1%7c1%7c1,(Erişim","https://www.trademap.org/Country_SelProductCountry_TS.aspx?nvpm=1%7C792%7C%7C%7C%7CTOTAL%7C%7C%7C2%7C1%7C1%7C1%7C2%7C1%7C2%7C1%7C1%7C1,(Eri%C5%9Fim",200,ITC Trade Map,"https://www.trademap.org/Country_SelProductCountry_TS.aspx?nvpm=1%7c792%7c%7c%7c%7cTOTAL%7c%7c%7c2%7c1%7c1%7c1%7c2%7c1%7c2%7c1%7c1%7c1, (Erişim Tarihi: 15.05.2021)."
9376,1358008,24927823,url_web,strong,live_url_verified,1.0,https://theartsandeducation.com/2022/08/03/the-gutai-group-play-pedagogy-and-possibility/,https://theartsandeducation.com/2022/08/03/the-gutai-group-play-pedagogy-and-possibility/,200,"The Gutai Group: Play, Pedagogy and Possibility – Artfully Learning","Zucker, A. (2022, 3 Ağustos), The gutai group: play, pedagogy and possibility. The Arts and Education. https://theartsandeducation.com/2022/08/03/the-gutai-group-play-pedagogy- and-possibility/"
9379,1354818,24798097,url_web,no_match,url_dead_and_not_archived,0.0,https://www.academia.edu/41233362/Tarihi_Yeniden_Yazmak_Yeni_Tarihselcilik,,403,,"Okur, İ. A. (2018). “Tarihi Yeniden Yazmak: Yeni Tarihselcilik” (İnceleme), kalemkahveklavye.com. https://www.academia.edu/41233362/Tarihi_Yeniden_Yazmak_Yeni_Tarihselcilik"
9384,1208635,18408066,url_web,strong,live_url_verified,1.0,https://tiak.com.tr/tablolar,https://tiak.com.tr/tablolar,200,Tablolar | TİAK | Televizyon İzleme Araştırmaları A.Ş.,"https://tiak.com.tr/tablolar, Erişim Tarihi: 7 Nisan 2023"
9424,1282955,21581028,url_web,no_match,url_dead_and_not_archived,0.0,https://ci.turkpatent.gov.tr/cografi-isaretler/detay/3124.Date,,404,,Anonymous. (2023e). Erzurum mantısı/Erzurum hıngeli. https://ci.turkpatent.gov.tr/cografi-isaretler/detay/3124. Date of Access: 16.01.2023.
9444,1231286,19844902,report_policy_legal,no_match,url_dead_and_not_archived,0.0,https://orca.cardiff.ac.uk/id/eprint/127214/1/seafarers-mental-health-wellbeing-full-report.pdf,,403,,"Sampson, H., Ellis, N., & International, S. (2019). Seafarers’ mental health and wellbeing. Retrieved on December 12, 2023, from https://orca.cardiff.ac.uk/id/eprint/127214/1/seafarers-mental-health-wellbeing-full-report.pdf"
9467,1315964,23142625,url_web,strong,live_url_verified,1.0,http://mufredat.meb.gov.tr/ProgramDetay.aspx?PID=354,http://mufredat.meb.gov.tr/ProgramDetay.aspx?PID=354,200,,"MEB, (2018a). 20 Mayıs 2023 tarihinde http://mufredat.meb.gov.tr/ProgramDetay.aspx?PID=354, adresinden edinilmiştir."
9499,1229385,19210526,url_web,strong,live_url_verified,1.0,https://www.haritamap.com/yer/baskent-universitesi-kampusu-etimesgut)(Date,https://www.haritamap.com/,200,Harita'da Adres Arama  - HaritaMap.com,"Anonymous, 2023b. (Web page: https://www.haritamap.com/yer/baskent-universitesi-kampusu-etimesgut) (Date accessed: January 2023) (in Turkish)."
9524,1321281,23441776,url_web,strong,live_url_verified,1.0,https://www.denizbulten.com/izmir-korfezinde-balik-olumleri-devam-ediyor-55449h.htm,https://www.denizbulten.com/izmir-korfezinde-balik-olumleri-devam-ediyor-55449h.htm,200,İzmir Körfezi'nde balık ölümleri devam ediyor,"Anadolu Agency. (2024). İzmir Körfezi'nde balık ölümleri devam ediyor (in Turkish). Retrieved January, 31, 2024 from https://www.denizbulten.com/izmir-korfezinde-balik-olumleri-devam-ediyor-55449h.htm"
9527,1155369,16041252,url_web,strong,live_url_verified,1.0,https://www.trthaber.com/haber/dunya/ab-daglik-karabagda-ateskes-anlasmasina-uyulmasi-cagrisi-yapti-530501.html,https://www.trthaber.com/haber/dunya/ab-daglik-karabagda-ateskes-anlasmasina-uyulmasi-cagrisi-yapti-530501.html,200,"AB, Dağlık Karabağ'da ateşkes anlaşmasına uyulması çağrısı yaptı - Son Dakika Haberleri","AB, Dağlık Karabağ’da ateşkes anlaşmasına uyulması çağrısı yaptı. (2020, 12 Kasım). TRT Haber. Erişim Adresi: https://www.trthaber.com/haber/dunya/ab-daglik-karabagda- ateskes-anlasmasina-uyulmasi-cagrisi-yapti-530501.html"
9540,1304414,22551546,report_policy_legal,no_match,no_url_found,0.0,,,,,Türkiye hanehalkı sağlık araştırması bulaşıcı olmayan hastalıkların risk faktörleri 2017. http://https://who-sandbox.squiz.cloud__data/assets/pdf_file/0009/383985/turkey-risk-factors-tur.pdf access data 20.12.2022
9583,1293712,22085234,url_web,strong,live_url_verified,1.0,https://www.poemhunter.com/poem/emigration-stone/,https://www.poemhunter.com/poem/emigration-stone/,200,Emigration Stone - Emigration Stone Poem by Sheena Blackhall,"Blackhall, S. (2011). “Emigration Stone”. Poem Hunter. Retrieved from https://www.poemhunter.com/poem/emigration-stone/"
9603,1323906,23553364,url_web,strong,live_url_verified,1.0,https://www.redalyc.org/,https://www.redalyc.org/,200,"Sistema de Información Científica Redalyc, Red de
		Revistas Científicas","Glynn, J., Perera, N. and Verma, R. (2007). Unit root tests and structural breaks: A survey with applications. Revista de Métodos Cuantitativos para la Economía y la Empresa, 3, 63-79. Retrieved from https://www.redalyc.org/"
9649,1244472,19845789,thesis,strong,live_url_verified,1.0,http://adudspace.adu.edu.tr:8080/xmlui/handle/11607/2920,http://adudspace.adu.edu.tr:8080/xmlui/handle/11607/2920,200,Türkiye'de ham petrol fiyatlarıyla döviz kuru arasındaki ilişki: Ampirik bir analiz,"Göcekli, S. G. B. (2016). Türkiye'de ham petrol fiyatlarıyla döviz kuru arasındaki ilişki: Ampirik bir analiz (Yüksek Lisans Tezi), Adnan Menderes Üniversitesi Sosyal Bilimler Enstitüsü, Aydın. Erişim adresi: http://adudspace.adu.edu.tr:8080/xmlui/handle/11607/2920."
9659,1388571,26053220,url_web,no_match,url_dead_and_not_archived,0.0,https://cdn.britannica.com/63/109663-050-244684F0/Life-cycle-moss.jpg[Erişim,,404,,URL1. Britannica. 2025. Website: https://cdn.britannica.com/63/109663-050-244684F0/Life-cycle-moss.jpg [Erişim: 11.11.2025].
9714,1268418,20843738,url_web,no_match,url_dead_and_not_archived,0.0,https://www.nytimes.com/2016/03/06/movies/homevideo/triumph-of-the-will-fascist-rants-and-the-hollywood-response.html,,403,,"Hoberman, J. L. (2016). 'Triumph of the Will': Fashist Rants and the Hollywood Responce. The New York Times: https://www.nytimes.com/2016/03/06/movies/homevideo/triumph-of-the-will-fascist-rants-and-the-hollywood-response.html adresinden alındı"
9726,1179983,16866889,url_web,strong,live_url_verified,1.0,https://www.theguardian.com/world/2015/feb/17/turkish-woman-ozgecan-aslans-sparks-anti-violence-campaign-sendeanlat?CMP=share_btn_tw,https://www.theguardian.com/world/2015/feb/17/turkish-woman-ozgecan-aslans-sparks-anti-violence-campaign-sendeanlat?CMP=share_btn_tw,200,Rape and murder of young woman sparks mass Twitter protest in Turkey | Turkey | The Guardian,"Davidson, H. (2015). ‘Rape and Murder of Young Woman Sparks Mass Protest in Turkey’. The Guardian. (Retrieved from: https://www.theguardian.com/world/2015/feb/17/turkish-woman-ozgecan-aslans-sparks-anti-violence-campaign-sendeanlat?CMP=share_btn_tw on 3rd August 2022)."
9798,1275235,21181158,url_web,strong,live_url_verified,1.0,https://timssandpirls.bc.edu/timss2019/international-results/,https://timss2019.org/reports/,200,TIMSS 2019 International Reports – TIMSS & PIRLS International Study Center at Boston College,"TIMSS (2020). TIMSS 2019 International Results in Mathematics and Science. Retrieved from Boston College, TIMSS & PIRLS International Study Center website: https://timssandpirls.bc.edu/timss2019/international-results/"
9805,1311761,22842829,report_policy_legal,strong,live_url_verified,1.0,https://www.who.int/docs/default-source/documents/communicating-for-health/communication-framework.pdf,https://www.who.int/docs/default-source/documents/communicating-for-health/communication-framework.pdf,200,,DSÖ. (2017). WHO strategic communications framework for effective communications. World Health Organization. 8 Ocak 2024 tarihinde https://www.who.int/docs/default-source/documents/communicating-for-health/communication-framework.pdf adresinden edinilmiştir.
9808,1360555,25054218,url_web,no_match,url_dead_and_not_archived,0.0,https://www.yok.gov.tr/kurumsal/idari-birimler/egitim-ogretim-dairesi/ulusal-cekirdek-,,404,,42. Yükseköğretim Kurulu Ulusal Çekirdek Eğitimi Programları. Erişim: https://www.yok.gov.tr/kurumsal/ idari-birimler/egitim-ogretim-dairesi/ulusal-cekirdek- egitimi-programlari. Erişim tarihi: 14.06.2025.
9812,1351220,24657028,url_web,strong,live_url_verified,1.0,https://egoistokur.com/?s=Judith+Malika+Liberman(Erişim,https://egoistokur.com/?s=Judith+Malika+Liberman(Eri%C5%9Fim,200,Judith Malika Liberman(Erişim | Egoist okur,"Börekçi, G. (2017). Judith Malika Liberman: “Masal Dinlerken Hepimiz Hafif Bir Transa Giriyoruz”, Egoistokur. https://egoistokur.com/?s=Judith+Malika+Liberman (Erişim tarihi: 22.03.2025)."
9827,1375948,25646768,url_web,strong,live_url_verified,1.0,https://sozluk.gov.tr/,https://sozluk.gov.tr/,200,Türk Dil Kurumu Sözlükleri,Türk Dil Kurumu (2025). [Erişim Tarihi: 22 Şubat 2025] https://sozluk.gov.tr/
9834,1298977,22494270,url_web,no_match,no_url_found,0.0,,,,,"Thompson, S. H., & Lougheed, E. (2012). Frazzled by Facebook? An exploratory study of gender differences in social network communication among undergraduate men and women. College Student Journal, 46(1), 88-98."
9857,1298015,22277002,url_web,strong,live_url_verified,1.0,https://www.thecollector.com/graffiti-wall-art/,https://www.thecollector.com/graffiti-wall-art/,200,12 Iconic Graffiti Art Murals To Stop You In Your Tracks! | TheCollector,"Url 6: Kaylee, R. (2023). “12 Iconic Graffiti Art Murals That Will Make You Stop” The Collector.com, https://www.thecollector.com/graffiti-wall-art/. Erişim tarihi: 09.09.2023."
9894,1357122,24897259,url_web,strong,live_url_verified,1.0,https://www.kaggle.com/tawsifurrahman/covid19-radiography-database,https://www.kaggle.com/tawsifurrahman/covid19-radiography-database,200,Tarayıcınız kontrol ediliyor - reCAPTCHA,"[36] Rahman, T., 2021. COVID-19 radiography database. [Online] Available at: https://www.kaggle.com/tawsifurrahman/covid19-radiography-database."
9908,1302677,22483398,url_web,no_match,url_dead_and_not_archived,0.0,https://tip.ogu.edu.tr/Sayfa/Index/52/fakulte-tarihce,,404,,"21. Eskişehir Osmangazi Üniversitesi Tıp Fakültesi, Fakülte Tarihçe. https://tip.ogu.edu.tr/Sayfa/Index/52/fakulte-tarihce Erişim 22.06.2024."
9918,1331081,23856070,hidden_doi,no_match,url_dead_and_not_archived,0.0,https://doi.org/10.1002/pc.32800,,404,,"Rath SK, Prusty RK (2021) Review on thermal stability and fire-retardant properties of natural fiber-reinforced polymer composites. Polymer Composites 42(4):1547-1572. https://doi.org/10.1002/pc.32800"
9939,1190568,17400779,url_web,strong,live_url_verified,1.0,https://www.scidev.net/global/opinions/q-a-development-is-about-complex-systems-not-beneficiaries/,https://www.scidev.net/global/opinions/q-a-development-is-about-complex-systems-not-beneficiaries/,200,"Q&A: Development is about complex systems, not beneficiaries","Makri, A. (2018, February 28). Q&A: Development is about complex systems, not beneficiaries . Retrieved November 21, 2022, from SciDevNet: https://www.scidev.net/global/opinions/q-a-development-is-about-complex-systems-not-beneficiaries/"
9945,1350268,24623883,url_web,strong,live_url_verified,1.0,https://psu.pb.unizin.org/psych425/chapter/cognitive-appraisal-theory/,https://psu.pb.unizin.org/psych425/chapter/cognitive-appraisal-theory/,200,Cognitive Appraisal Theory – Psychology of Human Emotion: An Open Access Textbook,"Guthrie Yarwood, M. (2022). Psychology of human emotion: An open Access testbook. Pressbooks. Retrieved from https://psu.pb.unizin.org/psych425/chapter/cognitive-appraisal-theory/"
9962,1282983,21582806,url_web,strong,live_url_verified,1.0,http://theanarchistlibrary.org/library/murray-bookchin-libertarian-municipalism-an-overview.pdf,https://theanarchistlibrary.org/library/murray-bookchin-libertarian-municipalism-an-overview.pdf,200,,"Bookchin, M. (1991). Libertarian Municipalism: An Overview. The Anarchist Library. Accessed: 25 June 2018, http://theanarchistlibrary.org/library/murray-bookchin-libertarian-municipalism-an-overview.pdf"
9963,1282983,21582832,url_web,no_match,url_dead_and_not_archived,0.0,https://rojavainformationcenter.com/2022/09/young-and-promising-an-introduction-to-the-nes-university-system/,,404,,"Rojava Information Centre (2022, September). Young and Promısıng: An Introductıon to The NES Unıversıty System. https://rojavainformationcenter.com/2022/09/young-and-promising-an-introduction-to-the-nes-university-system/"
