sample_index,publication_id,reference_id,reference_order,source_doi,hidden_doi,parser,parsed_title,parsed_journal,parsed_year,parsed_authors,query_mode,query,trdizin_title_status,trdizin_id,target_doi,target_crossref_status,target_crossref_doi,target_title,target_year,target_journal,target_journal_code,target_doc_type,confidence,title_similarity,title_coverage,title_token_count,year_match,journal_similarity,author_coverage,self_match,context
44,1286621,21779113,9,,,apa,Türkiye’de buğday üretimi ve destekleme politikaları,3rd International Congress of the Turkish Journal of Agriculture - Food Science and Technology,2023,"Ken, E., & Semerci, A",title_full,Türkiyede buğday üretimi ve destekleme politikaları,no_match,37532,,no_doi,,Türkiyede buğday destekleme politikaları ve uygulamaları,2003,Gaziosmanpaşa Üniversitesi Ziraat Fakültesi Dergisi,416,PAPER,0.5892,0.7629,0.8,5,False,0.2362,0.0,False,"Ken, E., & Semerci, A. (2023). Türkiye’de buğday üretimi ve destekleme politikaları. 3rd International Congress of the Turkish Journal of Agriculture - Food Science and Technology, 13-16 September 2023, Malatya, 54-63."
45,1286621,21779119,15,,,apa,Türkiye’de çeltik üretiminde mazot ve gübre desteği uygulaması: Çanakkale ili örneği,"Çukurova 8th International Scientific Researches Conference, April 15-17, Adana",2022,"Semerci, A., & Çelik, A.D",,,no_match,,,,,,,,,,,,,,,,,,"Semerci, A., & Çelik, A.D. (2022). Türkiye’de çeltik üretiminde mazot ve gübre desteği uygulaması: Çanakkale ili örneği. Çukurova 8th International Scientific Researches Conference, April 15-17, Adana, 822-831."
46,1331693,23886292,5,,,apa,Why did I ask that question? Bilingual/ESL pre-service teachers’ insights,International Journal of Instruction,2013,"Diaz, Z., Whitacre, M., Esquierdo, J",,,no_match,,,,,,,,,,,,,,,,,,"Diaz, Z., Whitacre, M., Esquierdo, J. J., & Ruiz-Escalante, J. A. (2013). Why did I ask that question? Bilingual/ESL pre-service teachers’ insights. International Journal of Instruction, 6(2), 163–176."
53,1188828,17270319,52,,,apa,Participatory Planning; Providing Conceptual Model of Factors Affecting Children’s Participation in Urban Planning,Creative City Design,2018,"Sarvari, H",,,no_match,,,,,,,,,,,,,,,,,,"Sarvari, H. (2018). Participatory Planning; Providing Conceptual Model of Factors Affecting Children’s Participation in Urban Planning. Creative City Design, 1(1), 37–42."
65,1253700,20240148,49,,,quoted,"Risultati di una survey condotta nella penisola di Kazıklı,",Iasos e la Caria,2005,"Lohmann, Hans",,,no_match,,,,,,,,,,,,,,,,,,"Lohmann, Hans. “Risultati di una survey condotta nella penisola di Kazıklı,” Iasos e la Caria. Nuovi studi e ricerche (La Parola del Passato, 60/2-6). Ed. Raffaella Pierobon Benoit. Napoli: Macchiaroli Editore, 2005, 332-356."
81,1209869,18378693,37,,,apa,Uluslararası rekabet gücünü etkileyen makroekonomik faktörler: Türk imalat sanayi üzerine bir uygulama,Sosyal Ekonomik Araştırmalar Dergisi,2011,"Yapraklı, S",,,no_match,,,,,,,,,,,,,,,,,,"Yapraklı, S. (2011). Uluslararası rekabet gücünü etkileyen makroekonomik faktörler: Türk imalat sanayi üzerine bir uygulama. Sosyal Ekonomik Araştırmalar Dergisi, 11(22), 373-401."
97,1332746,23940469,37,,,apa,Green Human Resource Management Practices and Organizational Citizenship Behavior in the Environment: The Interactive Effects of Green Passion,"International Transaction Journal of Engineering, Management & Applied Sciences & Technologies",2020,"Mohammad, N., Bibi, Z., Karim, J., & Durrani, D",,,no_match,,,,,,,,,,,,,,,,,,"Mohammad, N., Bibi, Z., Karim, J., & Durrani, D. (2020). Green Human Resource Management Practices and Organizational Citizenship Behavior in the Environment: The Interactive Effects of Green Passion. International Transaction Journal of Engineering, Management & Applied Sciences & Technologies, 11(6), 1-10."
103,1263119,20632708,10,,,vancouver,Predictors and clinical outcomes of permanent pacemaker implantation after transcatheter aortic valve replacement: the PARTNER (Placement of AoRtic TraNscathetER Valves) trial and registry,JACC Cardiovasc Interv,2015,"Nazif TM, Dizon JM, Hahn RT",,,no_match,,,,,,,,,,,,,,,,,,"10. Nazif TM, Dizon JM, Hahn RT, et al. Predictors and clinical outcomes of permanent pacemaker implantation after transcatheter aortic valve replacement: the PARTNER (Placement of AoRtic TraNscathetER Valves) trial and registry. JACC Cardiovasc Interv 2015;8(1 Pt A):60-9."
125,1258017,20526969,2,10.5923/j.ijit.20160501.05,10.5923/j.ijit.20160501.05,apa,The utilization of Web 2.0 tools in Saudi Higher Education: Opportunities and challenges,International Journal of Internet of Things,2016,"Alblehai, F",,,no_match,,,,,,,,,,,,,,,,,,"Alblehai, F. (2016). The utilization of Web 2.0 tools in Saudi Higher Education: Opportunities and challenges. International Journal of Internet of Things, 5(1), 37-40. http://doi.org/ 10.5923/j.ijit.20160501.05"
127,1258017,20526986,19,,,apa,Web 2.0 tools for 21st century teachers,International Online Journal of Educational Sciences,2012,"Elmas, R., ve Geban, Ö",title_salient,Web tools 21st century teachers,no_match,1167476,10.29000/rumelide.1286022,not_checked,,77The Role of Technology Acceptance Model (TAM) in Developing Turkish Pre-Service EFL Teachers’ Technology Adoption,2023,RumeliDE Dil ve Edebiyat Araştırmaları Dergisi,893,PAPER,0.2267,0.3046,0.2,5,False,0.3469,0.0,False,"Elmas, R., ve Geban, Ö. (2012). Web 2.0 tools for 21st century teachers. International Online Journal of Educational Sciences, 4(1), 243-254. https://www.ajindex.com/dosyalar/makale/acarindex-1423904346.pdf"
131,1241363,19728078,9,,,apa,Fütüvvet Kavramının/Kurumunun Askerî ve Siyasî Mahiyeti,Ahilik Uluslararası Sempozyumu,2011,"Demirtaş, F",,,no_match,,,,,,,,,,,,,,,,,,"Demirtaş, F. (2011). Fütüvvet Kavramının/Kurumunun Askerî ve Siyasî Mahiyeti. Ahilik Uluslararası Sempozyumu, 403-423."
148,1176987,16735765,31,,,vancouver,Approach to the Woman in Labor: Oral nutrition,J Nurs Sci,2012,"Ergöl S, Eroglu K, Taskın L",,,no_match,,,,,,,,,,,,,,,,,,"31. Ergöl S, Eroglu K, Taskın L. Approach to the Woman in Labor: Oral nutrition. J Nurs Sci. 2012; 4(1): 23-9. 32. Rathfish G. Labor. In: Beji NK, editor. Woman’s Health and Diseases. 1st ed. İstanbul: Nobel Medicine Bookstore; 2015: 312-4."
262,1216803,19013447,38,,,quoted,XVIII. Yüzyıl Sonları Rus ve Avusturya Savaşları Esnasında Osmanlı Devleti,nde Bir Uyguluma: İstanbul’da İçki ve Fuhuş Yasağı,2007,"KÖSE, Osman",,,no_match,,,,,,,,,,,,,,,,,,"KÖSE, Osman, “XVIII. Yüzyıl Sonları Rus ve Avusturya Savaşları Esnasında Osmanlı Devleti’nde Bir Uyguluma: İstanbul’da İçki ve Fuhuş Yasağı”, Turkish Studies, 2/1, Kış 2007, s. 104-123."
270,1326191,23640898,70,,,apa,"Contributions of floristic and general vegetation characteristics of the Mavga Castle (Mut/Mersin, Türkiye)",Biharean Biologist,2023,"Tel, A",,,no_match,,,,,,,,,,,,,,,,,,"Tel, A. Z., Ortaç, İ., Özuslu, E., & İlçim, A. (2023). Contributions of floristic and general vegetation characteristics of the Mavga Castle (Mut/Mersin, Türkiye). Biharean Biologist, 18(1): 1 – 11."
306,1348061,24529876,37,,,apa,On local polynomial regression estimators in finite populations. Int. J. Stats. Appl,Math,2020,"Kikechi, C",,,no_match,,,,,,,,,,,,,,,,,,"[37] Kikechi, C. B. (2020). On local polynomial regression estimators in finite populations. Int. J. Stats. Appl. Math, 5, 58-63."
335,1238800,19626547,2,,,vancouver,İyonlaştırıcı radyasyon ve korunma yöntemleri [Ionizing radiation and protection methods],Selçuk Üniversitesi Fen Fakültesi Fen Derg,2017,"Çimen B, Erdoğan M, Oğul R",,,no_match,,,,,,,,,,,,,,,,,,"2. Çimen B, Erdoğan M, Oğul R. İyonlaştırıcı radyasyon ve korunma yöntemleri [Ionizing radiation and protection methods]. Selçuk Üniversitesi Fen Fakültesi Fen Derg. 2017;43(2):139-47. [Link]"
355,1315322,23103410,32,,,apa,The impact of innovation and smart government on happiness: Proposing conceptual framework,International Journal of Management and Human Scienc,2018,"Shamsi, R",,,no_match,,,,,,,,,,,,,,,,,,"Shamsi, R. S. H. A., Ameen, A. A., Isaac, O., Al-Shibami, A. H., & Khalifa, G. S. (2018). The impact of innovation and smart government on happiness: Proposing conceptual framework. International Journal of Management and Human Scienc, 2(2), 10-26."
394,1310137,22764796,17,,,apa,The effect of salinity stress and foliar application of nano-fertilizers on quantitative and qualitative characteristics of quinoa forage,Journal of Crops Improvement,2023,"Heidari, F., Jalilian, J., & Gholinezhad, E",,,no_match,,,,,,,,,,,,,,,,,,"Heidari, F., Jalilian, J., & Gholinezhad, E. (2023). The effect of salinity stress and foliar application of nano-fertilizers on quantitative and qualitative characteristics of quinoa forage. Journal of Crops Improvement, 25(3), 769-785."
420,1278349,21317526,48,,,vancouver,[Effect of Ginkgo biloba Pingchan Recipe on neuronal nitric oxide synthase mRNa expression in the brain of mouse models of Parkinson disease],Nan Fang Yi Ke Da Xue Xue Bao,2009,"Zhang J, Sun HM, Bai LM, Xu H, Wu HX, Cui L",,,no_match,,,,,,,,,,,,,,,,,,"47. Zhang J, Sun HM, Bai LM, Xu H, Wu HX, Cui L. [Effect of Ginkgo biloba Pingchan Recipe on neuronal nitric oxide synthase mRNa expression in the brain of mouse models of Parkinson disease]. Nan Fang Yi Ke Da Xue Xue Bao. 2009;29(8):1735-40. [PubMed]"
449,1223777,19325030,49,,,apa,African leafy vegetables pre-harvest and post-harvest constrains and technologies for losses reduction along the field to consumer chain,African Journal of Horticultural Science,2017,"Kirigia, D., Kasili, R",,,no_match,,,,,,,,,,,,,,,,,,"Kirigia, D., Kasili, R. and Mibus, H. (2017). African leafy vegetables pre-harvest and post-harvest constrains and technologies for losses reduction along the field to consumer chain. African Journal of Horticultural Science, 12: 51-60."
481,1264523,20689052,83,,,vancouver,Anne psikopatolojisi ve aile işlevselliğinin ergenlerin intihar niyeti ve davranışı üzerine etkisi [in Turkish],Çocuk Sağlığı Hastalıkları Derg,2018,"Dinç GŞ, Şahin M, Bilgili D",,,no_match,,,,,,,,,,,,,,,,,,"83. Dinç GŞ, Şahin M, Bilgili D, et al. Anne psikopatolojisi ve aile işlevselliğinin ergenlerin intihar niyeti ve davranışı üzerine etkisi [in Turkish]. Çocuk Sağlığı Hastalıkları Derg. 2018;61(1):11-18."
488,1160131,17148146,29,,,apa,İbrahim. İslam Ansiklopedisi. Türkiye Diyanet Vakfı Yayınları,21,2000,"Harman, Ömer Faruk",,,no_match,,,,,,,,,,,,,,,,,,"Harman, Ömer Faruk. (2000). İbrahim. İslam Ansiklopedisi. Türkiye Diyanet Vakfı Yayınları. 21, 266-272."
498,1230858,20182070,17,,,apa,Ön lisans muhasebe öğrencilerinin kariyer planlamasini etkileyen unsurlar: Ege bölgesinde bir araştırma,Muhasebe Bilim Dünyası Dergisi,2010,"Özdemir, S",,,no_match,,,,,,,,,,,,,,,,,,"Özdemir, S. (2010). Ön lisans muhasebe öğrencilerinin kariyer planlamasini etkileyen unsurlar: Ege bölgesinde bir araştırma. Muhasebe Bilim Dünyası Dergisi, 12(2), 103–121."
503,1379129,25736692,42,,,apa,Roman Meals and Cooking Ware in Lycia: An Experiment Partice in Archaelogy,Akdeniz Sanat Dergisi,2008,"Korkut, T",,,no_match,,,,,,,,,,,,,,,,,,"Korkut, T. & Ercan, B. (2008). Roman Meals and Cooking Ware in Lycia: An Experiment Partice in Archaelogy. Akdeniz Sanat Dergisi, 95-105."
553,1163053,16155944,24,,,vancouver,"Antibacterial activities of fruticose lichens collected from selected sites in Luzon Island, Philippines",Philipp Sci Lett,2010,"Santiago KKA, Borricano JNC, Canal JN, Marcelo DMA, Perez MCP, Dela Cruz TEE",,,no_match,,,,,,,,,,,,,,,,,,"Santiago KKA, Borricano JNC, Canal JN, Marcelo DMA, Perez MCP, Dela Cruz TEE. Antibacterial activities of fruticose lichens collected from selected sites in Luzon Island, Philippines. Philipp Sci Lett 2010; 3: 18-29."
569,1374706,25605348,21,10.9790/0837-2110060106,10.9790/0837-2110060106,volume_pages,History of Turkish cuisine culture and the ınfluence of the Balkans,IOSR Journal of Humanities And Social Science (IOSR-JHSS,2016,"Diker, O., Deniz, T., Çetinkaya, A",title_full,History of Turkish cuisine culture and the ınfluence of the Balkans,no_match,1255510,10.7827/turkishstudies.74580,not_checked,,İstanbulun Çatalca İlçesi Özelinde Balkan Kültürünün İzleri,2024,Turkish Studies - Language and Literature,2415,PAPER,0.2334,0.3455,0.1429,6,False,0.3191,0.0,False,"Diker, O., Deniz, T., Çetinkaya, A. (2016, October). History of Turkish cuisine culture and the ınfluence of the Balkans. IOSR Journal of Humanities And Social Science (IOSR-JHSS), 21(10), 1-6. https://doi.org/10.9790/0837-2110060106"
598,1357591,24914429,22,,,apa,Çimento ve Tekstil Sektörlerinde Etkinlik Çalışması ve Veri Zarflama Analizi,Dokuz Eylül Üniversitesi Sosyal Bilimler Enstitüsü Dergisi,2004,"Kayalıdere, K",,,no_match,,,,,,,,,,,,,,,,,,"Kayalıdere, K. & Kargın, S. (2004). Çimento ve Tekstil Sektörlerinde Etkinlik Çalışması ve Veri Zarflama Analizi. Dokuz Eylül Üniversitesi Sosyal Bilimler Enstitüsü Dergisi, 6(1), 196-219."
623,1278168,21436106,29,,,apa,The effect of sustainability reporting on financial performance: An empirical study using listed companies,Journal of Asia Entrepreneurship and Sustainability,2010,"Reddy, K & Gordon, L.W",,,no_match,,,,,,,,,,,,,,,,,,"[30]Reddy, K & Gordon, L.W. (2010). The effect of sustainability reporting on financial performance: An empirical study using listed companies. Journal of Asia Entrepreneurship and Sustainability, 6(2), 19-42."
627,1232718,19396517,26,,,apa,Dijital Pazarlama Süreçlerine Kurum Çalışanlarının Katılımı: Trendyol Tech Podcast Serisi Üzerine Bir Değerlendirme,Uluslararası Halkla İlişkiler ve Reklam Çalışmaları Dergisi,2023,"Ergül, E",,,no_match,,,,,,,,,,,,,,,,,,"Ergül, E. (2023). Dijital Pazarlama Süreçlerine Kurum Çalışanlarının Katılımı: Trendyol Tech Podcast Serisi Üzerine Bir Değerlendirme. Uluslararası Halkla İlişkiler ve Reklam Çalışmaları Dergisi, 6(2), 75-98."
628,1232718,19396528,37,,,apa,Private talk in the public sphere: Podcasting as broadcast talk,"Communication, Politics & Culture",2009,"Jarret, K",,,no_match,,,,,,,,,,,,,,,,,,"Jarret, K. (2009). Private talk in the public sphere: Podcasting as broadcast talk. Communication, Politics & Culture, 42(2), 116-135."
641,1182531,17001915,69,,,apa,Duygusal zeka ve eğitim açısından doğurguları,Kuram ve Uygulamada Eğitim Yönetimi,2011,"Yeşilyaprak, B",,,no_match,,,,,,,,,,,,,,,,,,"Yeşilyaprak, B. (2011). Duygusal zeka ve eğitim açısından doğurguları. Kuram ve Uygulamada Eğitim Yönetimi, 25(25), 139-146. https://dergipark.org.tr/en/download/article-file/108511"
665,1226160,19038052,33,,,apa,Evidence and implications of extensive groundwater overdraft-induced land subsidence in Greece,European Water,2013,"Paleologos, E., & Mertikas, S",,,no_match,,,,,,,,,,,,,,,,,,"Paleologos, E., & Mertikas, S. (2013). Evidence and implications of extensive groundwater overdraft-induced land subsidence in Greece. European Water, 43, 3–11."
676,1199489,17914564,11,,,apa,Language models are few-shot learners,Advances in neural information processing systems,2020,"Brown, T., Mann, B., Ryder, N., Subbiah, M., Kaplan, J",title_full,Language models are few shot learners,no_match,256664,,no_doi,,PEDAGOJİKFORMASYON ALAN ÖĞRETMEN ADAYLARININ KONUŞMA KAYGILARI,2015,Turkish Studies (Elektronik),664,PAPER,0.1687,0.2921,0.0,6,False,0.24,0.0,False,"[11] Brown, T., Mann, B., Ryder, N., Subbiah, M., Kaplan, J. D., Dhariwal, P., ... & Amodei, D. (2020). Language models are few-shot learners. Advances in neural information processing systems, 33, 1877-1901."
722,1354587,24787496,9,,,apa,Hastane işletmelerinde içsel pazarlama yaklaşımının iş tatmini ve örgütsel bağlılık üzerine etkisi: Isparta ili örneği,*Hacettepe Sağlık İdaresi Dergisi*,2010,"(9) Büyüker İşler, D., & Özdemir, Ş",,,no_match,,,,,,,,,,,,,,,,,,"(9) Büyüker İşler, D., & Özdemir, Ş. (2010). Hastane işletmelerinde içsel pazarlama yaklaşımının iş tatmini ve örgütsel bağlılık üzerine etkisi: Isparta ili örneği. *Hacettepe Sağlık İdaresi Dergisi*, 13(2), 115-142."
730,1374156,25582168,83,,,volume_pages,"(2018), Göç, Sosyal Değişme ve Din",Diyanet Dergisi,2018,"Taştan, A",title_full_year,2018 Göç Sosyal Değişme ve Din,no_match,276400,,no_doi,,MülteciÖğrencilere Sunulan Eğitim-Öğretim Hizmetinin Sosyal Bilgiler Öğretmen Görüşlerine Göre Değerlendirilmesi,2018,Anadolu Journal of Educational Sciences International ,1137,PAPER,0.3323,0.2535,0.2,5,True,0.2353,0.0,False,"Taştan, A. (2018), Göç, Sosyal Değişme ve Din. Diyanet Dergisi, 328, 10-13."
749,1347808,24520732,9,,,quoted,"Emeviler Döneminde ve Abbasilerin İlk Dönemlerinde İran, Horasan ve Mâverâünnehir","deki Mezhebi ve Milliyetçi Hareketler"" çev",2006,"Daftary, Farhad",,,no_match,,,,,,,,,,,,,,,,,,"Daftary, Farhad. ""Emeviler Döneminde ve Abbasilerin İlk Dönemlerinde İran, Horasan ve Mâverâünnehir’deki Mezhebi ve Milliyetçi Hareketler"" çev. Mehmet Atalan. Kelam Araştırmaları. 4/2 (2006), s139-158."
757,1194699,17600528,9,,,vancouver,Are of osteomeatal complex variations related to nasolacrimal canal morphometry,Iran J Otorhinolaryngol,2022,"Khojastepour L, Dokohaki S, Paknahad M",title_full,Are of osteomeatal complex variations related to nasolacrimal canal morphometry,no_match,45090,,no_doi,,Nazolakrimalkanal varyasyonlarının görüntülenmesinde bilgisayarlı tomografi,2004,Şişli Etfal Hastanesi Tıp Bülteni,156,PAPER,0.1429,0.2411,0.0,8,False,0.25,0.0,False,"9. Khojastepour L, Dokohaki S, Paknahad M. Are of osteomeatal complex variations related to nasolacrimal canal morphometry. Iran J Otorhinolaryngol. 2022;34:17–26."
773,1274029,21126083,14,,,apa,Termal turizmde farklı bir destinasyon: jeoturizm (Afyonkarahisar Örneği). ZfWT,8 (1,2016,"Ekiz, E., Yazıcı, H",,,no_match,,,,,,,,,,,,,,,,,,"Ekiz, E., Yazıcı, H. (2016). Termal turizmde farklı bir destinasyon: jeoturizm (Afyonkarahisar Örneği). ZfWT. 8 (1), 67-81. Erişim adresi: https://zfwt.org/admin/files/issues/807-3364-1-PB.pdf"
791,1279484,21381409,65,,,apa,Measurement and evaluation of satisfaction process in retail setting,Journal of Retailing,1981,"Oliver, R",,,no_match,,,,,,,,,,,,,,,,,,"Oliver, R. L. (1981). Measurement and evaluation of satisfaction process in retail setting. Journal of Retailing, 57(3), 25-48."
845,1284850,21688021,42,,,apa,İstanbul’da Yaşlılık ve Yaşlılığın Yapısal Değişim,Yıldız Sosyal Bilimler Enstitüsü Dergisi,2018,"Müftüler, H",title_full_year,İstanbulda Yaşlılık ve Yaşlılığın Yapısal Değişim,no_match,329872,10.9775/kausbed.2018.037,not_checked,,GENÇLİKTENYAŞLILIĞA SPORUN DEĞİŞEN ANLAMI,2018,Kafkas Üniversitesi Sosyal Bilimler Enstitüsü Dergisi,794,PAPER,0.4479,0.4878,0.0,5,True,0.7742,0.0,False,"Müftüler, H. (2018). İstanbul’da Yaşlılık ve Yaşlılığın Yapısal Değişim. Yıldız Sosyal Bilimler Enstitüsü Dergisi, 2(1), 58-80."
862,1298874,23246682,38,,,vancouver,Mobbing ve çalışan performansı arasındaki ilişkiyi belirlemeye yönelik bir araştırma,Journal of Academıc Approaches,2016,Duman Ç,,,no_match,,,,,,,,,,,,,,,,,,"Duman Ç. M., Akdemir B. Mobbing ve çalışan performansı arasındaki ilişkiyi belirlemeye yönelik bir araştırma. Journal of Academıc Approaches. 2016;7:29–52."
868,1378338,25713700,38,,,apa,Integrated skills in the ESL/EFL classrooms,ESL Magazine,2001,"Oxford, R",title_full,Integrated skills in the ESL EFL classrooms,no_match,318135,,no_doi,,Stakeholdersviews about the FATIH Project: Smart EFL classrooms,2018,Journal of Language and Linguistic Studies,1431,PAPER,0.3514,0.4952,0.4,5,False,0.0833,0.0,False,"Oxford, R. (2001). Integrated skills in the ESL/EFL classrooms. ESL Magazine, 6(1), 5–12."
886,1285611,21734771,19,,,apa,Investigating the effectiveness of virtual labs in engineering education: A case study of chemical engineering courses,Journal of Chemical Engineering Education,2022,"Wang, Y., & Jiang, F",,,no_match,,,,,,,,,,,,,,,,,,"Wang, Y., & Jiang, F. (2022). Investigating the effectiveness of virtual labs in engineering education: A case study of chemical engineering courses. Journal of Chemical Engineering Education, 56(3), 267-281."
897,1343427,24349111,51,,,apa,Rough Set Model for Discovering Hybrid Association Rules,International Journal of Computer Science and Network Security (IJCSNS,2009,"Pandey, A",,,no_match,,,,,,,,,,,,,,,,,,"Pandey, A. & Pardasani, K.R. (2009). Rough Set Model for Discovering Hybrid Association Rules. International Journal of Computer Science and Network Security (IJCSNS), 9(6), 159-164."
905,1243562,19864155,9,,,apa,Becoming a self-regulated learner: Implications for web-based education,"Web-based learning: Theory, research, and practice",2006,"Dembo, M",,,no_match,,,,,,,,,,,,,,,,,,"Dembo, M. H., Junge, L. G., & Lynch, R. (2006). Becoming a self-regulated learner: Implications for web-based education. Web-based learning: Theory, research, and practice, 185-202."
907,1232495,19545887,22,,,vancouver,Hastaların hemşirelik bakımını algılayış düzeylerinin belirlenmesi,Göller Bölgesi Aylık Hakemli Ekonomi ve Kültür Dergisi,2018,"Yılmaz F, Şentürk S, Yalçın P, Başoğlu S",,,no_match,,,,,,,,,,,,,,,,,,"22. Yılmaz F, Şentürk S, Yalçın P, Başoğlu S. Hastaların hemşirelik bakımını algılayış düzeylerinin belirlen- mesi. Göller Bölgesi Aylık Hakemli Ekonomi ve Kültür Dergisi. 2018;5(59):61-66."
910,1193991,17572838,4,,,apa,Wavelet transform based classification of invasive brain computer interface data,Radioengineering,2011,"Aydemir, O., & Kayikcioglu, T",,,no_match,,,,,,,,,,,,,,,,,,"Aydemir, O., & Kayikcioglu, T. (2011). Wavelet transform based classification of invasive brain computer interface data. Radioengineering, 20, 31-38."
931,1279858,21406539,77,,,apa,Örgütsel Bağlılık ile Örgütsel Sapma Davranışı Arasındaki İlişki: Banka Çalışanlarına Yönelik Bir Araştırma,Economics Business and Organization Research,2019,"Uğur, S",,,no_match,,,,,,,,,,,,,,,,,,"Uğur, S. S. (2019). Örgütsel Bağlılık ile Örgütsel Sapma Davranışı Arasındaki İlişki: Banka Çalışanlarına Yönelik Bir Araştırma. Economics Business and Organization Research, 1(1), 85-96."
983,1200617,17899190,14,,,vancouver,Theorien und Konzepte zu Agilität in Organisationen,In: Dresdner Beiträge zur Wirtschaftsinfor-matik,2014,"Förster K, Wendler R",,,no_match,,,,,,,,,,,,,,,,,,"[14] Förster K, Wendler R. Theorien und Konzepte zu Agilität in Organisationen. In: Dresdner Beiträge zur Wirtschaftsinfor-matik. 2014; 12: 2-20."
988,1289048,22678128,23,,,apa,Ahmet Ağaoğlu ve “Nizamlı Hürriyet”: Bir Cumhuriyetçi Yorum Denemesi,"Doğu-Batı, (57",2011,"Erozan, B",,,no_match,,,,,,,,,,,,,,,,,,"Erozan, B. (2011). Ahmet Ağaoğlu ve “Nizamlı Hürriyet”: Bir Cumhuriyetçi Yorum Denemesi. Doğu-Batı, (57), 197-225."
989,1378079,25706245,3,,,loose_year,"Neurological Disorders Collaborator Group. Global, regional, and national burden of neurological disorders during 1990-2015: a systematic analysis for the Global Burden of Disease Study 2015. Lancet Neurol",2017 Nov,2015,GBD,,,no_match,,,,,,,,,,,,,,,,,,"3.GBD 2015 Neurological Disorders Collaborator Group. Global, regional, and national burden of neurological disorders during 1990-2015: a systematic analysis for the Global Burden of Disease Study 2015. Lancet Neurol. 2017 Nov;16(11):877-897. [Crossref]"
1021,1270447,20948084,19,,,apa,Evaluation of the effects of self-care capacity on healthy life style behaviors in risky pregnant,Perinatal Journal,2007,"Karaca Saydam, B., Bozkurt, O",,,no_match,,,,,,,,,,,,,,,,,,"Karaca Saydam, B., Bozkurt, O. D., Hadımlı, A. P., Can, H. O., & Soğukpınar, N. (2007). Evaluation of the effects of self-care capacity on healthy life style behaviors in risky pregnant. Perinatal Journal, 15(3), 131-139."
1023,1160014,16027351,8,,,apa,Modernleşme dönemi Türk romanında evden kaçan ve eve sığınan kadınlar,Electronic Turkish Studies,2013,"Karaca, Ş",,,no_match,,,,,,,,,,,,,,,,,,"Karaca, Ş. (2013). Modernleşme dönemi Türk romanında evden kaçan ve eve sığınan kadınlar. Electronic Turkish Studies, 8(1), 1817-1827."
1060,1191520,17428527,14,,,apa,Yeni nesil web paradigması: Web 4.0,Bilgisayar Bilimleri ve Teknolojileri Dergisi,2020,"Ersöz, B",title_salient,Yeni nesil web paradigması Web,no_match,109977,,no_doi,,Yenieğitim paradigması olarak e-öğrenme 2.0 ve satış elemanlarının eğitiminde kullanımı,2010,Çukurova Üniversitesi Sosyal Bilimler Enstitüsü Dergisi,424,PAPER,0.3195,0.3802,0.4,5,False,0.4835,0.0,False,"Ersöz, B. (2020). Yeni nesil web paradigması: Web 4.0. Bilgisayar Bilimleri ve Teknolojileri Dergisi, 1(2), 58-65."
1081,1368301,25371583,48,,,apa,Afet yönetimi eğitimi niçin gerekli?,Erciyes Üniversitesi Sosyal Bilimler Enstitüsü Dergisi,2019,"Şengün, H., & Küçükşen, M",title_full,Afet yönetimi eğitimi niçin gerekli,no_match,1201250,10.35341/afet.1252364,not_checked,,HalkKütüphanelerinde Afet Risk Yönetimi,2023,Afet ve Risk Dergisi,2593,PAPER,0.3238,0.3582,0.5,5,False,0.3939,0.0,False,"Şengün, H., & Küçükşen, M. (2019). Afet yönetimi eğitimi niçin gerekli?. Erciyes Üniversitesi Sosyal Bilimler Enstitüsü Dergisi, 33(46), 193-211."
1139,1328845,23757725,14,,,apa,Okul yöneticileri nasıl konuşuyor? Öğretmenlerin gözünden bir değerlendirme,Uluslararası Yönetim ve Sosyal Araştırmalar Dergisi,2022,"Boyacıoğlu, B., & Güneyli, A",,,no_match,,,,,,,,,,,,,,,,,,"Boyacıoğlu, B., & Güneyli, A. (2022). Okul yöneticileri nasıl konuşuyor? Öğretmenlerin gözünden bir değerlendirme. Uluslararası Yönetim ve Sosyal Araştırmalar Dergisi, 9(18), 27-50."
1140,1328845,23757728,17,,,apa,Okul yöneticilerinin okul içi tutum ve davranışlarının öğretmenlerin sınıf yönetimi başarısına etkisi,Eğitim ve Öğretim Araştırmaları Dergisi,2023,"Can, E., & Çınar, C",,,no_match,,,,,,,,,,,,,,,,,,"Can, E., & Çınar, C. (2023). Okul yöneticilerinin okul içi tutum ve davranışlarının öğretmenlerin sınıf yönetimi başarısına etkisi. Eğitim ve Öğretim Araştırmaları Dergisi, 12(2), 53-67."
1152,1339083,24959316,27,,,vancouver,Plasma melatonin levels in psoriasis,Acta Derm Venereol,1988,"Mozzanica N, Tadini G, Radaelli A, Negri M, Pigatto P, Morelli M, Frigerio U, Finzi A, Esposti G, Rossi D",title_full,Plasma melatonin levels in psoriasis,no_match,1339083,10.29228/jrp.793,not_checked,,Phosholipidtrafficking between serum-HDL-erythrocyte in various conditions associated with circadian disturbances,2024,Journal of research in pharmacy (online),2309,PAPER,0.1451,0.255,0.0,4,False,0.1786,0.0,True,"[27] Mozzanica N, Tadini G, Radaelli A, Negri M, Pigatto P, Morelli M, Frigerio U, Finzi A, Esposti G, Rossi D. Plasma melatonin levels in psoriasis. Acta Derm Venereol. 1988;68(4):312-316."
1165,1294734,23190919,101,,,quoted,İslam Hukuk Metodolojisinde Zerâyi,Uygulaması,2006,"Şahin, Osman",title_salient,İslam Hukuk Metodolojisinde Zer,no_match,1238922,10.33931/dergiabant.1426702,not_checked,,İslâmHukuk Metodolojisinde Hâs Lafız ve Füru‘-u Fıkha Tesiri,2024,Dergiabant,1183,PAPER,0.5665,0.7317,0.75,4,False,0.3,0.0,False,"Şahin, Osman. “İslam Hukuk Metodolojisinde Zerâyi’ ve Uygulaması.” İslâm Hukuku Araştırmaları Dergisi 7 (2006): 209-43."
1169,1333707,23972195,11,,,vancouver,"Medication errors with the use of allopurinol and colchicine: a retrospective study of a national, anonymous Internetaccessible error reporting system",The Journal of Rheumatology,2006,"Mikuls TR, Curtis JR, Allison JJ, Hicks RW, Saag KG",,,no_match,,,,,,,,,,,,,,,,,,"11. Mikuls TR, Curtis JR, Allison JJ, Hicks RW, Saag KG. Medication errors with the use of allopurinol and colchicine: a retrospective study of a national, anonymous Internet- accessible error reporting system. The Journal of Rheumatology 2006; 33: 562-566."
1207,1247089,22942537,32,,,apa,Tarım ilaçları kullanımı ve riskleri,Erciyes Üniversitesi Fen Bilimleri Enstitüsü Fen Bilimleri Dergisi,2010,"Tiryaki, O., Canhilal, R., & Horuz, S",title_full,Tarım ilaçları kullanımı ve riskleri,no_match,1208229,10.7161/omuanajas.1103344,not_checked,,FındıkÜretim Alanlarında Bitki Koruma İlaçlarını Uygulayan Operatörlerin Risk Algı Düzeylerinin Saptanması,2023,Anadolu Tarım Bilimleri Dergisi,584,PAPER,0.298,0.4085,0.25,4,False,0.4368,0.0,False,"Tiryaki, O., Canhilal, R., & Horuz, S. (2010). Tarım ilaçları kullanımı ve riskleri. Erciyes Üniversitesi Fen Bilimleri Enstitüsü Fen Bilimleri Dergisi, 26(2), 154-169."
1242,1331702,23886868,26,,,apa,Perancangan Sistem Pendukung Keputusan Pemilihan Kepala Sekolah Terbaik Tingkat Kabupaten Labuahan Batu Utara Menggunakan Metode Analytic Hierarchy Process (Ahp)(Studi Kasus Dinas Pendidikan Aek Natas),Informasi dan Teknologi Ilmiah (INTI,2019,"Romadona, D",,,no_match,,,,,,,,,,,,,,,,,,"Romadona, D. (2019). Perancangan Sistem Pendukung Keputusan Pemilihan Kepala Sekolah Terbaik Tingkat Kabupaten Labuahan Batu Utara Menggunakan Metode Analytic Hierarchy Process (Ahp)(Studi Kasus Dinas Pendidikan Aek Natas). Informasi dan Teknologi Ilmiah (INTI), 7(1), 29-31."
1257,1233417,19420851,3,,,apa,Examining the academic and professional future concerns of students attending secondary education institutions,"İstanbul Sabahattin Zaim Üniversitesi, Sosyal Bilimler Enstitüsü",2013,"Aydın, O., & Çiftel, N",,,no_match,,,,,,,,,,,,,,,,,,"Aydın, O., & Çiftel, N. (2013). Examining the academic and professional future concerns of students attending secondary education institutions. İstanbul Sabahattin Zaim Üniversitesi, Sosyal Bilimler Enstitüsü, 2(3), 129-166."
1293,1218584,18717166,48,,,apa,North Arakan: An open prison for the rohingya in burma,Forced Migration Review,2009,"Lewa, C",,,no_match,,,,,,,,,,,,,,,,,,"Lewa, C. (2009). North Arakan: An open prison for the rohingya in burma. Forced Migration Review, 32, 11-13. 29 Eylül 2023 tarihinde https://www.proquest.com/scholarly-journals/north-arakan-open-prison-rohingya-burma/docview/236516719/se-2 adresinden edinilmiştir."
1299,1266556,20808851,16,,,apa,"Türkiye üniversitelerinde coğrafya eğitimi, amaç, yeni hedefler, sorunlar ve öneriler",Ege Coğrafya Dergisi,2000,"Kayan, İ",,,no_match,,,,,,,,,,,,,,,,,,"Kayan, İ. (2000). Türkiye üniversitelerinde coğrafya eğitimi, amaç, yeni hedefler, sorunlar ve öneriler. Ege Coğrafya Dergisi, 11, 7-22."
1308,1278587,21462920,35,,,apa,Innovations in weed control in sunflower (In Spanish),The 2nd Sunflower Congress in Argentina,2003,Zollinger R,,,no_match,,,,,,,,,,,,,,,,,,"Zollinger R (2003) Innovations in weed control in sunflower (In Spanish). The 2nd Sunflower Congress in Argentina, 12-13 August 2003, Buenos Aires, 20-28."
1313,1336472,24080781,20,,,quoted,Dostluktan Çatışmaya Osmanlı Dönemi Türk-İngiliz İlişkileri.,Journal of Anglo-Turkish Relations,2020,"Karaca, Taha Niyazi",,,no_match,,,,,,,,,,,,,,,,,,"Karaca, Taha Niyazi. “Dostluktan Çatışmaya Osmanlı Dönemi Türk-İngiliz İlişkileri.” Journal of Anglo-Turkish Relations, vol. 1, no. 1, 2020, pp. 11-32."
1328,1354571,24786705,33,,,apa,Banka Çalışanlarının İşten Ayrılma Niyetleri Üzerinde Etkili Olan Faktörlere Yönelik Bir Araştırma: Muğla İli Örneği,Mehmet Akif Ersoy Üniversitesi Vizyoner Dergisi,2015,"(33) Taslak, S",,,no_match,,,,,,,,,,,,,,,,,,"(33) Taslak, S. (2015). Banka Çalışanlarının İşten Ayrılma Niyetleri Üzerinde Etkili Olan Faktörlere Yönelik Bir Araştırma: Muğla İli Örneği. Mehmet Akif Ersoy Üniversitesi Vizyoner Dergisi, 7(12), 145-160."
1334,1192697,17744943,15,,,apa,İnsan Kaynakları Yönetiminde Eğitim ve Geliştirmenin Önemi,Journal of Azerbaijani,2007,"Muradova, T",title_full,İnsan Kaynakları Yönetiminde Eğitim ve Geliştirmenin Önemi,no_match,197978,,no_doi,,İNSANKAYNAKLARI YÖNETİMİ'NDE EĞİTİM VE GELİŞTİRME UYGULAMALARI: OTEL İŞLETMESİNDE BİR ÖRNEK OLAY İNCELEMESİ,2015,ULUSLARARASI HAKEMLİ AKADEMİK VE BEŞERİ BİLİMLER DERGİSİ,1025,PAPER,0.53,0.6986,0.6667,6,False,0.2857,0.0,False,"Muradova, T. (2007). İnsan Kaynakları Yönetiminde Eğitim ve Geliştirmenin Önemi. Journal of Azerbaijani, 10 (3-4), 75-84."
1369,1287713,21840307,41,,,apa,Time management in architectural practice,Journal of Environmental Sciences and Resources Management,2015,"Onunze, C",title_full,Time management in architectural practice,no_match,1259860,10.47818/drarch.2024.v5i2127,not_checked,,"Aninsight into architectural design studio education space from a ""time"" perspective",2024,Journal of Design for Resilience in Architecture and Planning,2928,PAPER,0.391,0.4771,0.5,4,False,0.4706,0.0,False,"Onunze, C. N. (2015). Time management in architectural practice. Journal of Environmental Sciences and Resources Management, 7(1), 75-84. https://www.cenresinjournals.com/wp-content/uploads/2020/02/Page-75-84-0395.pdf"
1399,1198100,17795998,21,,,apa,"Productivity Growth, Technical Progress, and Efficiency Change in Industrialized Countries. The American Economic Review, Vol. 84, No",1,1994,"Färe, R., Grosskopf, S., Norris, M",,,no_match,,,,,,,,,,,,,,,,,,"Färe, R., Grosskopf, S., Norris, M. ve Zhang, Z. (1994). Productivity Growth, Technical Progress, and Efficiency Change in Industrialized Countries. The American Economic Review, Vol. 84, No. 1, 66–83."
1422,1338248,24146673,51,,,apa,A new approach to Q-matrix construction for cognitive diagnostic models: Combining expert knowledge with statistical methods,Psychometrika,2023,"Wang, L., Li, Y., & Zhang, J",,,no_match,,,,,,,,,,,,,,,,,,"Wang, L., Li, Y., & Zhang, J. (2023). A new approach to Q-matrix construction for cognitive diagnostic models: Combining expert knowledge with statistical methods. Psychometrika, 88(1), 123–145."
1423,1369000,25394101,3,,,apa,Kent halkının kentsel yaşam memnuniyeti üzerinde etkili sosyo-demografik özelliklerinin belirlenmesi üzerine bir araştırma: Kemaliye örneği”,İnönü Üniversitesi Sanat ve Tasarım Dergisi,2014,"Atik, A., Taçoral E., & Altunkasa, M",,,no_match,,,,,,,,,,,,,,,,,,"Atik, A., Taçoral E., & Altunkasa, M. F. (2014). Kent halkının kentsel yaşam memnuniyeti üzerinde etkili sosyo-demografik özelliklerinin belirlenmesi üzerine bir araştırma: Kemaliye örneği”. İnönü Üniversitesi Sanat ve Tasarım Dergisi, 4(9), 21–33."
1433,1256191,20686078,6,,,apa,Öğrencilerin matematik korkusunun incelenmesi,Turkish Journal of Educational Studies,2020,"Başar, M",title_full_year,Öğrencilerin matematik korkusunun incelenmesi,no_match,397799,10.7822/omuefd.586755,not_checked,,MatematikTemelli Çeşitli Teknoloji Uygulamalarının Lise Öğrencilerinin Katı Cisim ve Boyut Konularındaki Algılarına Etkisinin İncelenmesi,2020,Ondokuz Mayıs Üniversitesi Eğitim Fakültesi Dergisi,399,PAPER,0.5229,0.3736,0.75,4,True,0.3371,0.0,False,"Başar, M. & Doğan, M. C. (2020). Öğrencilerin matematik korkusunun incelenmesi. Turkish Journal of Educational Studies, 7(3), 1-26. Bekdemir, M. (2009). Meslek yüksekokulu öğrencilerinin matematik kaygı düzeylerinin ve başarılarının değerlendirilmesi. Erzincan Üniversitesi Fen Bilimleri Enstitüsü Dergisi, 2(2), 169-189."
1464,1256201,20686811,19,,,apa,"An investigation on the relationship between perfectionism beliefs, self-efficacy, and test anxiety with self-handicapping behaviors",International Journal of Behavioral Sciences,2016,"Firoozi, M., Zadebagheri, G., Kazemi, A., & Karami, M",,,no_match,,,,,,,,,,,,,,,,,,"Firoozi, M., Zadebagheri, G., Kazemi, A., & Karami, M. (2016). An investigation on the relationship between perfectionism beliefs, self-efficacy, and test anxiety with self-handicapping behaviors. International Journal of Behavioral Sciences, 10(2), 45-49."
1527,1367147,25326803,30,,,vancouver,İzmir ilinde emlak fiyatlarına etki eden faktörler-hedonik yaklaşım,Dokuz Eylül Üniversitesi İktisadi İdari Bilimler Fakültesi Dergisi,2001,Üçdoğruk Ş,,,no_match,,,,,,,,,,,,,,,,,,Üçdoğruk Ş. İzmir ilinde emlak fiyatlarına etki eden faktörler-hedonik yaklaşım. Dokuz Eylül Üniversitesi İktisadi İdari Bilimler Fakültesi Dergisi 2001; 16(2): 149-161.
1555,1328405,23735902,77,,,apa,Sosyal bilimlerde nitel araştırma yöntemleri,Eğitimde Kuram ve Uygulama,2006,"Zehir Topkaya, E",title_full,Sosyal bilimlerde nitel araştırma yöntemleri,no_match,1399088,10.15869/itobiad.1732414,not_checked,,SosyalBilimlerde Yapay Zekâ Literatürünün Haritalanması: Kavramsal ve Tematik Eğilimlere Yönelik Bibliyometrik Bir Analiz (2015–2025),2026,İnsan ve Toplum Bilimleri Araştırmaları Dergisi,1035,PAPER,0.3186,0.4103,0.4,5,False,0.2466,0.0,False,"Zehir Topkaya, E. (2006). Sosyal bilimlerde nitel araştırma yöntemleri. Eğitimde Kuram ve Uygulama, 2(2), 113- 118."
1571,1343368,24344613,6,,,apa,Using animal manure to grow lettuce (Lactuca sativa L.) in a Homemade Hydroponics System. KKU Res,J,2014,"Charoenpakdee, S",,,no_match,,,,,,,,,,,,,,,,,,"Charoenpakdee, S. (2014). Using animal manure to grow lettuce (Lactuca sativa L.) in a Homemade Hydroponics System. KKU Res. J, 19, 256-261."
1609,1211463,19124675,11,,,vancouver,The relationship between codependency and divorce,Social Welfare Quarterly,2016,"Danaeifar M, Azadchehr MJ, Moghani-Bashi Mansourieh A",title_full,The relationship between codependency and divorce,no_match,1312491,10.51982/bagimli.1491201,not_checked,,TheRelationship between Addiction Severity and Co-Addiction Level in Individuals with Substance Use Disorder,2025,Bağımlılık Dergisi,16,PAPER,0.3973,0.518,0.5,4,False,0.2564,0.0,False,"Danaeifar M, Azadchehr MJ, Moghani-Bashi Mansourieh A. The relationship between codependency and divorce. Social Welfare Quarterly 2016; 16(61): 87–105."
1633,1336609,24085890,73,,,apa,"A review of Acceptance and Commitment Therapy (ACT) empirical evidence: Correlational, experimental psychopathology, component, and outcome studies",Int J Psychol Psychol Ther,2010,"Ruiz, F",,,no_match,,,,,,,,,,,,,,,,,,"Ruiz, F. J. (2010). A review of Acceptance and Commitment Therapy (ACT) empirical evidence: Correlational, experimental psychopathology, component, and outcome studies. Int J Psychol Psychol Ther, 10(1), 125–162."
1658,1246572,20297786,13,,,vancouver,Hypoxia and inflammation are risk factors for acute myocardial injury in patients with coronavirus disease 2019,Beijing Da Xue Xue Bao Yi Xue Ban,2020,"Yang LC, Zhang RT, Guo LJ, Xiao H, Zu LY, Zhang YY",,,no_match,,,,,,,,,,,,,,,,,,"13. Yang LC, Zhang RT, Guo LJ, Xiao H, Zu LY, Zhang YY, et al. Hypoxia and inflammation are risk factors for acute myocardial injury in patients with coronavirus disease 2019. Beijing Da Xue Xue Bao Yi Xue Ban. 2020;53(1):159-66. Chinese."
1660,1212011,18477939,19,,,apa,"Vorläufiger Bericht über die archäozoologischen Untersuchungen am Göbekli Tepe und am Gürcütepe bei Urfa, Türkei",Istanbuler Mitteilungen,1999,"Driesch, A., & Peters, J",,,no_match,,,,,,,,,,,,,,,,,,"[19] Driesch, A., & Peters, J. (1999). Vorläufiger Bericht über die archäozoologischen Untersuchungen am Göbekli Tepe und am Gürcütepe bei Urfa, Türkei. Istanbuler Mitteilungen, 49, 23-39."
1672,1279129,21361960,1,,,apa,"Assessment of genetic variability for three coriander (Coriandrum sativum L.) cultivars grown in Egypt, using morphological characters, essential oil composition and ISSR markers. World Appl. Sci. J",25,2013,"Abou El-Nasr THS, Ibrahim MM, Aboud KA, El-Enany MA",,,no_match,,,,,,,,,,,,,,,,,,"Abou El-Nasr THS, Ibrahim MM, Aboud KA, El-Enany MA (2013) Assessment of genetic variability for three coriander (Coriandrum sativum L.) cultivars grown in Egypt, using morphological characters, essential oil composition and ISSR markers. World Appl. Sci. J. 25, 839–849."
1689,1335543,24043850,18,,,apa,Milli Mücadelenin Sözcülerinden: Anadolu'da Yenigün,Ankara Üniversitesi SBF Dergisi,1981,"Kocabaşoğlu, U",,,no_match,,,,,,,,,,,,,,,,,,"Kocabaşoğlu, U. (1981). Milli Mücadelenin Sözcülerinden: Anadolu'da Yenigün. Ankara Üniversitesi SBF Dergisi, 36(1), 179-202."
1705,1283810,21631899,35,,,apa,İlköğretimde işlenen ekoloji konusunun 10. sınıf öğrencilerin ekosistem ekolojisi konusundaki hazırbulunuşluk düzeyleri üzerindeki etkisinin saptanmasında kelime ilişkilendirmenin kullanılması,Eğitim ve öğretim araştırmaları dergisi,2013,"Güneş, H., & Gözüm, A",,,no_match,,,,,,,,,,,,,,,,,,"Güneş, H., & Gözüm, A. İ. C. (2013). İlköğretimde işlenen ekoloji konusunun 10. sınıf öğrencilerin ekosistem ekolojisi konusundaki hazırbulunuşluk düzeyleri üzerindeki etkisinin saptanmasında kelime ilişkilendirmenin kullanılması. Eğitim ve öğretim araştırmaları dergisi, 2(3), 252-264."
1709,1281540,21500503,34,,,apa,Türkiye’de kırsal turizm destinasyonlarının rekabetçi gücünün geliştirilmesi için stratejik öneriler,Balkan Sosyal Bilimler Dergisi,2016,"Karamehmet, B., Aydın, G",,,no_match,,,,,,,,,,,,,,,,,,"Karamehmet, B., Aydın, G. ve Özgöker, C. U. (2016). Türkiye’de kırsal turizm destinasyonlarının rekabetçi gücünün geliştirilmesi için stratejik öneriler. Balkan Sosyal Bilimler Dergisi, 5(10), 106-116."
1756,1232828,19542398,35,,,apa,Capital structure and its impact on profit ability: A study of listed manufacturing companies in SRI Lanka,"Ekonomika, Journal for Economic Theory and Practice and Social Issues",2010,"Namalathasan, B",,,no_match,,,,,,,,,,,,,,,,,,"Namalathasan, B. (2010). Capital structure and its impact on profit ability: A study of listed manufacturing companies in SRI Lanka. Ekonomika, Journal for Economic Theory and Practice and Social Issues, 56(4), 83-92."
1775,1270798,21075237,11,,,apa,Mind maps as a means of visualization of educational tasks,Revista Inclusiones,2021,"Blakh, V., Yurina, Y., Sagan, O., & Liba, O",,,no_match,,,,,,,,,,,,,,,,,,"Blakh, V., Yurina, Y., Sagan, O., & Liba, O. (2021). Mind maps as a means of visualization of educational tasks. Revista Inclusiones, 8(1), 106-114."
1800,1228966,21593838,6,,,apa,Teknolojinin istihdam üzerine etkisi: VAR analizi,Süleyman Demirel Üniversitesi İktisadi ve İdari Bilimler Fakültesi Dergisi,2021,"Bayar, H",title_full_year,Teknolojinin istihdam üzerine etkisi VAR analizi,no_match,489664,,no_doi,,ÇalışanlarRobotlar Yüzünden İşsiz mi Kalacak? Teknoloji ve İstihdam Üzerine Bir Meta-Analiz Çalışması,2021,Sosyoekonomi,690,PAPER,0.4922,0.5191,0.3333,5,True,0.1282,0.0,False,"Bayar, H. T., & Öztürk, M. (2021). Teknolojinin istihdam üzerine etkisi: VAR analizi. Süleyman Demirel Üniversitesi İktisadi ve İdari Bilimler Fakültesi Dergisi, 26(2), 119-127."
1801,1243634,19814858,3,,,apa,Yabancılara Türkçe öğretimi alanında yayınlanan makaleler üzerine bir analiz çalışması,Pamukkale Üniversitesi Sosyal Bilimler Enstitüsü Dergisi,2017,"Biçer, N",title_full_year,Yabancılara Türkçe öğretimi alanında yayınlanan makaleler üzerine bir analiz çalışması,strong,279448,,no_doi,,YABANCILARATÜRKÇE ÖĞRETİMİ ALANINDA YAYINLANAN MAKALELER ÜZERİNE BİR ANALİZ ÇALIŞMASI,2017,Pamukkale Üniversitesi Sosyal Bilimler Enstitüsü Dergisi,876,PAPER,1.0,1.0,1.0,8,True,1.0,1.0,False,"Biçer, N. (2017). Yabancılara Türkçe öğretimi alanında yayınlanan makaleler üzerine bir analiz çalışması. Pamukkale Üniversitesi Sosyal Bilimler Enstitüsü Dergisi, 27, 237- 245."
1814,1208585,18329716,82,,,apa,Her Şey Dâhil Sistemi Ve Sistemin Türk Turizm Sektörüne Etkileri. TC Turizm Bakanlığı II,"Turizm Şurası Bildirileri, Ankara",2002,"Yürik, E",,,no_match,,,,,,,,,,,,,,,,,,"Yürik, E. Ö. (2002). Her Şey Dâhil Sistemi Ve Sistemin Türk Turizm Sektörüne Etkileri. TC Turizm Bakanlığı II. Turizm Şurası Bildirileri, Ankara, 291-295,"
1848,1331202,23862737,18,,,vancouver,Statistics corner: A guide to appropriate use of correlation coefficient in medical research,Malawi Med J,2012,Mukaka MM,,,no_match,,,,,,,,,,,,,,,,,,18. Mukaka MM. Statistics corner: A guide to appropriate use of correlation coefficient in medical research. Malawi Med J. 2012;24(3):69-71.
1857,1285841,21766711,34,,,quoted,Kültürel Mirasın Korunması ve Ülke Kalkınmasındaki Önemi,Türk Kültürü,2005,"Palaz Erdemir, Hatice ve Erdemir, Halil",,,no_match,,,,,,,,,,,,,,,,,,"Palaz Erdemir, Hatice ve Erdemir, Halil, “Kültürel Mirasın Korunması ve Ülke Kalkınmasındaki Önemi”, Türk Kültürü, XLIII/505-506 (2005): 129-144."
1864,1215162,19055454,18,,,apa,Öğretmen yetiştirme ve mesleki gelişimde eylem araştırması,Uluslararası Sosyal Bilimler Dergisi,2009,"Kuzu, A",title_full,Öğretmen yetiştirme ve mesleki gelişimde eylem araştırması,no_match,280652,,no_doi,,CONTRIBUTIONTO THE PEDAGOGICAL COMPETENCES OF SOCIAL STUDIES TEACHER CANDIDATES 'RELEVANCE RELATED TO SCIENTIFIC LITERACY,2017,Uluslararası Avrasya Sosyal Bilimler Dergisi,973,PAPER,0.1614,0.1887,0.0,6,False,0.9041,0.0,False,"Kuzu, A. (2009). Öğretmen yetiştirme ve mesleki gelişimde eylem araştırması. Uluslararası Sosyal Bilimler Dergisi, 2(6), 425-433."
1869,1217029,18657115,40,,,apa,Çukurova’dan Isparta’ya -güney yurt halk şairleri,Ün Isparta Halkevi Mecmuası,1940,"Yalgın (Yalman), Rıza",,,no_match,,,,,,,,,,,,,,,,,,"Yalgın (Yalman), Rıza (1940). Çukurova’dan Isparta’ya -güney yurt halk şairleri. Ün Isparta Halkevi Mecmuası, 7 (78-79), 1079-1081."
1898,1346537,24467083,17,,,apa,Evaluation of the sperm acrosome integrity in cryopreserved buffalo semen using two staining methods: Sperm-blue [R] and eosin-nigrosin,Revista CES Medicina Veterinaria y Zootecnia,2016,"Melendez, C",,,no_match,,,,,,,,,,,,,,,,,,"Melendez, C. O., Quintero-Moreno, A., Nava-Trujillo, H., Guillen, J. R., & Añez, J. C. G. (2016). Evaluation of the sperm acrosome integrity in cryopreserved buffalo semen using two staining methods: Sperm-blue [R] and eosin-nigrosin. Revista CES Medicina Veterinaria y Zootecnia, 11(3), 192-193."
1909,1361503,25081907,3,,,quoted,Gumanitarnoye izmereniye armyano-rossiyskix otnosheniy,Rossiya i noviye qosudarstva Yevrazii,2018,"Grigoryan, Grigor:",,,no_match,,,,,,,,,,,,,,,,,,"Grigoryan, Grigor: “Gumanitarnoye izmereniye armyano-rossiyskix otnosheniy”, Rossiya i noviye qosudarstva Yevrazii, ИМЭМО РАН, No. 1, 2018, p.83-87."
1920,1342917,24325957,9,,,apa,"Zenginlik: ‘Zengin’ bir araştırma gündemi, ‘yoksul’ bir literatür",Toplum ve bilim,2005,"(9) Bora, T",,,no_match,,,,,,,,,,,,,,,,,,"(9) Bora, T. & Erdoğan, N. (2005). Zenginlik: ‘Zengin’ bir araştırma gündemi, ‘yoksul’ bir literatür. Toplum ve bilim, 104, 3-12. Retrieved from https://iletisim.com.tr/dergiler/toplum-ve-bilim/3/sayi-104-2005-spor-oyun-degil-ciddi-is/9974/zenginlik-zengin-bir-arastirma-gundemi-yoksul-bir-literatur/10514."
1925,1346919,24482946,47,,,quoted,1867 Paris Sergisi ve Sultan Abdülaziz,Sergiyi Ziyareti,2013,"Tekdemir, Aziz",title_full_year,1867 Paris Sergisi ve Sultan Abdülaziz,no_match,168782,,no_doi,,SultanAbdülaziz'e sunulmuş bir siyâsetâme çevirisi: Kavalalı Hüseyin Kâzım'ın Risâle - i Seciyye si,2013,Adıyaman Üniversitesi Sosyal Bilimler Enstitü Dergisi,830,PAPER,0.3758,0.2586,0.4,5,True,0.1905,0.0,False,"Tekdemir, Aziz, “1867 Paris Sergisi ve Sultan Abdülaziz’in Sergiyi Ziyareti”, Trakya Üniversitesi Edebiyat Fakültesi Dergisi, III/6, (Temmuz 2013), 1-19."
1975,1286808,21915120,29,,,quoted,"The Research Support Libraries Programme, the Distributed National Collection, and the Importance of Cross-Sectoral Collaboration,",Do We Want to Keep Our Newspapers?,2002,R,,,no_match,,,,,,,,,,,,,,,,,,"R. Milne, “The Research Support Libraries Programme, the Distributed National Collection, and the Importance of Cross-Sectoral Collaboration,” in Do We Want to Keep Our Newspapers?, ed. D. McKitterick (2002), 81–85."
2017,1187826,17314637,26,,,apa,Açımlayıcı faktör analiz sürecini etkileyen unsurların değerlendirilmesi,Karaelmas Eğitim Bilimleri Dergisi,2014,"Çolakoğlu, Ö",,,no_match,,,,,,,,,,,,,,,,,,"Çolakoğlu, Ö. M. ve Büyükekşi, C. (2014). Açımlayıcı faktör analiz sürecini etkileyen unsurların değerlendirilmesi. Karaelmas Eğitim Bilimleri Dergisi, 2(1), 56-64."
2033,1326405,23650609,26,,,apa,Yapısal eşitlik modellemesi ile yaşam memnuniyeti modelinin geliştirilmesi,Bartın Üniversitesi İktisadi İdari Bilimler Dergisi,2016,"Karagöz, Y., & Ağbektaş, A",,,no_match,,,,,,,,,,,,,,,,,,"Karagöz, Y., & Ağbektaş, A. (2016). Yapısal eşitlik modellemesi ile yaşam memnuniyeti modelinin geliştirilmesi. Bartın Üniversitesi İktisadi İdari Bilimler Dergisi, 7(13), 274-290."
2078,1275244,21181495,14,,,apa,Beşeri sermaye ve ekonomik büyüme ilişkisi: Türkiye için nedensellik analizi,Balkan Sosyal Bilimler Dergisi,2019,"Çeştepe, H",title_full_year,Beşeri sermaye ve ekonomik büyüme ilişkisi Türkiye için nedensellik analizi,no_match,371360,,no_doi,,BeşeriSermaye ve Ekonomik Büyüme İlişkisi: Türkiye Üzerine Ekonometrik Bir Analiz,2019,Atatürk Üniversitesi İktisadi ve İdari Bilimler Dergisi,405,PAPER,0.7942,0.8258,0.8571,8,True,0.5176,0.0,False,"Çeştepe, H. ve Gençel, H. (2019). Beşeri sermaye ve ekonomik büyüme ilişkisi: Türkiye için nedensellik analizi. Balkan Sosyal Bilimler Dergisi, 8(16), 139-146."
2127,1184923,17108635,60,,,quoted,Anadolu Türkçesinde Yabancı Ögeler,Türk Dili Araştırmaları Yıllığı – Belleten 51/2,2003,"Eren, Hasan",title_full,Anadolu Türkçesinde Yabancı Ögeler,no_match,457279,10.34083/akaded.893893,not_checked,,EskiAnadolu Türkçesinin Söz Dizimi Üzerine Bir İnceleme (13-14. yy.),2021,Akademik Dil ve Edebiyat Dergisi ,2407,PAPER,0.3634,0.5581,0.25,4,False,0.2597,0.0,False,"Eren, Hasan. “Anadolu Türkçesinde Yabancı Ögeler”, Türk Dili Araştırmaları Yıllığı – Belleten 51/2 (2003), 156-169."
2129,1250480,20103882,8,,,vancouver,Solitary rectal ulcer syndrome,Güncel Gastroenteroloji,2010,"Aygün C, Bahçecioğlu İ.H",title_full,Solitary rectal ulcer syndrome,no_match,1137446,10.51271/jpea-2021-0103,not_checked,,SolitaryRectal Ulcer Syndrome in Children,2021,The journal of pediatric academy (Online),2869,PAPER,0.6791,0.8438,1.0,4,False,0.2903,0.0,False,"8. Aygün C, Bahçecioğlu İ.H. Solitary rectal ulcer syndrome. [Güncel Gastroenteroloji] 2010;14(1): 35-8."
2180,1258308,20440384,14,,,apa,Rally or repeat the mistakes: The impact of new starting point thinking and brand crisis types on consumer forgiveness. Nankai Manag,Rev,2020,"Chen, S",,,no_match,,,,,,,,,,,,,,,,,,"Chen, S. Y., Wei, H. Y., Ran, Y. X., & Meng, L. (2020). Rally or repeat the mistakes: The impact of new starting point thinking and brand crisis types on consumer forgiveness. Nankai Manag. Rev, 23(4), 49- 58."
2186,1244514,19847565,67,,,apa,Pseudomonas stutzeri RP1: a versatile plant growth promoting endorhizospheric bacteria inhabiting sunflower (Helianthus annuus),Journal of Biotechnology,2013,"Pandey, R., Chavan, P",,,no_match,,,,,,,,,,,,,,,,,,"Pandey, R., Chavan, P. N., Walokar, N. M., Sharma, N., Tripathi, V., Khetmalas, M.B. (2013). Pseudomonas stutzeri RP1: a versatile plant growth promoting endorhizospheric bacteria inhabiting sunflower (Helianthus annuus). Journal of Biotechnology, 8(7), 48-55."
2203,1271868,21017295,4,,,apa,Effects of organic chromium on performance in poultry,Turkish Food Manufacturers’ Association [Journal,2021,"Aydın, T., & Şehu, A",,,no_match,,,,,,,,,,,,,,,,,,"Aydın, T., & Şehu, A. (2021). Effects of organic chromium on performance in poultry. Turkish Food Manufacturers’ Association [Journal], 90, 49–56."
2221,1232129,19366070,11,,,apa,Otel Mutfak Çalışanları Mesleki Eğitim Seviyeleri Ve Kariyer Hedeflerinin Ölçülmesi: Kış Koridoru Analizi,Yorum Yönetim Yöntem Uluslararası Yönetim Ekonomi ve Felsefe Dergisi,2017,"Denk, E",,,no_match,,,,,,,,,,,,,,,,,,"Denk, E. ve Koşan, A. (2017). Otel Mutfak Çalışanları Mesleki Eğitim Seviyeleri Ve Kariyer Hedeflerinin Ölçülmesi: Kış Koridoru Analizi. Yorum Yönetim Yöntem Uluslararası Yönetim Ekonomi ve Felsefe Dergisi, 5(1), 55-83."
2239,1275030,21174818,40,,,apa,Improvement of student competency in physics using Predict-Observe-Explain-Write (POEW) learning model at senior high school,Jurnal Penelitian Inovasi Pembelajaran Fisika,2012,"Sani, R",,,no_match,,,,,,,,,,,,,,,,,,"Sani, R. A., & Anggryani-Sinaga, L. F. (2012). Improvement of student competency in physics using Predict-Observe-Explain-Write (POEW) learning model at senior high school. Jurnal Penelitian Inovasi Pembelajaran Fisika, 4(2), 1-7."
2249,1292409,22033949,29,,,apa,Eski Türk Şiiri’nde Oğuzca unsurlar,"Oğuz-Türkmen Araştırmaları Dergisi, IV(1",2020,"Özevren, M",,,no_match,,,,,,,,,,,,,,,,,,"Özevren, M. S. (2020). Eski Türk Şiiri’nde Oğuzca unsurlar. Oğuz-Türkmen Araştırmaları Dergisi, IV(1), 142-153."
2252,1223704,18907201,6,,,apa,The effect of source-sink restriction and plant density changes on the role of assimilate remobilization in corn grain yield,International Journal of Agriculture and Crop Sciences,2013,"Falihzade, F., Mojadam, M",,,no_match,,,,,,,,,,,,,,,,,,"Falihzade, F., Mojadam, M. and Lack, S. (2013). The effect of source-sink restriction and plant density changes on the role of assimilate remobilization in corn grain yield. International Journal of Agriculture and Crop Sciences, 5(20): 2459-2465."
2266,1209154,18317110,38,,,volume_pages,Entansif ve yarı entansif koşullarda (özel olarak tesis edilmiş hindi meralarında) yetiştirilen bronz hindilerin besi performansları ve karkas özellikleri yönünden karşılaştırılması,"Turk J Vet Anim Sci, 23",1999,"Şengül T, Yurtseven S, Polat T",,,no_match,,,,,,,,,,,,,,,,,,"Şengül T, Yurtseven S, Polat T, 1999. Entansif ve yarı entansif koşullarda (özel olarak tesis edilmiş hindi meralarında) yetiştirilen bronz hindilerin besi performansları ve karkas özellikleri yönünden karşılaştırılması. Turk J Vet Anim Sci, 23, 9, 489-93."
2330,1269165,20883590,5,,,volume_pages,Kentsel tasarım kavramında kentsel tasarım rehberlerinin yeri ve önemi,Kent Akademisi,2018,"Arısu, S",title_full,Kentsel tasarım kavramında kentsel tasarım rehberlerinin yeri ve önemi,no_match,1270561,10.58816/duzceod.1209384,not_checked,,Yerler”in Yaratılmasında Bir Araç Olarak Kentsel Tasarım Rehberlerinin Rolü,2023,Düzce Üniversitesi Orman Fakültesi Ormancılık Dergisi,1859,PAPER,0.4796,0.6094,0.625,8,False,0.3607,0.0,False,"Arısu, S., 2018. Kentsel tasarım kavramında kentsel tasarım rehberlerinin yeri ve önemi. Kent Akademisi, 11(2), 243-255."
2337,1373862,25571186,61,,,quoted,Dahiliye Vekili Nazım Bey,İstifası Meselesi,1995,"Yalçın, E",,,no_match,,,,,,,,,,,,,,,,,,"Yalçın, E. Semih, “Dahiliye Vekili Nazım Bey’in İstifası Meselesi.” Atatürk Araştırma Merkezi Dergisi XI, 32 (1995): 405-416. https://dergipark.org.tr/tr/download/article-file/1172083"
2350,1276318,21227674,12,,,vancouver,Evaluation the dentists' awareness of inherited bleeding disorders and anticoagulants in Shiraz,Iran J Ped Hematol Oncol,2013,"Robati R, Farokhi M",,,no_match,,,,,,,,,,,,,,,,,,"12. Robati R, Farokhi M. Evaluation the dentists' awareness of inherited bleeding disorders and anticoagulants in Shiraz. Iran J Ped Hematol Oncol 2013; 3(4):159–63."
2357,1372580,25525233,21,,,apa,The Influence of supply chain performance and motivation on employee performance,International Journal of Supply Chain Management,2020,"Sutia, S., Riadi, R., & Fahlevi, M",,,no_match,,,,,,,,,,,,,,,,,,"Sutia, S., Riadi, R., & Fahlevi, M. (2020). The Influence of supply chain performance and motivation on employee performance. International Journal of Supply Chain Management, 9(2), 86-92."
2384,1345574,24437737,19,,,apa,Yapısal ve işlevsel bakımdan geleneksel bayramlar bağlamında Nevruz ve Hıdrellez,Türkbilig / Türkoloji Araştırmaları Dergisi,2000,"Çobanoğlu, Ö",,,no_match,,,,,,,,,,,,,,,,,,"Çobanoğlu, Ö. (2000). Yapısal ve işlevsel bakımdan geleneksel bayramlar bağlamında Nevruz ve Hıdrellez. Türkbilig / Türkoloji Araştırmaları Dergisi, 1(1), 51-59."
2386,1345574,24437783,65,,,apa,"Türkiye’de kültürel mirasın anlamı ve yönetimi. Aksoy, A. ve Ünsal, D. (Ed.)",Kültürel Miras Yönetimi içinde (Ünite 2,2012,"Ünsal, D., & Pulhan, G",,,no_match,,,,,,,,,,,,,,,,,,"Ünsal, D., & Pulhan, G. (2012). Türkiye’de kültürel mirasın anlamı ve yönetimi. Aksoy, A. ve Ünsal, D. (Ed.). Kültürel Miras Yönetimi içinde (Ünite 2, 30-65). Anadolu Üniversitesi Yayınları."
2396,1334347,23995566,2,,,quoted,Il Carro Del Dio Del Sole Nei Testi Cuneiformi Dell,età Del Bronzo,2012,"Alaura, Silvia ve Bonechi, Marco",,,no_match,,,,,,,,,,,,,,,,,,"Alaura, Silvia ve Bonechi, Marco. “Il Carro Del Dio Del Sole Nei Testi Cuneiformi Dell’età Del Bronzo”, Studi micenei ed egeo-anatolici 54 (2012): 5-115."
2405,1229865,19506636,10,,,apa,Personel hizmeti sunan belediye şirketleri,"Sayıştay Dergisi, (113",2019,"Cilavdaroğlu, A",title_full_year,Personel hizmeti sunan belediye şirketleri,strong,329333,,no_doi,,PERSONELHİZMETİ SUNAN BELEDİYE ŞİRKETLERİ,2019,Sayıştay Dergisi,684,PAPER,0.9436,1.0,1.0,5,True,0.9091,0.0,False,"Cilavdaroğlu, A. A. (2019). Personel hizmeti sunan belediye şirketleri. Sayıştay Dergisi, (113), 181-205."
2428,1238160,19595330,2,,,volume_pages,“Restoran İşletmelerinde Müşteri Şikâyetleri ve Şikâyete İlişkin Davranışlar,"Paradoks Ekonomi, Sosyoloji ve Politika Dergisi",2013,"Albayrak, A",,,no_match,,,,,,,,,,,,,,,,,,"Albayrak, A. (2013). “Restoran İşletmelerinde Müşteri Şikâyetleri ve Şikâyete İlişkin Davranışlar.” Paradoks Ekonomi, Sosyoloji ve Politika Dergisi, 2(9), 24-51."
2432,1335040,24020210,102,,,apa,"Water Lettuce (Pistia stratiotes, Linn) potency as one of ecofriendly phytoextraction absorbers of zinc heavy metal to solve industrial waste problem in indonesia",International Conerence on Environmental Biomedical and Biotechnology,2012,Nurhayati P,,,no_match,,,,,,,,,,,,,,,,,,"Nurhayati P. (2012). Water Lettuce (Pistia stratiotes, Linn) potency as one of eco- friendly phytoextraction absorbers of zinc heavy metal to solve industrial waste problem in indonesia. International Conerence on Environmental Biomedical and Biotechnology, 41, 151-156,"
2447,1305300,22582007,8,,,apa,The Economic Impact of the FIFA World Cup 2006 in Germany,Journal of Sports Economics,2018,"Maennig, W",,,no_match,,,,,,,,,,,,,,,,,,"Maennig, W. ve Zimmermann, P. (2018). The Economic Impact of the FIFA World Cup 2006 in Germany. Journal of Sports Economics, 19(2), 183-212."
2469,1344046,24377270,31,,,apa,Çocuğun dini eğitimi ve öğretiminde bilgisayarın yeri ve önemi,Uludağ Üniversitesi İlahiyat Fakültesi Dergisi,1998,"Kılavuz, M",,,no_match,,,,,,,,,,,,,,,,,,"Kılavuz, M. A. (1998). Çocuğun dini eğitimi ve öğretiminde bilgisayarın yeri ve önemi. Uludağ Üniversitesi İlahiyat Fakültesi Dergisi, 7(7), 373-378."
2507,1366307,25296675,32,,,apa,Granitoyid Atıklarının (Gümüşhane) Seramik Sırlarda Renklendirici Olarak Kullanılması: Sürdürülebilir Üretim Açısından Bir Değerlendirme. Uluslararası Katılımlı 77,Türkiye Jeoloji Kurultayı,2025,"Tonza Helvacıkara, F., Çakır Arianpour, A., Işıktaş, İ",,,no_match,,,,,,,,,,,,,,,,,,"Tonza Helvacıkara, F., Çakır Arianpour, A., Işıktaş, İ. D., Gücer, M. A. & Sipahi, F., Bedel Özek, S. (2025). Granitoyid Atıklarının (Gümüşhane) Seramik Sırlarda Renklendirici Olarak Kullanılması: Sürdürülebilir Üretim Açısından Bir Değerlendirme. Uluslararası Katılımlı 77. Türkiye Jeoloji Kurultayı, 14-18 Nisan 2025, Ankara, Türkiye."
2513,1276330,21228142,24,,,apa,Kâğıt Endüstrisinde Oluşabilecek Çevre Sorunları ve Çözüm Önerileri. İçinde Üniversite Öğrencileri IV,Çevre Sorunları Kongresi Bildiri Kitabı,2007,"Oktay, Y., Şahiner, E",,,no_match,,,,,,,,,,,,,,,,,,"Oktay, Y., Şahiner, E. B. (2007). Kâğıt Endüstrisinde Oluşabilecek Çevre Sorunları ve Çözüm Önerileri. İçinde Üniversite Öğrencileri IV. Çevre Sorunları Kongresi Bildiri Kitabı, 176-184."
2530,1333057,24222718,23,10.14359/51684395,10.14359/51684395,apa,Shrinkage Cracking and Durability Characteristics of Alkali-Activated Slag Concrete,Materials Journal,2012,"Ghafoori, N., & Diaz-Loya, I",,,no_match,,,,,,,,,,,,,,,,,,"Ghafoori, N., & Diaz-Loya, I. (2012). Shrinkage Cracking and Durability Characteristics of Alkali-Activated Slag Concrete. Materials Journal, 109(2), 209-217. https://doi.org/10.14359/51684395."
2569,1349860,24607124,29,,,apa,Effective feedback to improve students’ writing skills,"English Education, Linguistics, and Literature Journal",2022,"Wulandari, Y",title_full_year,Effective feedback to improve students writing skills,no_match,1158974,10.17522/balikesirnef.1127523,not_checked,,PreService Mathematics and Physics Teachers’ Experiences of Implementing Peer-Assessment,2022,Necatibey Eğitim Fakültesi Elektronik Fen ve Matematik Eğitimi Dergisi,202,PAPER,0.335,0.3429,0.0,6,True,0.2385,0.0,False,"Wulandari, Y. (2022). Effective feedback to improve students’ writing skills. English Education, Linguistics, and Literature Journal, 1(1), 10-17."
2593,1379873,25759419,25,,,apa,Significance of artificial insemination in poultry,Research & Reviews: Journal of Veterinary Science and Technology,2016,"Kharayat, N,S., Chaudhary, G,R., Katiyar, R., Balmurugan, B., Patel, M., Uniyal, S., Raza, M., & Mishra, G",title_full,Significance of artificial insemination in poultry,no_match,399151,10.34233/jpr.606502,not_checked,,KanatlıHayvanlarda Reprodüktif Mekanizma ve Fertilizasyon,2019,Tavukçuluk Araştırma Dergisi,1144,PAPER,0.1615,0.2804,0.0,4,False,0.225,0.0,False,"Kharayat, N,S., Chaudhary, G,R., Katiyar, R., Balmurugan, B., Patel, M., Uniyal, S., Raza, M., & Mishra, G. (2016). Significance of artificial insemination in poultry. Research & Reviews: Journal of Veterinary Science and Technology, 5(1), 1-5. https://sciencejournals.stmjournals.in/index.php/RRJoVST/article/view/519."
2613,1234348,19456943,38,,,apa,Turkey and the Post-Soviet states: a new way forward,Insight Turkey,2005,"Walker, J",title_full,Turkey and the Post Soviet states a new way forward,no_match,321692,,no_doi,,DÜNYADAVE TÜRKİYE’DE İDAREYİ DEĞİŞİME İTEN NEDENLER,2017,Dumlupınar Üniversitesi Sosyal Bilimler Dergisi,501,PAPER,0.2038,0.3678,0.0,7,False,0.1786,0.0,False,"Walker, J. W. (2005). Turkey and the Post-Soviet states: a new way forward. Insight Turkey, 7(4), 13–19."
2626,1354648,25248568,38,,,apa,Researching global citizenship education: Towards a critical approach,Journal of Social Science Education,2020,"Schippling, A",,,no_match,,,,,,,,,,,,,,,,,,"Schippling, A. (2020). Researching global citizenship education: Towards a critical approach. Journal of Social Science Education, 19(4), 98-113."
2691,1245727,19901746,36,,,apa,Okul merkezli yönetim uygulamaları,Kuram ve Uygulamada Eğitim Yönetimi,2003,"Şahin, S",title_full_year,Okul merkezli yönetim uygulamaları,no_match,3171,,no_doi,,İlköğretimve Ortaöğretim Öğretmenlerine Yönelik Disiplin ve Ödüllendirme Uygulamaları,2003,Kuram ve Uygulamada Eğitim Bilimleri,373,PAPER,0.4814,0.437,0.25,4,True,0.8451,0.0,False,"Şahin, S. (2003). Okul merkezli yönetim uygulamaları. Kuram ve Uygulamada Eğitim Yönetimi, 36(36), 582-605."
2738,1235150,19495118,17,,,vancouver,A multicenter clinical study with myo-inositol and alpha-lactalbumin in Mexican and Italian PCOS patients,Eur Rev Med Pharmacol Sci,2021,"Hernandez MI, Picconi O, Laganà AS, Costabile L, Unfer V",,,no_match,,,,,,,,,,,,,,,,,,"17. Hernandez MI, Picconi O, Laganà AS, Costabile L, Unfer V. A multicenter clinical study with myo-inositol and alpha-lactalbumin in Mexican and Italian PCOS patients. Eur Rev Med Pharmacol Sci. 2021;25(8):3316-24."
2773,1263393,20640664,11,,,apa,Nazar. Türkiye Diyanet Vakfı İslam Ansiklopedisi (C,32,2006,"Gürkan, S",,,no_match,,,,,,,,,,,,,,,,,,"Gürkan, S. L. (2006). Nazar. Türkiye Diyanet Vakfı İslam Ansiklopedisi (C. 32, 444-446) İstanbul: TDV Yayınları."
2775,1225795,19014137,21,,,vancouver,"Risk factors for, and causes of, perinatal calf mortality and implications for calf welfare",MJAVL,2019,"John M, Şen İ, Kizi AA, Uulu NA, Taş A",,,no_match,,,,,,,,,,,,,,,,,,"John M, Şen İ, Kizi AA, Uulu NA, Taş A. Risk factors for, and causes of, perinatal calf mortality and implications for calf welfare. MJAVL 2019; 9(1): 35-41."
2803,1332319,23919932,19,,,apa,İnsan kaynaklarında sessizliğin yankıları: Örgütlerde sessiz istifa fenomeninin anatomisi,Süleyman Demirel Üniversitesi İnsan Kaynakları Yönetimi Dergisi,2023,"Demirkaya, H., Yıldız, B., Erener Özalçın, S., & Öztürk, H",,,no_match,,,,,,,,,,,,,,,,,,"Demirkaya, H., Yıldız, B., Erener Özalçın, S., & Öztürk, H. (2023). İnsan kaynaklarında sessizliğin yankıları: Örgütlerde sessiz istifa fenomeninin anatomisi. Süleyman Demirel Üniversitesi İnsan Kaynakları Yönetimi Dergisi, 2(2), 69-88. https://dergipark.org.tr/en/download/article-file/3534084"
2823,1368401,25376567,18,,,apa,Hemodiyaliz hastalarının psikolojik dayanıklılık durumları ve etkileyen faktörlerin değerlendirilmesi,Nefroloji Hemşireliği Dergisi,2016,"Dane, E., & Olgun, N",,,no_match,,,,,,,,,,,,,,,,,,"Dane, E., & Olgun, N. (2016). Hemodiyaliz hastalarının psikolojik dayanıklılık durumları ve etkileyen faktörlerin değerlendirilmesi. Nefroloji Hemşireliği Dergisi, 11(1), 43-54."
2840,1359754,25273541,15,,,vancouver,Effects of platelet-rich plasma on cartilage grafts in rabbits as an animal model,World J Plast Surg,2012,"Manafi A, Kaviani Far K, Moradi M, Manafi A, Manafi F",,,no_match,,,,,,,,,,,,,,,,,,"15. Manafi A, Kaviani Far K, Moradi M, Manafi A, Manafi F. Effects of platelet-rich plasma on cartilage grafts in rabbits as an animal model. World J Plast Surg. 2012;1(2):91-8."
2870,1342052,24288921,29,,,apa,Effect of Tillage; Seed Rate and Weed Control Methods on Weeds and Maize (Zed mays L.),Indian Journal of Weed Science,2006,"Sarma, C., & Gautam, R",,,no_match,,,,,,,,,,,,,,,,,,"Sarma, C., & Gautam, R. (2006). Effect of Tillage; Seed Rate and Weed Control Methods on Weeds and Maize (Zed mays L.). Indian Journal of Weed Science, 38, 58–61. https://api.semanticscholar.org/CorpusID:85905878"
2880,1178793,16810556,3,,,vancouver,Temporomandibuler eklem bozukluklarında konservatif tedavi yaklaşımları: Okluzal splintler,ADO Klin Bil Derg,2010,"Aydın M, Ozan O, Ramoğlu S",,,no_match,,,,,,,,,,,,,,,,,,"3. Aydın M, Ozan O, Ramoğlu S. Temporomandibuler eklem bozukluklarında konservatif tedavi yaklaşımları: Okluzal splintler. ADO Klin Bil Derg. 2010;5:913-923."
2897,1356183,24860665,18,,,apa,Determinants of customer satisfaction and bank selection in Pakistan,Interdisciplinary Journal of Contemporary Research in Business,2010,"Bhatti, G",,,no_match,,,,,,,,,,,,,,,,,,"Bhatti, G. A., Hussain, H., & Akbar, Z. A. (2010). Determinants of customer satisfaction and bank selection in Pakistan. Interdisciplinary Journal of Contemporary Research in Business, 2(6), 536-554."
2898,1356183,24860681,34,,,apa,Bankalarda teknoloji yoğun finansal ürünlerin kullanılmasında müşteri özelliklerinin rolü,Active Bankacılık ve Finans Dergisi,2004,"Karakaya, A., & Karamustafa, O",,,no_match,,,,,,,,,,,,,,,,,,"Karakaya, A., & Karamustafa, O. (2004). Bankalarda teknoloji yoğun finansal ürünlerin kullanılmasında müşteri özelliklerinin rolü. Active Bankacılık ve Finans Dergisi, 38, 1-6."
2904,1206310,18146773,11,,,apa,Faktör analizi: Temel kavramlar ve ölçek geliştirmede kullanımı,Kuram ve uygulamada eğitim yönetimi,2002,"Büyüköztürk, Ş",title_full,Faktör analizi Temel kavramlar ve ölçek geliştirmede kullanımı,no_match,55753,,no_doi,,Sportüketiminde pazarlama bileşenleri: Ölçek geliştirme,2004,Spor Bilimleri Dergisi,488,PAPER,0.352,0.4655,0.4,7,False,0.3137,0.0,False,"Büyüköztürk, Ş. (2002). Faktör analizi: Temel kavramlar ve ölçek geliştirmede kullanımı. Kuram ve uygulamada eğitim yönetimi, 470-483."
2909,1284975,21711825,15,,,vancouver,Mesenteric panniculitis: review of the leterature and presentation of cases,Surgery,1977,"Durst AL, Freund H, Rosenmann E, Birnbaum D",,,no_match,,,,,,,,,,,,,,,,,,"15. Durst AL, Freund H, Rosenmann E, Birnbaum D. Mesenteric panniculitis: review of the leterature and presentation of cases. Surgery. 1977;81(2):203-11."
2923,1319356,23341354,64,,,apa,Newtonian time and psychological explanation,Journal of Mind and Behavior,1995,Slife BD,,,no_match,,,,,,,,,,,,,,,,,,"Slife BD (1995) Newtonian time and psychological explanation. Journal of Mind and Behavior, 16:45-62."
2945,1323707,23544890,54,,,apa,Historical political ecology: An introduction,Historical Geography,2004,"Offen, K",title_salient,Historical political ecology introduction,no_match,1243507,10.33458/uidergisi.1480444,not_checked,,"IntroductionMarxifying IR, IRifying Marxism",2024,Uluslararası İlişkiler,521,PAPER,0.2235,0.3038,0.25,4,False,0.15,0.0,False,"Offen, K. H. (2004). Historical political ecology: An introduction. Historical Geography, 32: 19-42."
3030,1229738,19486442,5,,,vancouver,Temel radyolojik inceleme yöntemlerini tanıma,İnönü Üni Sağlık Hizmetleri MYO Dergisi,2017,"Aydoğdu A, Aydoğdu Y, Yakıncı ZD",,,no_match,,,,,,,,,,,,,,,,,,"5. Aydoğdu A, Aydoğdu Y, Yakıncı ZD. Temel radyolojik inceleme yöntemlerini tanıma. İnönü Üni Sağlık Hizmetleri MYO Dergisi 2017;5(2):44-53."
3041,1283770,21629037,24,,,vancouver,Determining education faculty students internet usage purposes,Batman Univ J Life Sci [Article in Turkish,2012,"Tüysüz C, Balaban F, Atalar T",,,no_match,,,,,,,,,,,,,,,,,,"24. Tüysüz C, Balaban F, Atalar T. Determining education faculty students internet usage purposes. Batman Univ J Life Sci [Article in Turkish] 2012;1:251–60."
3044,1288337,21868818,40,,,apa,Eğitimbilim araştırmalarında etkin olarak kullanılabilecek nitel bir araştırma tekniği: Görüşme,Kuram ve Uygulamada Eğitim Yönetimi,2000,"Türnüklü, A",,,no_match,,,,,,,,,,,,,,,,,,"Türnüklü, A. (2000). Eğitimbilim araştırmalarında etkin olarak kullanılabilecek nitel bir araştırma tekniği: Görüşme. Kuram ve Uygulamada Eğitim Yönetimi, 24(24), 543-559."
3055,1247897,19981824,47,,,apa,Styles and quality of learning: a case of language learners,Journal of Elementary Education,2014,"Farooq, M",title_full,Styles and quality of learning a case of language learners,no_match,388268,,no_doi,,ANINVESTIGATION INTO EFL TEACHERS’ ASSESSMENT OF YOUNG LEARNERS OF ENGLISH: DOES PRACTICE MATCH THE POLICY?,2020,IOJET,933,PAPER,0.2098,0.3165,0.1667,6,False,0.1212,0.0,False,"Farooq, M. S. (2014). Styles and quality of learning: a case of language learners. Journal of Elementary Education, 25(1), 19-37."
3057,1247897,19981900,123,,,apa,Language learning strategies among EFL/ESL learners: a review of literature,International Journal of Humanities and Social Science,2012,"Zare, P",title_salient,Language learning strategies among EFL ESL learners literature,no_match,1230162,10.17556/erziefd.1373734,not_checked,,AThorough Investigation into Foreign Language Writing Anxiety in a Turkish EFL Context,2024,Erzincan Üniversitesi Eğitim Fakültesi Dergisi,511,PAPER,0.258,0.35,0.25,8,False,0.3,0.0,False,"Zare, P. (2012). Language learning strategies among EFL/ESL learners: a review of literature. International Journal of Humanities and Social Science, 2(5), 162-176."
3058,1321783,23460676,13,,,apa,Siyasal reklam aracı olarak afişler: 7 Haziran 2015 Genel Seçimleri döneminde Milliyetçi Hareket Partisi reklam afişlerinin analizi,Siirt Üniversitesi Sosyal Bilimler Enstitüsü Dergisi,2018,"Eraslan, M",,,no_match,,,,,,,,,,,,,,,,,,"Eraslan, M. C. (2018). Siyasal reklam aracı olarak afişler: 7 Haziran 2015 Genel Seçimleri döneminde Milliyetçi Hareket Partisi reklam afişlerinin analizi. Siirt Üniversitesi Sosyal Bilimler Enstitüsü Dergisi, 6(12), 379-390."
3078,1238082,19593505,27,,,apa,Erzincan üniversitesi öğrencilerinin beslenme alışkanlıkları ve antropometrik özelliklerinin değerlendirilmesi,Erzincan Üniversitesi Sosyal Bilimler Enstitüsü Dergisi,2016,"Özütürker, S",,,no_match,,,,,,,,,,,,,,,,,,"Özütürker, S. ve Özer, B. K. (2016). Erzincan üniversitesi öğrencilerinin beslenme alışkanlıkları ve antropometrik özelliklerinin değerlendirilmesi. Erzincan Üniversitesi Sosyal Bilimler Enstitüsü Dergisi, 9(2):63-74."
3087,1183551,17048585,3,,,apa,Effect of spraying thiamin and salicylic acid on growth and flowering of Zinnia elegans L,Advances in Agriculture & Botanics,2015,"Al-Abbasi, A",,,no_match,,,,,,,,,,,,,,,,,,"Al-Abbasi, A. M., Abbas, J. A. and Al-Zurfi, M. T. (2015). Effect of spraying thiamin and salicylic acid on growth and flowering of Zinnia elegans L. Advances in Agriculture & Botanics, 7(1): 44-50."
3100,1269049,20878445,29,,,apa,Deprem ve dini başa çıkma,Hitit Üniversitesi İlahiyat Fakültesi Dergisi,2002,"Kula, N",title_full,Deprem ve dini başa çıkma,no_match,1409725,10.32739/uskudarsbd.12.22.166,not_checked,,DoğuTürkistanlı Göçmen Kadınlarda Depresyon ve Dini Başa Çıkma İlişkisi,2026,Üsküdar Üniversitesi Sosyal Bilimler Dergisi,2043,PAPER,0.4675,0.5,0.75,4,False,0.6067,0.0,False,"Kula, N. (2002). Deprem ve dini başa çıkma. Hitit Üniversitesi İlahiyat Fakültesi Dergisi, 1(1), 234-255."
3106,1198651,17844664,64,,,apa,Akademisyenlerin genel öz-yeterlik inançları: AİBÜ Eğitim fakültesi örneği,Trakya Üniversitesi Eğitim Fakültesi Dergisi,2013,"Uysal, İ",,,no_match,,,,,,,,,,,,,,,,,,"Uysal, İ. (2013). Akademisyenlerin genel öz-yeterlik inançları: AİBÜ Eğitim fakültesi örneği. Trakya Üniversitesi Eğitim Fakültesi Dergisi, 3(2), 144-151. Erişim adresi: https://dergipark.org.tr/tr/download/article-file/200349"
3138,1249244,20082494,48,,,apa,"Lojistik performans ve ekonomik büyüme arasındaki ilişki: Orta-Doğu, Avrupa ülkeleri ve Türkiye örneği","Journal of International Management, Educational and Economics Perspectives",2019,"Şimşek, T",,,no_match,,,,,,,,,,,,,,,,,,"Şimşek, T. & Yiğit, E. (2019). Lojistik performans ve ekonomik büyüme arasındaki ilişki: Orta-Doğu, Avrupa ülkeleri ve Türkiye örneği. Journal of International Management, Educational and Economics Perspectives, 7(2), 169-177."
3196,1342537,24311005,2,,,loose_year,Üniversitelerde kampus yerleşme biçimleri,Yapı Derg,2002,Begeç H,title_full,Üniversitelerde kampus yerleşme biçimleri,no_match,288680,10.17341/gazimmfd.416389,not_checked,,"Kentdışı bir üniversite kampüsünün dış mekânlarında ısıl konfor, kullanım ve mekân dizim analizi",2018,Gazi Üniversitesi Mühendislik Mimarlık Fakültesi Dergisi,274,PAPER,0.2765,0.3971,0.25,4,False,0.2154,0.0,False,"Begeç H. 2002. Üniversitelerde kampus yerleşme biçimleri. Yapı Derg, 252: 57-63."
3210,1272002,21026266,35,,,apa,Serdülők okostelefon-használata [Smartphone usage among adolescents],Psychiatria Hungarica: A Magyar Pszichiatriai Tarsasag Tudomanyos Folyoirata,2015,"Körmendi, A",,,no_match,,,,,,,,,,,,,,,,,,"Körmendi, A. (2015). Serdülők okostelefon-használata [Smartphone usage among adolescents]. Psychiatria Hungarica: A Magyar Pszichiatriai Tarsasag Tudomanyos Folyoirata, 30(3), 297–302."
3233,1313130,22933441,5,,,apa,Digit ratio (2D:4D) and relative age effect (RAE) in physical fitness testing performance on male and female adolescents,Malaysian Journal of Sport Science and Recreation,2024,"Azam, Z., Sanuddin, N",,,no_match,,,,,,,,,,,,,,,,,,"Azam, Z., Sanuddin, N. D., Isa, K. A., Kassim, N. A. M., Kosni, N. A., Yazid, U. M., … et al. (2024). Digit ratio (2D:4D) and relative age effect (RAE) in physical fitness testing performance on male and female adolescents. Malaysian Journal of Sport Science and Recreation, 20(2), 1-13."
3256,1342066,24289522,19,,,apa,Revisiting Vygotsky's Sociocultural Theory: Implications for Teacher Education,International Journal of Research in Education and Science,2019,"Khadijeh, M., & Yaghoubi, J",,,no_match,,,,,,,,,,,,,,,,,,"Khadijeh, M., & Yaghoubi, J. (2019). Revisiting Vygotsky's Sociocultural Theory: Implications for Teacher Education. International Journal of Research in Education and Science, 5(2), 365-373."
3263,1219704,19137326,38,,,apa,Relationship between functional movement screening and performance tests in elite university female netball players,"South African Journal for Research in Sport, Physical Education and Recreation",2017,"Venter, R",,,no_match,,,,,,,,,,,,,,,,,,"Venter, R. E., Masterson, C., Tidbury, G. B., & Krkeljas, Z. (2017). Relationship between functional movement screening and performance tests in elite university female netball players. South African Journal for Research in Sport, Physical Education and Recreation, 39(1), 189-198."
3264,1292422,22034237,9,,,apa,"Endüstriyel bir anlatı yapısı: “ters piramit"" haber metinleri",Dil Ve Edebiyat Dergisi,2011,"Çığ, Ü",,,no_match,,,,,,,,,,,,,,,,,,"Çığ, Ü. (2011). Endüstriyel bir anlatı yapısı: “ters piramit"" haber metinleri. Dil Ve Edebiyat Dergisi, 7(2), 69-90."
3299,1360651,25058738,9,,,apa,Halka Arz Sonrası Uzun Dönemli Hisse Senedi Getirileri: Borsa İstanbul Üzerine Bir Araştırma,"Muhasebe ve Finansman Dergisi, (97",2023,"Bakırhan, R., & Sayılgan, G",,,no_match,,,,,,,,,,,,,,,,,,"Bakırhan, R., & Sayılgan, G. (2023). Halka Arz Sonrası Uzun Dönemli Hisse Senedi Getirileri: Borsa İstanbul Üzerine Bir Araştırma. Muhasebe ve Finansman Dergisi, (97), 231-250."
3307,1330486,23830455,3,,,quoted,Türk İşverenlerin Yabancı Ülkelerdeki İşlerinde Türk İşçisi Çalıştırmalarının İş Hukuku ve MÖHUK Açısından Değerlendirilmesi,Elli İkinci Çözüm Arama Konferansı,2017,"Akyiğit, Ercan",,,no_match,,,,,,,,,,,,,,,,,,"Akyiğit, Ercan, “Türk İşverenlerin Yabancı Ülkelerdeki İşlerinde Türk İşçisi Çalıştırmalarının İş Hukuku ve MÖHUK Açısından Değerlendirilmesi”, Elli İkinci Çözüm Arama Konferansı, Yurt Dışı Hizmet Sözleşmelerinde Milletlerarası Özel Hukuk Uygulaması İş Hukuku Sorunları, İNTES Yayınları, Ankara 2017, s. 88-103."
3334,1224646,18951745,20,,,apa,Futbol Haberlerinin Sunumunda Şiddet Fanatizm ve Milliyetçilik,Toplum ve Demokrasi Dergisi,2008,"Gökulu, G",,,no_match,,,,,,,,,,,,,,,,,,"Gökulu, G. (2008). Futbol Haberlerinin Sunumunda Şiddet Fanatizm ve Milliyetçilik. Toplum ve Demokrasi Dergisi, 2(3), 147-164."
3344,1232199,19556520,16,,,apa,Managing business attributes and performance for commercial banks,The Journal of American Academy of Business,2006,"Chang, C.P",,,no_match,,,,,,,,,,,,,,,,,,"Chang, C.P. (2006). Managing business attributes and performance for commercial banks. The Journal of American Academy of Business, 9 (1), 104-109."
3362,1298683,23254173,347,,,apa,Microlearning: A strategy for ongoing professional development,E-Learning Papers,2010,"Buchem, I., & Hamelmann, H",,,no_match,,,,,,,,,,,,,,,,,,"Buchem, I., & Hamelmann, H. (2010). Microlearning: A strategy for ongoing professional development. E-Learning Papers, 21(7), 1–15. https://www.researchgate.net/profile/Ilona-Buchem/publication/341323117_Microlearning_a_strategy_for_ongoing_profes sional_development/links/5ebabd26a6fdcc90d66ebfbc/Microlearning-a-strategy-for-ongoing-professional-development.pdf"
3370,1255180,20305519,17,,,apa,"On responsibility. New York: Humanities Press. Guba, E. G., & Lincoln, Y. S. (1994). Competing paradigms in qualitative research",Handbook of Qualitative Research,1970,"Glover, J",,,no_match,,,,,,,,,,,,,,,,,,"Glover, J. (1970). On responsibility. New York: Humanities Press. Guba, E. G., & Lincoln, Y. S. (1994). Competing paradigms in qualitative research. Handbook of Qualitative Research, 2, 163-194."
3376,1228335,19155404,28,,,apa,Anasınıfı öğretmenlerinin akran zorbalığı ile ilgili algıları,Sakarya Üniversitesi Eğitim Fakültesi Dergisi,2009,"Şahin, M., Demirağ, S",,,no_match,,,,,,,,,,,,,,,,,,"Şahin, M., Demirağ, S. & Aykaç, F., (2009). Anasınıfı öğretmenlerinin akran zorbalığı ile ilgili algıları. Sakarya Üniversitesi Eğitim Fakültesi Dergisi, 1(17), 1-16."
3437,1263646,20648059,35,,,quoted,Satıcının Tüketicinin Korunması Hakkında Kanun KarĢısında Tekeffül Borcu,Türk Hukuk Enstitüsü Dergisi,1996,"ERDOĞAN, Ġhsan",,,no_match,,,,,,,,,,,,,,,,,,"ERDOĞAN, Ġhsan, “Satıcının Tüketicinin Korunması Hakkında Kanun KarĢısında Tekeffül Borcu” Türk Hukuk Enstitüsü Dergisi, Y. 1996, C. 1, S. 2, s. 12-18."
3438,1348895,24566399,2,,,apa,Academic self-efficacy in reading as a predictor of metacomprehension among Arabic non-native speakers,International Journal of Applied Psychology,2014,"Al Ghraibeh, A",,,no_match,,,,,,,,,,,,,,,,,,"[2] Al Ghraibeh, A. M. A. (2014). Academic self-efficacy in reading as a predictor of metacomprehension among Arabic non-native speakers. International Journal of Applied Psychology, 4(1), 1-12."
3440,1348895,24566466,69,,,apa,Anxiety and foreign language listening,English Teaching,2002,"Kim, J",title_full,Anxiety and foreign language listening,no_match,1334334,10.30964/auebfd.1651336,not_checked,,TheEffect of LyricsTraining on Listening Achievement and Listening Anxiety in Foreign Language Education,2025,Ankara Üniversitesi Eğitim Bilimleri Fakültesi Dergisi,395,PAPER,0.4504,0.4085,1.0,4,False,0.2571,0.0,False,"[69] Kim, J. (2002). Anxiety and foreign language listening. English Teaching, 57, 3–34."
3456,1325453,23613399,33,,,apa,Ortaokul Türkiye Cumhuriyeti inkılâp tarihi ve Atatürkçülük dersi ders ve çalışma kitaplarında Türk-Ermeni ilişkileri,Uluslararası Toplum Araştırmaları Dergisi (OPUS,2016,"Güven, C",,,no_match,,,,,,,,,,,,,,,,,,"Güven, C. (2016). Ortaokul Türkiye Cumhuriyeti inkılâp tarihi ve Atatürkçülük dersi ders ve çalışma kitaplarında Türk-Ermeni ilişkileri. Uluslararası Toplum Araştırmaları Dergisi (OPUS), 6(11), 563-582."
3458,1325453,23613423,57,,,apa,Diaspora Ararat’ı ararken: Ermeni kimliği ve soykırım iddiaları,Ermeni Araştırmaları,2004,"Özdemir, H",,,no_match,,,,,,,,,,,,,,,,,,"Özdemir, H. (2004). Diaspora Ararat’ı ararken: Ermeni kimliği ve soykırım iddiaları. Ermeni Araştırmaları, 4 (14-15), 75-97."
3478,1239554,19658056,8,,,loose_year,COVID-19 sürecinde değişen beslenme alışkanlıkları: Covid-19 hastalığını geçiren aileler örnekleminde nitel durum araştırması,Avrasya Turizm Araştırmaları Dergisi,2021,"Güler, O., Günaylı, H",,,no_match,,,,,,,,,,,,,,,,,,"Güler, O., Günaylı, H., 2021. COVID-19 sürecinde değişen beslenme alışkanlıkları: Covid-19 hastalığını geçiren aileler örnekleminde nitel durum araştırması. Avrasya Turizm Araştırmaları Dergisi, 2(2): 67-81."
3528,1211625,18521267,82,,,apa,Regional Acupuncture for Izmir Peninsula: Creating Capital Web for Creative Eco-Tourism. J. Environ. Prot,Ecol,2016,"Velibeyoglu, K",,,no_match,,,,,,,,,,,,,,,,,,"Velibeyoglu, K. (2016). Regional Acupuncture for Izmir Peninsula: Creating Capital Web for Creative Eco-Tourism. J. Environ. Prot. Ecol, 17, 666-674."
3541,1265909,20738925,50,,,vancouver,Gebelerin Doğum Şekline Karar Verme Durumlarının İncelenmesi,Dokuz Eylül Üniversitesi Hemşirelik Fakültesi Elektronik Dergisi,2013,"Vatansever Z, Okumuş H",title_full,Gebelerin Doğum Şekline Karar Verme Durumlarının İncelenmesi,no_match,264499,,no_doi,,GEBELERİNDOĞUM KORKUSU VE DOĞUM ŞEKLİNE KARAR VERME DURUMLARININ İNCELENMESİ,2016,Sağlık Bilimleri Dergisi,448,PAPER,0.7106,0.8852,1.0,7,False,0.4318,0.0,False,"50. Vatansever Z, Okumuş H. Gebelerin Doğum Şekline Karar Verme Durumlarının İncelenmesi. Dokuz Eylül Üniversitesi Hemşirelik Fakültesi Elektronik Dergisi. 2013;6(2):81-87."
3549,1305700,23597236,3,,,apa,Konya’da Sırçalı Medresenin Rölöve ve Mimarisi,Türk Arkeoloji Dergisi,1970,"Akok, M",,,no_match,,,,,,,,,,,,,,,,,,"Akok, M. (1970). Konya’da Sırçalı Medresenin Rölöve ve Mimarisi. Türk Arkeoloji Dergisi, 18(1), 5-35."
3559,1219195,19120399,23,,,apa,FlashPoll: A Context-Aware Polling Ecosystem for Mobile Participation,Internet and Networks,2016,"Deva, B., Garzon, S",,,no_match,,,,,,,,,,,,,,,,,,"Deva, B., Garzon, S. R. & Küpper, A. (2016). FlashPoll: A Context-Aware Polling Ecosystem for Mobile Participation. Internet and Networks, 169–176."
3573,1182187,16990886,60,,,apa,Effects of the 2005 Muzaffarabad (Kashmir) earthquake on built environment,Current Science,2006,"Rai, D",,,no_match,,,,,,,,,,,,,,,,,,"Rai, D. C., & Murty, C. (2006). Effects of the 2005 Muzaffarabad (Kashmir) earthquake on built environment. Current Science, 90(8), 1066-1070."
3581,1321584,23451143,7,,,apa,Namusun Göstergebilimsel Analizi: “Camdaki Kız” Örneği,International Journal of Social And Humanities Sciences,2022,"Basmacı, P",,,no_match,,,,,,,,,,,,,,,,,,"Basmacı, P. (2022). Namusun Göstergebilimsel Analizi: “Camdaki Kız” Örneği. International Journal of Social And Humanities Sciences, 6(2), 23-48."
3594,1375142,26090205,36,,,vancouver,Coping with anxiety and pain by adolescents with juvenile idiopathic arthritis,Clinical Experimental Medicine Letters,2010,"Banasiak B, Smolewska E, Zygmunt A, Lipińska J, BiernackaZielińska M, Stańczyk J",,,no_match,,,,,,,,,,,,,,,,,,"[36] Banasiak B, Smolewska E, Zygmunt A, Lipińska J, Biernacka- Zielińska M, Stańczyk J. Coping with anxiety and pain by adolescents with juvenile idiopathic arthritis. Clinical Experimental Medicine Letters. 2010;51(1):1–5."
3596,1381005,26284666,39,,,apa,A psychometric-based approach to credit scoring: A study on Malaysian small and medium enterprises,"Journal of Asian Finance, Economics and Business",2019,"Ng, W",,,no_match,,,,,,,,,,,,,,,,,,"Ng, W. L., & Cheong, C. S. (2019). A psychometric-based approach to credit scoring: A study on Malaysian small and medium enterprises. Journal of Asian Finance, Economics and Business, 6(3), 111-118."
3671,1272701,21057223,22,,,vancouver,"Performance, carcass quality, blood parameters and immune system of broilers fed diets supplemented with oregano oil (Origanum sp.)",Ann Biol Res,2011,Mansoub N,,,no_match,,,,,,,,,,,,,,,,,,"22. Mansoub N. Performance, carcass quality, blood parameters and immune system of broilers fed diets supplemented with oregano oil (Origanum sp.). Ann Biol Res. 2011;2(6):652-656."
3673,1388707,26059191,22,10.1080/00218839.2020.1728294,10.1080/00218839.2020.1728294,apa,Determination of antimicrobial activity and some physicochemical parameters of sunflower honeys from Turkey,Journal of Apicultural Research,2020,"Yücel, B., & Sorkun, K",,,no_match,,,,,,,,,,,,,,,,,,"Yücel, B., & Sorkun, K. (2020). Determination of antimicrobial activity and some physicochemical parameters of sunflower honeys from Turkey. Journal of Apicultural Research, 59(3), 410–419. https://doi.org/10.1080/00218839.2020.1728294"
3686,1312159,22868887,20,,,apa,English pronunciation instruction: A literature review,International Journal of Research in English Education,2016,"Gilakjani, A",title_salient,English pronunciation instruction literature,no_match,1337255,10.17152/gefad.1741999,not_checked,,TheEffect of Song-Based Instruction on High School Students’ English Pronunciation Skills: A Time-Series Design,2025,Gazi Eğitim Fakültesi Dergisi,723,PAPER,0.3856,0.3951,0.75,4,False,0.2162,0.0,False,"Gilakjani, A. P. (2016). English pronunciation instruction: A literature review. International Journal of Research in English Education, 1(1), 1-6."
3687,1312159,22868908,41,,,apa,Does pronunciation instruction make any sense? EFL learners and teachers' beliefs,International Journal of Curriculum and Instruction,2018,"Üstünbas, Ü",,,no_match,,,,,,,,,,,,,,,,,,"Üstünbas, Ü. (2018). Does pronunciation instruction make any sense? EFL learners and teachers' beliefs. International Journal of Curriculum and Instruction, 10(1), 71-84."
3695,1328696,23752717,3,10.31838/jcr.07.17.141,10.31838/jcr.07.17.141,apa,"Theinfluence of physicaldistancetostudentanxiety on Covid-19, Indonesia. J CritRev",7(17,2020,"Ardan M, Rahman F.F",,,no_match,,,,,,,,,,,,,,,,,,"Ardan M, Rahman F.F. & Geroda, G.B. (2020). Theinfluence of physicaldistancetostudentanxiety on Covid-19, Indonesia. J CritRev. 7(17), 1126–32. DOI: 10.31838/jcr.07.17.141."
3720,1308452,22697324,80,,,quoted,AR-GE Harcamalarının Büyüme ile İlişkisinin Analizi: Gelişmiş ve Gelişmekte Ülkeler Karşılaştırması,3rd SCF International Conference on Economic and Social Impacts of Globalization,2017,"Sezgin, F.H",,,no_match,,,,,,,,,,,,,,,,,,"Sezgin, F.H. (2017) “AR-GE Harcamalarının Büyüme ile İlişkisinin Analizi: Gelişmiş ve Gelişmekte Ülkeler Karşılaştırması”, 3rd SCF International Conference on Economic and Social Impacts of Globalization, Antalya, Türkiye, 5-7 Ekim 2017, 69-81."
3726,1265865,20899072,1,,,quoted,Frankofoni (Fransızca Konuşan Ülkeler Topluluğu) Türk Dünyası İçin Bir Model Olabilir mi?,Türk Diasporası ve Türk Dünyası Vizyon,2023,"Aktaş, Hayati-İpek, Cemil Doğaç",,,no_match,,,,,,,,,,,,,,,,,,"Aktaş, Hayati-İpek, Cemil Doğaç, (2014), “Frankofoni (Fransızca Konuşan Ülkeler Topluluğu) Türk Dünyası İçin Bir Model Olabilir mi?”, Türk Diasporası ve Türk Dünyası Vizyon 2023, Editör: Almagül İsina, Tasam Yayınları, İstanbul, ss. 45-48. https://tasam.org/tr- TR/Icerik/53597/frankofoni_fransizca_konusan_ulkeler_toplulugu_turk_dunyasi_icin_bir _model_olabilir_mi"
3727,1192083,17449585,25,,,vancouver,Tickborne Diseases: Diagnosis and Management,May 1,2020,"Pace EJ, O'Reilly M",title_full,Tickborne Diseases Diagnosis and Management,no_match,218372,,no_doi,,KırımKongo Kanamalı Ateşi,2016,Okmeydanı Tıp Dergisi,747,PAPER,0.1839,0.3226,0.0,4,False,0.2308,0.0,False,"25. Pace EJ, O'Reilly M. Tickborne Diseases: Diagnosis and Management. Am Fam Physician. May 1 2020;101(9):530-540."
3750,1285408,21723305,27,10.5829/idosi.wasj.2012.19.05.1114,10.5829/idosi.wasj.2012.19.05.1114,apa,Gender wage differentials and discrimination in Malaysian labour market,World Applied Sciences Journal,2012,"Ismail, R",,,no_match,,,,,,,,,,,,,,,,,,"Ismail, R. ve Jajri, I. (2012). Gender wage differentials and discrimination in Malaysian labour market. World Applied Sciences Journal, 19 (5), 719-728. DOI: 10.5829/idosi.wasj.2012.19.05.1114"
3767,1351195,24655443,37,,,quoted,Borçlunun Sözleşmeden Doğan Yükümlülüğünü Yerine Getirmemesi,ne İlişkin Anayasa Hükmü ve İcra İflâs Suçları,2003,"Yılmaz, Ejder",title_full,Borçlunun Sözleşmeden Doğan Yükümlülüğünü Yerine Getirmemesi,no_match,155052,,no_doi,,Taşımaişleri komisyoncusunun taşıma işini üzerine alınması ve bunun hukuki sonuçları,2013,İnönü Üniversitesi Hukuk Fakültesi Dergisi,742,PAPER,0.1627,0.2639,0.0,6,False,0.3636,0.0,False,"Yılmaz, Ejder, “Borçlunun Sözleşmeden Doğan Yükümlülüğünü Yerine Getirmemesi’ne İlişkin Anayasa Hükmü ve İcra İflâs Suçları”, Prof. Dr. Ergun Önen’e Armağan, İstanbul 2003, s. 493–502."
3796,1271651,21007170,10,,,apa,Translation and content analysis of oral and written materials,Methodology,1980,"Brislin, R",title_full,Translation and content analysis of oral and written materials,no_match,236624,,no_doi,,TÜRKDİLİ ÖĞRETİMİ AÇISINDAN “MATERIAŁY DO PRAKTYCZNEJ NAUKI JĘZYKA TURECKIEGO”,2016,Uluslararası Türkçe Edebiyat Kültür Eğitim (TEKE) Dergisi,828,PAPER,0.1829,0.281,0.125,5,False,0.1333,0.0,False,"[10] Brislin, R. W. (1980). Translation and content analysis of oral and written materials. Methodology, 389-444."
3800,1198293,17788657,26,,,apa,Design and development e-learning system by learning management system (lms) in vocational education,Online Submission,2020,"Rabiman, R., M",,,no_match,,,,,,,,,,,,,,,,,,"Rabiman, R., M. Nurtanto, and N. Kholifah. (2020). Design and development e-learning system by learning management system (lms) in vocational education. Online Submission, 9 (1): 1059-1063."
3825,1222919,18877384,37,,,quoted,Osmanlı Hukukunda Hekimin Sorumluluğu ve XVII. Yüzyılda Ünlü bir Fıtık Cerrahı,Türk Hukuk Tarihi Araştırmaları,2007,"Gedikli, Fethi",,,no_match,,,,,,,,,,,,,,,,,,"Gedikli, Fethi. “Osmanlı Hukukunda Hekimin Sorumluluğu ve XVII. Yüzyılda Ünlü bir Fıtık Cerrahı”, Türk Hukuk Tarihi Araştırmaları, C. 4, 2007, s.15-27."
3911,1250164,21045725,30,,,apa,Efficiency Ratios and Community Bank Performance,Journal of Finance and Accountancy,2008,"Hays, H., De Lurgio, A",title_full,Efficiency Ratios and Community Bank Performance,no_match,1204730,10.47495/okufbed.1049643,not_checked,,"Effectsof Adding Murt Volatile Oil (Myrtus Communis) to Japanese Quail Diets on Growth, Feed Consumption, Carcass, Some Blood and Tissue Characteristics in Lipopolysaccharide-Induced Inflammation",2022,Osmaniye Korkut Ata Üniversitesi Fen Bilimleri Enstitüsü Dergisi (Online),2772,PAPER,0.1534,0.2689,0.0,5,False,0.1935,0.0,False,"Hays, H., De Lurgio, A. &A. Gilbert (2008). Efficiency Ratios and Community Bank Performance. Journal of Finance and Accountancy, 1, 1-15."
3914,1293140,23041467,55,,,apa,Is listening comprehension influenced by the background knowledge of the learners? A case study of Iranian EFL learners,The Linguistics Journal,2002,"Sadighi, F., & Zare, S",,,no_match,,,,,,,,,,,,,,,,,,"Sadighi, F., & Zare, S. (2002). Is listening comprehension influenced by the background knowledge of the learners? A case study of Iranian EFL learners. The Linguistics Journal, 1(3), 110–126."
3918,1196693,17709243,31,,,apa,Motivation in action: A process model of l2 motivation,Working Papers in Applied Linguistics,1998,"Dörnyei, Z., ve Otto, I",title_salient,Motivation action process model motivation,no_match,1308013,10.17066/tpdrd.1409170,not_checked,,PsychosocialMotivations for Youth Engagement in Terrorist Acts: A Qualitative Study,2025,Türk Psikolojik Danışma ve Rehberlik Dergisi,378,PAPER,0.3048,0.3704,0.4,5,False,0.3457,0.0,False,"Dörnyei, Z., ve Otto, I. (1998). Motivation in action: A process model of l2 motivation. Working Papers in Applied Linguistics, 4, 43-69."
3937,1353921,24761291,27,,,vancouver,The effect of TRX suspension training on physical capacity of young sedentaries,The Journal of Eurasia Sport Sciences and Medicine,2021,"Pancar S, Topçu H, Arabacı R, Vardar T",,,no_match,,,,,,,,,,,,,,,,,,"Pancar S, Topçu H, Arabacı R, Vardar T. The effect of TRX suspension training on physical capacity of young sedentaries. The Journal of Eurasia Sport Sciences and Medicine. 2021;3(1):24-32. [Link]"
3965,1332079,23906588,19,,,apa,Bireysel iki dillilik ve toplumsal iki dillilik. [Individual bilingualism and social bilingualism],Türk Dili Dil ve Edebiyat Dergisi,2011,"Karaağaç, G",title_full,Bireysel iki dillilik ve toplumsal iki dillilik Individual bilingualism and social bilingualism,no_match,269230,,no_doi,,TUVATÜRKLERİNİN SOSYAL MEDYADAKİ DİL TERCİHLERİ,2017,Turkish Studies (Elektronik),664,PAPER,0.1897,0.2254,0.2,10,False,0.4068,0.0,False,"Karaağaç, G. (2011). Bireysel iki dillilik ve toplumsal iki dillilik. [Individual bilingualism and social bilingualism]. Türk Dili Dil ve Edebiyat Dergisi, 717, 222-228."
3977,1337447,24116351,25,,,apa,Current techniques in bankruptcy prediction,Journal of Accounting Literature,1987,"Jones, F",title_full,Current techniques in bankruptcy prediction,no_match,97586,,no_doi,,Theaccuracy of financial distress prediction models in Turkey: A comparative investigation with simple model proposals,2009,Anadolu Üniversitesi Sosyal Bilimler Dergisi,345,PAPER,0.1945,0.2254,0.25,4,False,0.3188,0.0,False,"Jones, F. L. (1987). Current techniques in bankruptcy prediction. Journal of Accounting Literature, 6, 131-164."
3978,1337447,24116356,30,,,apa,Detecting financial failure with the assistance of financial statements: an implementation in BIST,Avrasya Sosyal ve Ekonomi Araştırmaları Dergisi,2022,"Karasioğlu, F",,,no_match,,,,,,,,,,,,,,,,,,"Karasioğlu, F. & Kınalı, F. (2022). Detecting financial failure with the assistance of financial statements: an implementation in BIST. Avrasya Sosyal ve Ekonomi Araştırmaları Dergisi, 9(3), 197-221."
4004,1182384,16998270,1,,,apa,Encouraging research in maritime education & training,Journal of Maritime transport and engineering,2012,"Albayrak, T., and Ziarati, R",,,no_match,,,,,,,,,,,,,,,,,,"Albayrak, T., and Ziarati, R. (2012). Encouraging research in maritime education & training. Journal of Maritime transport and engineering, 1(1), 4-10."
4005,1182384,16998276,7,,,apa,Effectiveness of basic safety training among cruise line students,Asia Pacific Journal of Multidisciplinary Research,2014,"Buted, D",,,no_match,,,,,,,,,,,,,,,,,,"Buted, D. R., Felicen, M. S. S., Macatangay, J. E. G., Andal, N. J. F., Pangpang, K. N. R., Suayan, M. C. V., and De Leon, J. D. (2014). Effectiveness of basic safety training among cruise line students. Asia Pacific Journal of Multidisciplinary Research, 2(3), 161-169"
4046,1300984,23046625,66,,,apa,Öğretmen adaylarının sosyo-bilimsel konulardaki inançları: Nükleer enerji,Eskişehir Osmangazi Üniversitesi Türk Dünyası Uygulama ve Araştırma Merkezi Eğitim Dergisi,2020,"Sevim, S., & Ayvacı, H",,,no_match,,,,,,,,,,,,,,,,,,"Sevim, S., & Ayvacı, H. Ş. (2020). Öğretmen adaylarının sosyo-bilimsel konulardaki inançları: Nükleer enerji. Eskişehir Osmangazi Üniversitesi Türk Dünyası Uygulama ve Araştırma Merkezi Eğitim Dergisi, 5(1), 25- 39."
4055,1206412,18151769,3,,,apa,Marshall Yardımları: Türkiye’nin Dışa Bağımlılık Sürecine Etkileri,Biga İktisadi ve İdari Bilimler Fakültesi Dergisi,2021,"Ay, İ",,,no_match,,,,,,,,,,,,,,,,,,"Ay, İ. C. (2021). Marshall Yardımları: Türkiye’nin Dışa Bağımlılık Sürecine Etkileri. Biga İktisadi ve İdari Bilimler Fakültesi Dergisi, 2 (1), 53-64."
4086,1281913,21529544,88,,,quoted,1858 Ceza kanunnamesinde Kalpazanlık Suçunun Maddi Konusu,Adalet Dergisi,2019,"KARAKAYA, Harun",,,no_match,,,,,,,,,,,,,,,,,,"KARAKAYA, Harun, “1858 Ceza kanunnamesinde Kalpazanlık Suçunun Maddi Konusu”, Adalet Dergisi, S:62-63, Ankara 2019, ss. 403- 428."
4133,1356322,24864948,8,,,apa,Türkiye sinemasında uyarlamalara genel bir bakış,Türkiye Araştırmaları Literatür Dergisi,2020,"Çetin-Erus, Z",,,no_match,,,,,,,,,,,,,,,,,,"Çetin-Erus, Z. (2020). Türkiye sinemasında uyarlamalara genel bir bakış. Türkiye Araştırmaları Literatür Dergisi, 18(36), 583-592. https://dergipark.org.tr/tr/download/article-file/1291023"
4173,1331400,23873450,15,,,quoted,Avrupa İnsan Hakları Sözleşmesi ve Türk Anayasa Yargısı: Uyum Sorunu ve Öneriler,Anayasa Yargısı,2000,"Arslan, Zühtü",,,no_match,,,,,,,,,,,,,,,,,,"Arslan, Zühtü, “Avrupa İnsan Hakları Sözleşmesi ve Türk Anayasa Yargısı: Uyum Sorunu ve Öneriler”, Anayasa Yargısı, Cilt 17, 2000, s.274-293."
4204,1339490,24904540,42,,,volume_pages,ANN Analysis and ODE Model of Selected Factors Affecting Mental Health Problems of Children in Turkey,European Journal of Science and Technology,2024,"Hızlısoy, S., Arslan, R",,,no_match,,,,,,,,,,,,,,,,,,"[42] Hızlısoy, S., Arslan, R. S., Çökük, G. Ö., Daşbaşı, B. 2024. ANN Analysis and ODE Model of Selected Factors Affecting Mental Health Problems of Children in Turkey. European Journal of Science and Technology, 54, 32-45."
4212,1179709,16875976,2,,,quoted,İkinci Dünya Savaşından Sonra Çok Partili Hayata Geçişte Kurulan İlk Muhalefet Partisi Milli Kalkınma Partisi,Selçuk Üniversitesi Sosyal Bilimler Enstitüsü Dergisi,1998,"AKANDERE, Osman",,,no_match,,,,,,,,,,,,,,,,,,"AKANDERE, Osman, “İkinci Dünya Savaşından Sonra Çok Partili Hayata Geçişte Kurulan İlk Muhalefet Partisi Milli Kalkınma Partisi”, Selçuk Üniversitesi Sosyal Bilimler Enstitüsü Dergisi, 1998, S. 4, s.193-211."
4221,1274615,21392708,67,,,apa,Resilienceandempathy as predictors of psychological well being among adolescents,International Journal of Health Science sand Research,2018,"Vinayak, S., & Judge, J",,,no_match,,,,,,,,,,,,,,,,,,"Vinayak, S., & Judge, J. (2018). Resilienceandempathy as predictors of psychological well being among adolescents. International Journal of Health Science sand Research, 8(4), 192-200."
4231,1269544,20902359,22,,,apa,Debris-covered glaciers and rock glaciers,Nature Sciences,2010,"Gürgen, G., Çalışkan, O., Yılmaz, E., & Yeşilyurt, S",title_full,Debris covered glaciers and rock glaciers,no_match,199770,,no_doi,,DÖRTFARKLI SOĞUK ORTAM TOPOĞRAFYASI TEK BİR BUZULLAŞMA ALANI ÜZERİNDE GÖZLENEBİLİR Mİ? KARÇAL DAĞLARI ÖRNEĞİ (DOĞU KARADENİZ BÖLÜMÜ/TÜRKİYE),2016,MARMARA COĞRAFYA DERGİSİ,586,PAPER,0.1961,0.2436,0.0,5,False,0.2778,1.0,False,"Gürgen, G., Çalışkan, O., Yılmaz, E., & Yeşilyurt, S. (2010). Debris-covered glaciers and rock glaciers. Nature Sciences, 5(1), 32–45"
4233,1296974,22222587,16,10.21162/pakjas/24.155,10.21162/pakjas/24.155,apa,Spatial distribution and molecular characterization of Huanglongbing and its vector in various citrus cultivars,Pakistan Journal of Agricultural Sciences,2024,"Iftikhar, Y., Mubeen, M., Shakeel, Q., Lalarukh, I., Ali, A., Aasim, M., & Al-Shuraym, L",,,no_match,,,,,,,,,,,,,,,,,,"Iftikhar, Y., Mubeen, M., Shakeel, Q., Lalarukh, I., Ali, A., Aasim, M., & Al-Shuraym, L. A. (2024). Spatial distribution and molecular characterization of Huanglongbing and its vector in various citrus cultivars. Pakistan Journal of Agricultural Sciences, 61(2), 685-694. https://doi.org/10.21162/PAKJAS/24.155"
4261,1178159,16781432,67,,,vancouver,"Synthesis, Characterization, And Antibacterial Activities Of Manganese (II), Cobalt(II), Iron (II), Nickel (II) , zinc (II) And Cadmium(II) Mixed-Ligand Complexes Containing Amino Acid(L-Valine) And Saccharin",Adv Phys Theor Appl [Internet,2012,"Fayad NK, Al-Noor TH, Ghanim FH",,,no_match,,,,,,,,,,,,,,,,,,"67. Fayad NK, Al-Noor TH, Ghanim FH. Synthesis, Characterization, And Antibacterial Activities Of Manganese (II), Cobalt(II), Iron (II), Nickel (II) , zinc (II) And Cadmium(II) Mixed-Ligand Complexes Containing Amino Acid(L-Valine) And Saccharin. Adv Phys Theor Appl [Internet]. 2012;9:1–13."
4266,1315331,23103783,23,,,apa,Selçuklu Devlet Yönetiminde Kadının Yeri ve Altuncan Hatun Örneği,Selçuklu Medeniyeti Araştırmaları Dergisi(1,2016,"Kuşcu, A",,,no_match,,,,,,,,,,,,,,,,,,"Kuşcu, A. D. (2016). Selçuklu Devlet Yönetiminde Kadının Yeri ve Altuncan Hatun Örneği. Selçuklu Medeniyeti Araştırmaları Dergisi(1), 173-191."
4268,1249759,20079940,22,,,volume_pages,"Ekici, Gilaburu (Viburnum opulus L.)’nun farmakolojik açıdan değerlendirilmesi","Bulletin of Veterinary Pharmacology and Toxicology Association, ISSN: 1309-4769",2019,R,,,no_match,,,,,,,,,,,,,,,,,,"[22] R. Yıldız ve H. Ekici, Gilaburu (Viburnum opulus L.)’nun farmakolojik açıdan değerlendirilmesi. Bulletin of Veterinary Pharmacology and Toxicology Association, ISSN: 1309-4769, 10(1): 16-23, 2019."
4342,1313808,22984977,3,,,apa,"Boş zaman, rekreasyon ve etkinlik turizmi ilişkisi",İstanbul Sosyal Bilimler Dergisi,2015,"Can, E",,,no_match,,,,,,,,,,,,,,,,,,"Can, E. (2015). Boş zaman, rekreasyon ve etkinlik turizmi ilişkisi. İstanbul Sosyal Bilimler Dergisi, 10, 1–17."
4440,1230715,19277342,27,,,apa,Determinants of youth unemployment: empirical analysis of oecd and eu member countries,Journal of Economic Development,2021,"Kang, Y",,,no_match,,,,,,,,,,,,,,,,,,"Kang, Y. D. (2021). Determinants of youth unemployment: empirical analysis of oecd and eu member countries. Journal of Economic Development, 46(3), 111-133."
4505,1242907,19792170,28,,,quoted,"Load bearing capacity and deformation of piled foundations,",Proceeding 5th Int Conf ISSMFE,1961,V,title_full,Load bearing capacity and deformation of piled foundations,no_match,1310904,10.31796/ogummf.1538486,not_checked,,DİNAMİKYÜKLER ALTINDA FARKLI YÜKSEKLİKTE YAPILARIN KAZIK PERFORMANSININ İNCELENMESİ,2025,Eskişehir Osmangazi Üniversitesi mühendislik ve mimarlık fakültesi dergisi (online),2253,PAPER,0.2059,0.3688,0.0,6,False,0.202,0.0,False,"V. G. Berezantzev, “Load bearing capacity and deformation of piled foundations,” in Proceeding 5th Int Conf ISSMFE, Paris, FR: ISSMFE, 1961, pp. 11–12."
4527,1198996,17828099,17,,,apa,Oğuz Grubu Türk Lehçelerinde İletişim Fiilleri,Modern Türklük Araştırmaları Dergisi,2007,"Erdem, M",,,no_match,,,,,,,,,,,,,,,,,,"Erdem, M. (2007). Oğuz Grubu Türk Lehçelerinde İletişim Fiilleri. Modern Türklük Araştırmaları Dergisi, 4(2), 94-103."
4567,1242035,19760545,15,,,quoted,İman ve Bilgi Basit Aklın Sınırlarında ‘Din,İki Kaynağı,1999,"Derrida, Jacques",title_full,İman ve Bilgi Basit Aklın Sınırlarında Din,no_match,1246415,10.32955/neu.istem.2024.10.1.02,not_checked,,Teşbihve Tecsim Anlayışları Üzerine Mülahazalar,2024,Yakın Doğu Üniversitesi İslam Tetkikleri  Merkezi dergisi (Online),2580,PAPER,0.2602,0.4045,0.1667,6,False,0.1892,0.0,False,"Derrida, Jacques, “İman ve Bilgi Basit Aklın Sınırlarında ‘Din’in İki Kaynağı”, çev. Melih Başaran, Toplumbilim Dergisi Jacques Derrida Özel Sayısı, 1999, sy. 10, ss. s. 129-164."
4592,1345032,25117211,3,,,apa,Sosyal bilgiler öğretmen adaylarının öz yeterlik inanç düzeylerinin belirlenmesi üzerine bir çalışma,Dicle Üniversitesi Ziya Gökalp Eğitim Fakültesi Dergisi,2013,"Akkuş, Z",title_salient,Sosyal bilgiler öğretmen adaylarının yeterlik inanç düzeylerinin belirlenmesi çalışma,no_match,532684,10.32709/akusosbil.942422,not_checked,,ÖğretmenAdaylarının Akademik Öz Yeterlik Düzeyleri ve Mesleki Benlik Saygıları Arasındaki İlişkinin Belirlenmesi,2022,Afyon Kocatepe Üniversitesi Sosyal Bilimler Dergisi,1222,PAPER,0.4306,0.5579,0.4444,9,False,0.6105,0.0,False,"Akkuş, Z. (2013). Sosyal bilgiler öğretmen adaylarının öz yeterlik inanç düzeylerinin belirlenmesi üzerine bir çalışma. Dicle Üniversitesi Ziya Gökalp Eğitim Fakültesi Dergisi, 20(2013), 102-116."
4593,1345032,25117228,20,,,apa,Erzurum'daki sosyal bilgiler öğretmen adaylarının coğrafya alanına yönelik öz yeterlik seviyeleri üzerine bir inceleme,"Atatürk Üniversitesi Kâzım Karabekir Eğitim Fakültesi Dergisi, (15",2007,"Coşkun, O",,,no_match,,,,,,,,,,,,,,,,,,"Coşkun, O. (2007). Erzurum'daki sosyal bilgiler öğretmen adaylarının coğrafya alanına yönelik öz yeterlik seviyeleri üzerine bir inceleme. Atatürk Üniversitesi Kâzım Karabekir Eğitim Fakültesi Dergisi, (15), 201- 221."
4650,1295309,22141898,34,,,apa,Citizen Satisfaction with Educational Services: The Marketing Implications of Public Administration,International Journal of China Marketing,2011,"Shen, Y., & Wang, X",,,no_match,,,,,,,,,,,,,,,,,,"Shen, Y., & Wang, X. (2011). Citizen Satisfaction with Educational Services: The Marketing Implications of Public Administration . International Journal of China Marketing, 2(1), 77-92. [CrossRef]"
4689,1305254,22581041,8,,,vancouver,"The relationship between job satisfaction, job performance and employee engagement: an explorative study",Issue Busin Manage Econom,2015,"Bin AS, Shmailan A",,,no_match,,,,,,,,,,,,,,,,,,"8. Bin AS, Shmailan A. The relationship between job satisfaction, job performance and employee engagement: an explorative study. Issue Busin Manage Econom, 2015;4(1):1-8."
4700,1326076,23636431,22,,,apa,Exchange rates and the current account,American Economic Review,1980,"Dornbusch, R., & Fischer, S",title_full,Exchange rates and the current account,no_match,1395258,10.4274/jems.2025.48751,not_checked,,Assessmentof Current Power Potential of the Two-Layer Exchange Flow through the İstanbul Strait (Bosphorus) Using a 3D Hydrodynamical Model,2026,Journal of Eta Maritime Science,1009,PAPER,0.2607,0.2514,0.5,4,False,0.2857,0.0,False,"Dornbusch, R., & Fischer, S. (1980). Exchange rates and the current account. American Economic Review, 70(5), 960–971."
4705,1190254,17368729,16,,,apa,Cami içi din eğitimi ve iletişimi süreci olarak hutbeler,Ekev Akademik Dergisi,2013,"Keyifli, Ş",,,no_match,,,,,,,,,,,,,,,,,,"Keyifli, Ş. (2013). Cami içi din eğitimi ve iletişimi süreci olarak hutbeler. Ekev Akademik Dergisi, 17(55), 71–88. https://isamveri.org/pdfdrg/D01777/2013_55/2013_17_55_KEYIFLIS.pdf"
4752,1282293,21546640,50,,,quoted,Osmanlı Para Tarihinde Dünya Para ve Maden Hareketlerinin Yeri (1300-1750),ODTÜ Gelişme Dergisi 8,1978,"Sahillioğlu, Halil",,,no_match,,,,,,,,,,,,,,,,,,"Sahillioğlu, Halil. “Osmanlı Para Tarihinde Dünya Para ve Maden Hareketlerinin Yeri (1300-1750)”, ODTÜ Gelişme Dergisi 8, (1978): 1- 37."
4756,1314682,23063869,4,,,apa,Antimicrobial and Antioxidant Activity of the Essential Oil and Methanol Extract of Nepeta cataria,Polish Journal of Microbiology,2009,"Adiguzel A, Ozer H, Sokmen M, Gulluce M, Sokmen A, KIlic H, Sahin, Baris O",,,no_match,,,,,,,,,,,,,,,,,,"Adiguzel A, Ozer H, Sokmen M, Gulluce M, Sokmen A, KIlic H, Sahin, Baris O (2009) Antimicrobial and Antioxidant Activity of the Essential Oil and Methanol Extract of Nepeta cataria. Polish Journal of Microbiology, 58: 69–76."
4764,1366108,25287216,14,,,apa,Turizmin bölgesel kalkınmaya etkileri: Rize Ayder turizm bölgesi örneği,Recep Tayyip Erdoğan Üniversitesi Sosyal Bilimler Dergisi,2018,"Çakır, R",,,no_match,,,,,,,,,,,,,,,,,,"Çakır, R. A., & Sandalcılar, A.R. (2018). Turizmin bölgesel kalkınmaya etkileri: Rize Ayder turizm bölgesi örneği. Recep Tayyip Erdoğan Üniversitesi Sosyal Bilimler Dergisi, 4(8), 342-360."
4782,1247875,19980828,48,,,vancouver,Piaget’s theory of cognitive development,Educ Psychol,2003,"Huitt W, Hummel J",title_full,Piagets theory of cognitive development,no_match,1307593,10.20304/humanitas.1601228,not_checked,,"FROMCONSTRUCTIVISM TO CULTURAL COGNITION: A COMPARATIVE ANALYSIS OF PIAGET, VYGOTSKY, AND TOMASELLO'S THEORIES OF COGNITIVE DEVELOPMENT",2025,Humanitas - Uluslararası Sosyal Bilimler Dergisi,1609,PAPER,0.4112,0.4503,0.75,4,False,0.1724,0.0,False,"48. Huitt W, Hummel J. Piaget’s theory of cognitive develop- ment. Educ Psychol 2003;3:1–5."
4787,1198986,17827800,13,,,apa,"Edebiyat, Yenilik ve Yedi Meşale Topluluğu","Bizim Külliye, (58",2013,"Gariper, C",title_full,Edebiyat Yenilik ve Yedi Meşale Topluluğu,no_match,167101,,no_doi,,Perceptionand time-experience in merleau-ponty and bergson,2014,Kaygı. Uludağ Üniversitesi Fen-Edebiyat Fakültesi Felsefe Dergisi,407,PAPER,0.1943,0.3434,0.0,5,False,0.225,0.0,False,"Gariper, C. (2013). Edebiyat, Yenilik ve Yedi Meşale Topluluğu. Bizim Külliye, (58), 45-49."
4840,1293536,22078096,17,,,apa,Successful Implementation of Written Communication Across an Accounting Degree Program,Business Education and Accreditation,2015,"Hossain, M., Kummer, T",,,no_match,,,,,,,,,,,,,,,,,,"Hossain, M., Kummer, T. ve O'leary, C. (2015). Successful Implementation of Written Communication Across an Accounting Degree Program. Business Education and Accreditation, 7 (1), 43-56."
4865,1195926,17664059,9,,,apa,Dlib-ml: A machine learning toolkit,Journal of Machine Learning Research,2009,"King, D",,,no_match,,,,,,,,,,,,,,,,,,"King, D. E. (2009). Dlib-ml: A machine learning toolkit. Journal of Machine Learning Research, 10, 1755–1758."
4877,1225370,18993859,25,,,apa,Investigation of different Damask rose (Rosa damascena Mill.) oil samples from traditional markets in Fars (Iran); focusing on the extraction method,Trends in Pharmaceutical Sciences,2016,"Moein, M., Etemadfard, H",,,no_match,,,,,,,,,,,,,,,,,,"Moein, M., Etemadfard, H. and Zarshenas, M. M. (2016). Investigation of different Damask rose (Rosa damascena Mill.) oil samples from traditional markets in Fars (Iran); focusing on the extraction method. Trends in Pharmaceutical Sciences, 2(1), 51-58."
4881,1324471,23574907,11,,,apa,E-devlet kullanımına etki eden faktörler ve vatandaşların e - devlet algısı,Uluslararası politik araştırmalar dergisi,2018,"Demir, O",,,no_match,,,,,,,,,,,,,,,,,,"Demir, O. (2018). E-devlet kullanımına etki eden faktörler ve vatandaşların e - devlet algısı. Uluslararası politik araştırmalar dergisi, 4(1), 1-25."
4891,1203306,18370026,24,,,apa,Öğretmen Adaylarının Akademik ve KPSS Başarılarının Çeşitli Değişkenler Açısından İncelenmesi,"Kazım Karabekir Eğitim Fakültesi Dergisi, (11",2005,"Dilekmen, M.; Ercoşkun, M",title_full,Öğretmen Adaylarının Akademik ve KPSS Başarılarının Çeşitli Değişkenler Açısından İncelenmesi,no_match,103094,,no_doi,,"Sınıföğretmeni adaylarının ÖSS, akademik ve KPSS başarılarının çeşitli değişkenler açısından incelenmesi",2009,Kastamonu Üniversitesi Kastamonu Eğitim Dergisi,580,PAPER,0.7978,0.9492,1.0,9,False,0.4889,1.0,False,"Dilekmen, M.; Ercoşkun, M. H. ve Nalçacı, A. (2005). Öğretmen Adaylarının Akademik ve KPSS Başarılarının Çeşitli Değişkenler Açısından İncelenmesi. Kazım Karabekir Eğitim Fakültesi Dergisi, (11), 304-315."
4899,1319105,23329069,75,,,apa,The Relationship Between Cognitive Flexibility and Affinity-Seeking Strategies,Advances in Psychological Research,2001,"Martin, M",,,no_match,,,,,,,,,,,,,,,,,,"Martin, M. M. & Anderson, C. M. (2001). The Relationship Between Cognitive Flexibility and Affinity-Seeking Strategies. Advances in Psychological Research, 4(12), 69-76. https://www.researchgate.net/publication/291895585_The_relationship_between_cognitive_flexibility_and_affinity-seeking_strategies#fullTextFileContent"
4917,1190329,17338265,39,,,apa,Sağlık Sektöründe Değer Temelli Yönetim,Sağlık Düşüncesi ve Tıp Kültürü Platformu,2017,Tarım M,title_full,Sağlık Sektöründe Değer Temelli Yönetim,no_match,1175030,10.31590/ejosat.826022,not_checked,,SağlıkSektöründe Yönetsel Etik Kaygılar,2021,Europan Journal of Science and Technology,1000,PAPER,0.4273,0.6197,0.4,5,False,0.2439,0.0,False,"Tarım M. (2017). Sağlık Sektöründe Değer Temelli Yönetim. Sağlık Düşüncesi ve Tıp Kültürü Platformu, 74- 75."
4964,1164688,16729952,7,,,apa,Sovyet Türk edebiyatı. Türk Dünyası Dil ve Edebiyat Dergisi,1,1996,"Gürsoy-Naskali, E",title_full,Sovyet Türk edebiyatı Türk Dünyası Dil ve Edebiyat Dergisi,no_match,1356077,10.24155/tdk.2025.261,not_checked,,"KırımlıTürk Ediplerinin Hatıralarında Esaret, Sürgün, Hürriyet: Volga Kızıl Akarken ve Hatıralarda Cengiz Dağcı",2025,Türk Dünyası Dil ve Edebiyat Dergisi,2374,PAPER,0.2766,0.411,0.2857,7,False,0.0,0.0,False,"Gürsoy-Naskali, E. (1996). Sovyet Türk edebiyatı. Türk Dünyası Dil ve Edebiyat Dergisi. 1, 54-65."
4979,1364431,25211264,44,,,apa,Role of the family in students’ awareness of national security in secondary schools in Port Harcourt Metropolis,Patricia African Scholar Publications & Research International 29(8,2023,"Onisoya, M",,,no_match,,,,,,,,,,,,,,,,,,"Onisoya, M. & Ogonda, M. P. (2023). Role of the family in students’ awareness of national security in secondary schools in Port Harcourt Metropolis. Patricia African Scholar Publications & Research International 29(8), 45-60."
4988,1190760,17358824,14,,,apa,Türkiye’de aile içi iletişim ve ilişkiler üzerine bir model denemesi. Hacettepe Üniversitesi,Türkiyat Araştırmaları Enstitüsü,2004,"Görgün Baran, A",,,no_match,,,,,,,,,,,,,,,,,,"Görgün Baran, A (2004). Türkiye’de aile içi iletişim ve ilişkiler üzerine bir model denemesi. Hacettepe Üniversitesi. Türkiyat Araştırmaları Enstitüsü, 1, 31-41."
5019,1179368,16836870,6,,,apa,Stock returns and inflation: a long horizon perspective,American Economic Review,1993,"Boudoukh, J., & Richardson, M",,,no_match,,,,,,,,,,,,,,,,,,"Boudoukh, J., & Richardson, M. (1993). Stock returns and inflation: a long horizon perspective. American Economic Review, 83, 1346 – 1355. http://links.jstor.org/sici?sici=0002- 8282%2819931 ... O%3B2-I&origin=repec"
5020,1330081,23810813,19,,,apa,"Social influence: Social norms, conformity, and compliance",The Handbook of Social Psychology,1998,"Cialdini, R",,,no_match,,,,,,,,,,,,,,,,,,"Cialdini, R. B., & Trost, M. R. (1998). Social influence: Social norms, conformity, and compliance. The Handbook of Social Psychology, 2(2), 151-192."
5058,1220921,19238666,10,,,vancouver,Evaluation of the COVID-19 pandemic process in terms of health management,Eurasian J Heal Sci,2020,"Yücesan B, Özkan Ö",title_full,Evaluation of the COVID 19 pandemic process in terms of health management,no_match,1304410,10.5455/medscience.2024.08.101,not_checked,,Newlygraduate nurses' experiences in the COVID-19 pandemic process and factors affecting their experiences: A mixed method study,2024,Medicine Science,976,PAPER,0.4033,0.5327,0.4286,7,False,0.4571,0.0,False,"10.Yücesan B, Özkan Ö. Evaluation of the COVID-19 pandemic process in terms of health management. Eurasian J Heal Sci. 2020;3(COVID-19 Special Issue):134–9."
5106,1268341,20982008,4,,,apa,Disiplin toplumu ve haber söylemi: Gökkuşağı Derneği’nce yapılması planlanan yürüyüşün engellemesine ilişkin haberlerin çözümlenmesi,Gümüşhane Üniversitesi Sosyal Bilimler Enstitüsü Elektronik Dergisi,2013,"DORUK, Özlem",,,no_match,,,,,,,,,,,,,,,,,,"DORUK, Özlem (2013). Disiplin toplumu ve haber söylemi: Gökkuşağı Derneği’nce yapılması planlanan yürüyüşün engellemesine ilişkin haberlerin çözümlenmesi. Gümüşhane Üniversitesi Sosyal Bilimler Enstitüsü Elektronik Dergisi, 2(1), 106-132."
5107,1301159,22420642,15,,,quoted,Yürütmenin Durdurulması Müessesesinin Vergileme İşlemleri Üzerindeki Etki ve Sonuçları,Maliye Araştırma Merkezi Konferansları,2002,"GERÇEK, Adnan:",,,no_match,,,,,,,,,,,,,,,,,,"GERÇEK, Adnan: “Yürütmenin Durdurulması Müessesesinin Vergileme İşlemleri Üzerindeki Etki ve Sonuçları”, Maliye Araştırma Merkezi Konferansları, 2002, Sayı 41, s. 117-138."
5154,1190958,17372444,30,,,volume_pages,"Evaluating the pathogenicity of nematodes infecting roses at Taif Governorate, KSA","Research Journal of Pharmaceutical, Biological and Chemical Sciences",2015,"Nour El-Deen A.H., Darwesh H.Y., El-Ghamdi A.A., Samra B.N",,,no_match,,,,,,,,,,,,,,,,,,"Nour El-Deen A.H., Darwesh H.Y., El-Ghamdi A.A., Samra B.N., 2015. Evaluating the pathogenicity of nematodes infecting roses at Taif Governorate, KSA. Research Journal of Pharmaceutical, Biological and Chemical Sciences, 6 (2), 1562-1570."
5156,1296942,22221229,13,,,apa,Building Green: Biophilic Design and Health,Journal of Environmental Psychology,2020,"Evans, G",title_full,Building Green Biophilic Design and Health,no_match,1181306,10.35674/kent.1112993,not_checked,,YeşilAltyapıların Önemli Bir Parçası Olarak Avlu Peyzaj Tasarım Süreci,2023,Kent Akademisi (Online),2386,PAPER,0.1902,0.3393,0.0,5,False,0.1961,0.0,False,"Evans, G. W., Wells, N. M., & Moch, A. (2020). Building Green: Biophilic Design and Health. Journal of Environmental Psychology, 63, 134-143."
5157,1296942,22221247,31,,,apa,Timber Construction: A Sustainable Future for Urban Architecture,Building & Environment Journal,2018,"Markus, A",title_full,Timber Construction A Sustainable Future for Urban Architecture,no_match,278552,,no_doi,,KORUMAYENİLEME ODAKLI BİR YAKLAŞIM ÇERÇEVESİNDE KAYSERİ “GERMİR” YERLEŞİMİNİN BUGÜNÜ VE GELECEĞİ,2015,Turkish Studies (Elektronik),664,PAPER,0.1496,0.2429,0.0,6,False,0.3333,0.0,False,"Markus, A. (2018). Timber Construction: A Sustainable Future for Urban Architecture. Building & Environment Journal, 54(3), 112-119."
5159,1296942,22221250,34,,,apa,The Psychological İmpact of Natural Materials in Built Environments: A Focus on wood,Journal of Environmental Science,2021,"Rakhee, B",,,no_match,,,,,,,,,,,,,,,,,,"Rakhee, B. (2021). The Psychological İmpact of Natural Materials in Built Environments: A Focus on wood. Journal of Environmental Science, 47(6), 203-215."
5218,1260775,20542357,33,,,apa,Anne-baba çocuk ilişkileri: Bir meta-sentez çalışması,Hacettepe University Faculty of Health Sciences Journal,2017,"Kırman, A., & Doğan, Ö",,,no_match,,,,,,,,,,,,,,,,,,"Kırman, A., & Doğan, Ö. (2017). Anne-baba çocuk ilişkileri: Bir meta-sentez çalışması. Hacettepe University Faculty of Health Sciences Journal, 4(1), 28-49."
5309,1332672,23935845,1,,,apa,The psychosocial meaning of bridge employment. Asia Pacific Career Development Journal,4(2,2021,"Ang, A",,,no_match,,,,,,,,,,,,,,,,,,"Ang, A. & Mehta, K. (2021). The psychosocial meaning of bridge employment. Asia Pacific Career Development Journal. 4(2), 13-26. https:// asiapacificcda.org/wp-content/uploads/2023/12/A0004_2_03.pdf google scholar"
5338,1364555,25216943,13,,,apa,Sanatsal ve kültürel açıdan balık motifleri,Türk Bilimsel Derlemeler Dergisi,2011,"Dilay, S",title_full,Sanatsal ve kültürel açıdan balık motifleri,no_match,1257994,10.58242/millifolklor.1332651,not_checked,,GAMALIHAÇ (SWASTİKA) VE BUDİST UYGUR KÜLTÜRÜNDE KULLANIMI,2024,Milli Folklor Dergisi,635,PAPER,0.2502,0.4082,0.0,5,False,0.5417,0.0,False,"Dilay, S. (2011). Sanatsal ve kültürel açıdan balık motifleri. Türk Bilimsel Derlemeler Dergisi, 4(1), 53–56. 20 Kasım 2024 tarihinde https://dergipark.org.tr/en/download/article-file/417668 adresinden erişilmiştir."
5340,1344589,24401978,22,,,apa,"The role of the university of the third age in meeting needs of adult learners in victoria, Australia",Australian Journal of Adult Learning,2008,"Hebestreit, L",,,no_match,,,,,,,,,,,,,,,,,,"Hebestreit, L. (2008). The role of the university of the third age in meeting needs of adult learners in victoria, Australia. Australian Journal of Adult Learning, 48, 547-565."
5383,1269717,20927455,32,,,apa,Content analysis of studies conducted in the field of environmental education in Turkey between 1996 and 2016,Journal of Science Teaching,2017,"Candaş, Z., & Karataş, A",title_full_year,Content analysis of studies conducted in the field of environmental education in Turkey between 1996 and 2016,no_match,266578,,no_doi,,BİLİMVE SANAT MERKEZLERİ BİREYSELLEŞTİRİLMİŞ EĞİTİM PROGRAMINDA TÜRKÇE DERSİ UYGULAMALARINDAKİ FARKLILIKLAR VE SORUNLAR,2017,Turkish Studies (Elektronik),664,PAPER,0.2843,0.2368,0.0,10,True,0.3019,0.0,False,"Candaş, Z., & Karataş, A. (2017). Content analysis of studies conducted in the field of environmental education in Turkey between 1996 and 2016. Journal of Science Teaching, 5(2), 143-159."
5419,1179773,16857097,18,,,vancouver,Alumina and zirconia ceramics in joint replacements,J Appl Biomater Biomech,2003,"Piconi C, Maccauro G, Muratori F, Del Prever EB",,,no_match,,,,,,,,,,,,,,,,,,"18. Piconi C, Maccauro G, Muratori F, Del Prever EB. Alumina and zirconia ceramics in joint replacements. J Appl Biomater Biomech. 2003; 1: 19-32."
5429,1328116,23724677,17,,,apa,“Katılımcı Yerel Yönetim Anlayışında E-Belediyeciliğin Yeri ve Önemi”,Journal of Human Sciences,2005,"Henden, H",,,no_match,,,,,,,,,,,,,,,,,,"Henden, H. B. (2005). “Katılımcı Yerel Yönetim Anlayışında E-Belediyeciliğin Yeri ve Önemi”. Journal of Human Sciences, 8 (1), 1-13."
5448,1257994,20421905,28,,,volume_pages,“Swastika As a Decoratıve Motif of Indian Pottery: A Short Note”,Proceedings of the Indian History Congress,1960,"Ramachandran, K",,,no_match,,,,,,,,,,,,,,,,,,"Ramachandran, K. S. “Swastika As a Decoratıve Motif of Indian Pottery: A Short Note”. Proceedings of the Indian History Congress, 23 (1960): 81-83."
5534,1162436,16480068,35,,,apa,The Effect of Inspiratory and Expiratory Muscle Warm-Up on Rowing Performance in Youth Rowers,Science & Technology Asia,2018,"Silapabanleng, S., Buranapuntalug, S",,,no_match,,,,,,,,,,,,,,,,,,"Silapabanleng, S., Buranapuntalug, S. (2018). The Effect of Inspiratory and Expiratory Muscle Warm-Up on Rowing Performance in Youth Rowers. Science & Technology Asia, 37-45."
5538,1375664,25636601,36,,,apa,Azerbaycan-ABD İlişkilerinde Belirsizlik Dönemi (1991-1994),Çankırı Karatekin Üniversitesi Uluslararası Avrasya Strateji Dergisi,2013,"MERDAN, A.S",,,no_match,,,,,,,,,,,,,,,,,,"MERDAN, A.S. (2013). Azerbaycan-ABD İlişkilerinde Belirsizlik Dönemi (1991-1994). Çankırı Karatekin Üniversitesi Uluslararası Avrasya Strateji Dergisi, 2(1): 47-70."
5546,1243549,19863885,10,,,apa,Doğal ve kültürel miraslarımızdan anıt ağaç ve ormanlarımız,"Yeşil Çerçeve, (6",1991,"Asan, Ü",,,no_match,,,,,,,,,,,,,,,,,,"Asan, Ü. (1991). Doğal ve kültürel miraslarımızdan anıt ağaç ve ormanlarımız. Yeşil Çerçeve, (6), 22-24."
5548,1324363,23570887,43,,,apa,İş tatmini ölçeğinin Türkçe güvenilirlik ve geçerlilik çalişmasi,Kırklareli Üniversitesi Sosyal Bilimler Dergisi,2019,"Keser, A., & Bilir, K",title_full,İş tatmini ölçeğinin Türkçe güvenilirlik ve geçerlilik çalişmasi,no_match,1341439,10.21076/vizyoner.1581295,not_checked,,İşÇaresizliği Ölçeği: Türkçe Geçerlik ve Güvenirlik Çalışması,2025,Süleyman Demirel Üniversitesi Vizyoner Dergisi,1797,PAPER,0.5395,0.7419,0.5,6,False,0.6237,0.0,False,"Keser, A., & Bilir, K. B. Ö. (2019). İş tatmini ölçeğinin Türkçe güvenilirlik ve geçerlilik çalişmasi. Kırklareli Üniversitesi Sosyal Bilimler Dergisi, 3(3), 229-239."
5551,1389830,26098280,29,,,quoted,"Prävention, Tadel und Verantwortung – Zur neuesten Strafzweckdiskussion",Goltdammer's Archiv für Strafrecht,2015,"ROXIN, Claus",,,no_match,,,,,,,,,,,,,,,,,,"ROXIN, Claus, “Prävention, Tadel und Verantwortung – Zur neuesten Strafzweckdiskussion”, Goltdammer's Archiv für Strafrecht, 2015, s. 185-203. SCHÜNEMANN, Bernd: Sinn und Zweck der Strafe – eine unendliche Geschichte, Jan C. Joerden / Kurt"
5552,1288559,22542027,3,,,apa,Hizmet içi eğitimin işlevlerine ilişkin görüş ve tutumlar,Kazım Karabekir Eğitim Fakültesi Dergisi,2006,"Altınışık, S",,,no_match,,,,,,,,,,,,,,,,,,"Altınışık, S. (2006). Hizmet içi eğitimin işlevlerine ilişkin görüş ve tutumlar. Kazım Karabekir Eğitim Fakültesi Dergisi, 13, 362-372."
5553,1288559,22542028,4,,,apa,Bilişim teknolojileri öğretmenlerinin hizmet içi eğitim kurslarına yönelik görüşleri,Middle Eastern & African Journal of Educational Research,2013,"Arslan, H",title_full_year,Bilişim teknolojileri öğretmenlerinin hizmet içi eğitim kurslarına yönelik görüşleri,no_match,148479,,no_doi,,Millieğitim denetçilerinin katıldığı ingilizce hizmet-içi eğitim kursunun etkililiği,2013,Fırat Üniversitesi Sosyal Bilimler Dergisi,779,PAPER,0.5211,0.5526,0.3333,9,True,0.2917,0.0,False,"Arslan, H. & Şahin, İ. (2013). Bilişim teknolojileri öğretmenlerinin hizmet içi eğitim kurslarına yönelik görüşleri. Middle Eastern & African Journal of Educational Research, 5, 56-66."
5555,1264148,20670282,56,,,apa,Osmanlı Ermenilerinin göçünün fotoğrafını çekmek: terk-i tâbiiyet ve pasaport politikaları. Toplumsal Tarih,Nisan,2019,"Özdemir, H",,,no_match,,,,,,,,,,,,,,,,,,"Özdemir, H. (2019). Osmanlı Ermenilerinin göçünün fotoğrafını çekmek: terk-i tâbiiyet ve pasaport politikaları. Toplumsal Tarih. Nisan, 304, 82-90."
5574,1239346,20414635,5,,,apa,Shared experiences of CRNAs who were on duty in New Orleans during Hurricane Katrina,AANA Journal,2012,"Geisz-Everson, M",,,no_match,,,,,,,,,,,,,,,,,,"Geisz-Everson, M. A., Dodd-McCue, D., & Bennett, M. (2012). Shared experiences of CRNAs who were on duty in New Orleans during Hurricane Katrina. AANA Journal, 80(3), 205–212."
5616,1260399,20528203,69,,,apa,Eğitimbilim araştırmalarında etkin olarak kullanılabilecek nitel bir araştırma tekniği: Görüşme,Kuram ve Uygulamada Eğitim Yönetimi,2000,"Türnüklü, A",,,no_match,,,,,,,,,,,,,,,,,,"Türnüklü, A. (2000). Eğitimbilim araştırmalarında etkin olarak kullanılabilecek nitel bir araştırma tekniği: Görüşme. Kuram ve Uygulamada Eğitim Yönetimi, 24(24), 543–559."
5618,1207055,18181728,2,,,apa,Framing of Christchurch attacks in international media: A comparative analysis of Muslim and non-Muslim press,International Review of Social Sciences,2020,"Batool, S., Momineen, F., & Tanveer, A",,,no_match,,,,,,,,,,,,,,,,,,"Batool, S., Momineen, F., & Tanveer, A. (2020). Framing of Christchurch attacks in international media: A comparative analysis of Muslim and non-Muslim press. International Review of Social Sciences, 8(10), 62-70."
5619,1161103,16428861,3,,,apa,Restoran işletmelerinde müşteri şikâyetleri ve şikâyete ilişkin davranışlar,"Paradoks Ekonomi, Sosyoloji ve Politika Dergisi, (9)2",2013,"Albayrak, A",,,no_match,,,,,,,,,,,,,,,,,,"Albayrak, A. (2013). Restoran işletmelerinde müşteri şikâyetleri ve şikâyete ilişkin davranışlar. Paradoks Ekonomi, Sosyoloji ve Politika Dergisi, (9)2, 24-51."
5630,1203642,18035037,5,,,volume_pages,Türk-Alman Tıbbî İlişkileri Simpozyum Bildirileri,"İstanbul: İstanbul Üniversitesi Tıp Fakültesi Yayınları, İstanbul",1981,Terzioğlu A,,,no_match,,,,,,,,,,,,,,,,,,"5. Terzioğlu A. Türkiye‘de Görev Yapmış Olan Alman Asıllı Tıp ve Deneysel Bilim Dallarındaki Profesörlerin Biyografileri. Arslan Terzioğlu (ed.). Türk-Alman Tıbbî İlişkileri Simpozyum Bildirileri. İstanbul: İstanbul Üniversitesi Tıp Fakültesi Yayınları, İstanbul, 1981:131-216."
5644,1298935,22318979,40,,,quoted,Rechtliche Herausforderungen der Klimaanpassung,ZUR,2023,Schlacke S/Grotefels S,,,no_match,,,,,,,,,,,,,,,,,,"Schlacke S/Grotefels S, “Rechtliche Herausforderungen der Klimaanpassung”, ZUR, 2023, s. 257-259."
5648,1187927,17238276,2,,,apa,The Romance of symbol language in National Costume,Anhui Literature,2011,"Chen, M",,,no_match,,,,,,,,,,,,,,,,,,"Chen, M. (2011). The Romance of symbol language in National Costume. Anhui Literature, 276-277."
5663,1241331,19727039,39,,,apa,Green Marketing and Consumer Tendency of Ecofriendly Products,Düzce Üniversitesi Orman Fakültesi Ormancılık Dergisi,2013,"Duru, M",,,no_match,,,,,,,,,,,,,,,,,,"Duru, M. N., & Șua, E. (2013). Green Marketing and Consumer Tendency of Eco- friendly Products. Düzce Üniversitesi Orman Fakültesi Ormancılık Dergisi, 9(2), 126-136."
5664,1241331,19727042,42,,,apa,Yeşil Pazarlama Algısı ve Yeşil Satın Alma Davranışı: Düzce Üniversitesi Örneği,Düzce Üniversitesi Orman Fakültesi Ormancılık Dergisi,2014,"Gedik, T., Kurutkan, M",,,no_match,,,,,,,,,,,,,,,,,,"Gedik, T., Kurutkan, M. N., & Çil, M. (2014). Yeşil Pazarlama Algısı ve Yeşil Satın Alma Davranışı: Düzce Üniversitesi Örneği. Düzce Üniversitesi Orman Fakültesi Ormancılık Dergisi, 10(1), 1-13."
5665,1241331,19727086,86,,,apa,Çevreci Ürünlerin Tüketicilerin Satın Alma Kararlarındaki Yeri Üzerine Bir Uygulama,Niğde Üniversitesi İktisadi ve İdari Bilimler Fakültesi Dergisi,2016,"Tayfun, N",,,no_match,,,,,,,,,,,,,,,,,,"Tayfun, N. Ö., & Ölçü, B. (2016). Çevreci Ürünlerin Tüketicilerin Satın Alma Kararlarındaki Yeri Üzerine Bir Uygulama. Niğde Üniversitesi İktisadi ve İdari Bilimler Fakültesi Dergisi, 9(3), 185-198."
5669,1258908,20463015,5,,,apa,Le lettere dalla prigione di Aldo Moro,Studi Storici,2008,"Barbagallo, F",,,no_match,,,,,,,,,,,,,,,,,,"Barbagallo, F. (2008). Le lettere dalla prigione di Aldo Moro. Studi Storici, 49(1), 261-267."
5683,1227052,19084466,18,,,vancouver,Validity and reliability study of the healthy lifestyle behaviors scale ıı,CUHemsirelik Yuksek Derg,2008,"Bahar Z, Beşer A, Gördes N, Ersin F, Kıssal A",title_salient,Validity reliability healthy lifestyle behaviors scale,no_match,1121455,,no_doi,,"RELATIONSHIPSBETWEEN HEALTH LITERACY, HEALTHY LIFE STYLE AND RATIONAL DRUG USE",2021,Dicle Üniversitesi Sosyal Bilimler Enstitüsü Dergisi,804,PAPER,0.3715,0.4697,0.4444,6,False,0.4211,0.0,False,"18. Bahar Z, Beşer A, Gördes N, Ersin F, Kıssal A. Validity and reliability study of the healthy lifestyle behaviors scale ıı. CUHemsirelik Yuksek Derg. 2008;12(1):1-13."
5688,1315767,23131826,40,,,apa,Alfred Adler’s individual psychology in protagonist of “Soul” movie,Jurnal Karya Ilmiah Mahasiswa,2023,"Nurawaliyah, F., Kone, A",,,no_match,,,,,,,,,,,,,,,,,,"Nurawaliyah, F., Kone, A. M., & Halijah, S. (2023). Alfred Adler’s individual psychology in protagonist of “Soul” movie. Jurnal Karya Ilmiah Mahasiswa, 2(2), 242-251."
5711,1196096,17736907,55,,,volume_pages,Int J Chem Environ Pharm Res,2011,2011,"Topare, NS.; Renge, VC.; Khedkar, SV.; Chavan, YP.; Bhagat, SL",,,no_match,,,,,,,,,,,,,,,,,,"55. Topare, NS.; Renge, VC.; Khedkar, SV.; Chavan, YP.; Bhagat, SL. Int J Chem Environ Pharm Res. 2011, 2, 116-20."
5714,1157471,15879162,12,,,apa,1990’ların Türk sinemasında kamusal ve özel mekanların cinsiyetçi sunumu: Özkan’ın bir kadının anatomisi’nde kadın,İletişim,2005,"Erkaslan, Ö",,,no_match,,,,,,,,,,,,,,,,,,"Erkaslan, Ö. (2005). 1990’ların Türk sinemasında kamusal ve özel mekanların cinsiyetçi sunumu: Özkan’ın bir kadının anatomisi’nde kadın. İletişim, 20, 157–174."
5719,1285374,21718399,12,,,apa,Okul dışı öğrenme ortamlarına yönelik sınıf öğretmenlerinin görüşleri: Kayseri bilim merkezi,Sosyal Bilimler Araştırma Dergisi,2020,"Ertuğrul, A., & Karamustafaoğlu, O",,,no_match,,,,,,,,,,,,,,,,,,"Ertuğrul, A., & Karamustafaoğlu, O. (2020). Okul dışı öğrenme ortamlarına yönelik sınıf öğretmenlerinin görüşleri: Kayseri bilim merkezi. Sosyal Bilimler Araştırma Dergisi, 9 (2), 107-116."
5720,1329079,23766233,2,,,apa,Velilerin öğretmenlere uyguladığı şiddete yönelik nitel bir araştırma,Anadolu Eğitim Liderliği ve Öğretim Dergisi,2014,"Atmaca, T",,,no_match,,,,,,,,,,,,,,,,,,"Atmaca, T. ve Öntaş, T. (2014). Velilerin öğretmenlere uyguladığı şiddete yönelik nitel bir araştırma. Anadolu Eğitim Liderliği ve Öğretim Dergisi, 2(1), 47-62. Erişim: https://dergipark.org.tr/tr/download/article-file/17498"
5738,1320012,23374227,2,,,apa,Metaverse evreninde pazarlama: 7p pazarlama karması üzerinden bir değerlendirme,Uluslararası Halkla İlişkiler ve Reklam Çalışmaları Dergisi,2022,"Anıl, F., & Alankuş, Z",,,no_match,,,,,,,,,,,,,,,,,,"Anıl, F., & Alankuş, Z. (2022). Metaverse evreninde pazarlama: 7p pazarlama karması üzerinden bir değerlendirme. Uluslararası Halkla İlişkiler ve Reklam Çalışmaları Dergisi, 5(1), 134-168."
5749,1279324,21370292,15,,,apa,CAMELS performans değerleme modeli: Türkiye’deki mevduat bankaları üzerine ampirik bir uygulama,Niğde Üniversitesi İktisadi ve İdari Bilimler Fakültesi Dergisi,2015,"Ege, İ., Topaloğlu, E",,,no_match,,,,,,,,,,,,,,,,,,"Ege, İ., Topaloğlu, E. E., & Karakozak, Ö. (2015). CAMELS performans değerleme modeli: Türkiye’deki mevduat bankaları üzerine ampirik bir uygulama. Niğde Üniversitesi İktisadi ve İdari Bilimler Fakültesi Dergisi, 8(4), 109–126."
5767,1194154,17584126,20,,,apa,Üniversite Öğrencilerinin Cam Tavan Algıları ile Beş Faktör Kişilik Özellikleri İlişkisi,Balkan ve Yakın Doğu Sosyal Bilimler Dergisi,2021,"Serinikli, N",,,no_match,,,,,,,,,,,,,,,,,,"Serinikli, N. (2021). Üniversite Öğrencilerinin Cam Tavan Algıları ile Beş Faktör Kişilik Özellikleri İlişkisi. Balkan ve Yakın Doğu Sosyal Bilimler Dergisi, 7(1), 16-28."
5768,1333989,23983103,31,,,apa,Yenice Höyük 2016–2017 Yılı Çalışmaları,Kazı Sonuçları Toplantısı,2019,"Demir, T",title_full_year,Yenice Höyük 2016 2017 Yılı Çalışmaları,no_match,399619,,no_doi,,OLBAAKROPOLIS KAZILARINDAN CAM PENDANT,2019,OLBA,479,PAPER,0.2959,0.2899,0.0,6,True,0.0741,0.0,False,"Demir, T. & Ekici, M. (2019). Yenice Höyük 2016–2017 Yılı Çalışmaları. Kazı Sonuçları Toplantısı, 40(3), 503–520."
5771,1333989,23983116,44,,,apa,The Connection between Clay Sealings and Tablets in Administration,South Asian Archaeology,1979,"Fiandra, E",,,no_match,,,,,,,,,,,,,,,,,,"Fiandra, E. (1979). The Connection between Clay Sealings and Tablets in Administration. South Asian Archaeology, 5, 29–43."
5772,1333989,23983120,48,,,apa,The Collapse of the 4th Millennium Centralised System at Arslantepe and the Far– Reaching Changes in 3rd Millennium Societies,"Origini, XXXIV",2012,"Frangipane, M",,,no_match,,,,,,,,,,,,,,,,,,"Frangipane, M. (2012). The Collapse of the 4th Millennium Centralised System at Arslantepe and the Far– Reaching Changes in 3rd Millennium Societies. Origini, XXXIV, 237–260."
5832,1193117,18926962,12,,,quoted,Tarih Felsefesinin Genel Hatları ve Collingwood,un Tarih Düşüncesi,2019,"Erdoğan, Enver",,,no_match,,,,,,,,,,,,,,,,,,"Erdoğan, Enver. “Tarih Felsefesinin Genel Hatları ve Collingwood’un Tarih Düşüncesi”. Medeniyet ve Toplum Dergisi 3/1 (2019), 69-90."
5837,1324368,23570987,7,,,apa,Islamophobia and sexism: Muslim women in the Western mass media,Human Architecture: Journal of the Sociology of Self-Knowledge,2010,"Navarro, L",,,no_match,,,,,,,,,,,,,,,,,,"Navarro, L. (2010). Islamophobia and sexism: Muslim women in the Western mass media. Human Architecture: Journal of the Sociology of Self-Knowledge, 8(2), 95-114."
5875,1372632,25527201,36,,,apa,Role of transforming growth factor β1 in induction of colon carcinoma differentiation by hexamethylene bisacetamide,Cancer Research,1990,"Schroy, P., Rifkin, J., Coffey, R",,,no_match,,,,,,,,,,,,,,,,,,"Schroy, P., Rifkin, J., Coffey, R. J., Winawer, S., & Friedman, E. (1990). Role of transforming growth factor β1 in induction of colon carcinoma differentiation by hexamethylene bisacetamide. Cancer Research, 50(2), 261-265. https://aacrjournals.org/cancerres/article/50/2/261/495798/Role-of-Transforming-Growth-Factor-1-in-Induction"
5906,1288651,21878411,20,,,vancouver,Evaluating the best renewable energy technology for sustainable energy planning,International Journal of Energy Economics and Policy,2013,Demirtas O,,,no_match,,,,,,,,,,,,,,,,,,[20] Demirtas O. Evaluating the best renewable energy technology for sustainable energy planning. International Journal of Energy Economics and Policy 2013; 3(4): 23-33.
5931,1252022,20165426,70,,,apa,Öğretmen adaylarının kaynaştırma eğitimine yönelik öz yeterliklerini belirlemek için ölçek geliştirme,Eurasian Journal of Teacher Education,2021,"Teke, D., & Sözbilir, M",,,no_match,,,,,,,,,,,,,,,,,,"Teke, D., & Sözbilir, M. (2021). Öğretmen adaylarının kaynaştırma eğitimine yönelik öz yeterliklerini belirlemek için ölçek geliştirme. Eurasian Journal of Teacher Education, 2(1), 55-68. https://avesis.atauni.edu.tr/yayin/a55d1d98-c030-44de- b09b-ff04f45227ed/ogretmen-adaylarinin-kaynastirma- egitimine-yonelik-oz-yeterliklerini-belirlemek-icin-olcek- gelistirme"
5944,1208521,18323847,61,,,quoted,Tarihsel Süreç İçerisinde Türk Kadını ve Atatürk,Cumhuriyet Üniversitesi İktisadi ve İdari Bilimler Dergisi,2001,"SAĞ, Vahap",title_full,Tarihsel Süreç İçerisinde Türk Kadını ve Atatürk,no_match,74687,,no_doi,,Cumhuriyetve Türk kadını,2006,Zonguldak Sağlık Yüksekokulu Sağlık Eğitim Araştırma Derg.,497,PAPER,0.3968,0.4444,0.6667,6,False,0.2718,0.0,False,"SAĞ, Vahap, “Tarihsel Süreç İçerisinde Türk Kadını ve Atatürk”, Cumhuriyet Üniversitesi İktisadi ve İdari Bilimler Dergisi, C,2 S.1, Nisan 2001, s.12-14."
5974,1372146,25507243,2,,,vancouver,Mechanical strength degradation of slag and fly ash based geopolymer specimens exposed to sulfuric acid attack,Sigma J Eng Nat Sci,2019,"Ni¸s A, Altundal MB",,,no_match,,,,,,,,,,,,,,,,,,"2. Ni¸s A, Altundal MB. Mechanical strength degradation of slag and fly ash based geopolymer specimens exposed to sulfuric acid attack. Sigma J Eng Nat Sci. 2019;37(3):917–26."
5997,1157017,16525241,32,,,apa,Sınıf öğretmenlerinin ekran okumaya yönelik görüşleri,Kırıkkale Üniversitesi Sosyal Bilimler Dergisi (KÜSBD,2018,"Elkatmış, M",,,no_match,,,,,,,,,,,,,,,,,,"Elkatmış, M. (2018). Sınıf öğretmenlerinin ekran okumaya yönelik görüşleri. Kırıkkale Üniversitesi Sosyal Bilimler Dergisi (KÜSBD), 8(1), 203-222."
5998,1157017,16525282,73,,,apa,Computer technology and college students’ reading habits,Chia-nan Annual Bulletin,2006,"Shen, L-B",title_full,Computer technology and college students reading habits,no_match,154876,,no_doi,,Medyaokuryazarlığı dersini alan öğrencilerin televizyon izleme alışkanlıkları: Cinsiyetler arası karşılaştırma,2013,Selçuk Üniversitesi Sosyal Bilimler Enstitüsü Dergisi,433,PAPER,0.1265,0.2013,0.0,6,False,0.3117,0.0,False,"Shen, L-B. (2006). Computer technology and college students’ reading habits. Chia-nan Annual Bulletin, 32, 559-572."
6004,1320992,23428567,39,,,apa,Algılanan koç kişilerarası davranışlarının öncülleri: Koçluk ortamı ve koçun psikolojik refahı ve kötülüğü,Spor ve Egzersiz Psikolojisi Dergisi,2012,"Stebbings, J., Taylor, I., Spray, C",,,no_match,,,,,,,,,,,,,,,,,,"Stebbings, J., Taylor, I., Spray, C. M., & Ntoumanis, N. (2012). Algılanan koç kişilerarası davranışlarının öncülleri: Koçluk ortamı ve koçun psikolojik refahı ve kötülüğü. Spor ve Egzersiz Psikolojisi Dergisi, 34(1), 481-502. [CrossRef]"
6018,1253546,20266320,24,,,apa,Türkçe öğretiminin tarihsel gelişimiyle ilgili bir kaynakça denemesi,Uluslararası Eğitim Bilim ve Teknoloji Dergisi,2019,"Maden, S., & Kızıltaş, M",,,no_match,,,,,,,,,,,,,,,,,,"Maden, S., & Kızıltaş, M. (2019). Türkçe öğretiminin tarihsel gelişimiyle ilgili bir kaynakça denemesi. Uluslararası Eğitim Bilim ve Teknoloji Dergisi, 5(3), 119-135."
6043,1368205,25367161,27,,,quoted,Mathematical Modelling and Ideology in the Economics Academy: Competing explanations of the failings of the modern discipline?,Economic Thought,2012,Lawson Tony,,,no_match,,,,,,,,,,,,,,,,,,"Lawson Tony. “Mathematical Modelling and Ideology in the Economics Academy: Competing explanations of the failings of the modern discipline?”, Economic Thought, 1 no 1, (2012): 3-22."
6077,1372144,25507155,28,,,apa,Kadına Yönelik Şiddet ve Sosyal Medya Aktivizmi: Kadın Cinayetlerini Durduracağız Platformu Örneğinde İçerik Analizi,Yeni Düşünceler,2018,"Özkan, S",,,no_match,,,,,,,,,,,,,,,,,,"Özkan, S. (2018). Kadına Yönelik Şiddet ve Sosyal Medya Aktivizmi: Kadın Cinayetlerini Durduracağız Platformu Örneğinde İçerik Analizi. Yeni Düşünceler, 9, 57-69."
6101,1280623,22325231,4,,,apa,Aşık Veysel Şatıroğlu’nda Dini Tecrübe,Dinbilimleri Akademik Araştırma Dergisi,2005,"Apaydın, H",,,no_match,,,,,,,,,,,,,,,,,,"Apaydın, H. (2005). Aşık Veysel Şatıroğlu’nda Dini Tecrübe. Dinbilimleri Akademik Araştırma Dergisi, 5(2), 179-191."
6122,1159474,16360126,1,,,apa,Türkiye’de ikinci en iyi teorisi bağlamında Covid-19 pandemisinde uygulanan kısıtlayıcı önlemlerin etkinliği,Bilgi Sosyal Bilimler Dergisi,2021,"Afşar, K., & Toker, E",,,no_match,,,,,,,,,,,,,,,,,,"Afşar, K., & Toker, E. (2021). Türkiye’de ikinci en iyi teorisi bağlamında Covid-19 pandemisinde uygulanan kısıtlayıcı önlemlerin etkinliği. Bilgi Sosyal Bilimler Dergisi, 23(1), 1-29."
6124,1366887,25318666,4,,,apa,Digital mind games: Experience-based reflections on design and interface features supporting the development of reasoning skills,Proceedings of the 3rd European Conference on Games-Based Learning (ECGBL,2009,"Bottino, R",,,no_match,,,,,,,,,,,,,,,,,,"Bottino, R. M., Ott, M., & Benigno, V. (2009). Digital mind games: Experience-based reflections on design and interface features supporting the development of reasoning skills. Proceedings of the 3rd European Conference on Games-Based Learning (ECGBL), 12-13 Ekim 2011, Graz, s. 53-60."
6156,1351467,24665930,19,,,volume_pages,"“Bakırköy’ün Endüstri Mirasının Değerlendirilmesi”, Mimar",Ist,2018,"Kariptaş, F",,,no_match,,,,,,,,,,,,,,,,,,"Kariptaş, F. S., Güney, C. (2018). “Bakırköy’ün Endüstri Mirasının Değerlendirilmesi”, Mimar.Ist, 61, 46-53."
6172,1271950,21023483,14,,,apa,Highlights of consumption and satisfaction in nautical tourism: A comparative study of visitors to the Canary Islands and Morocco,Gestion y Ambiente,2015,"Gonzalez, Y",,,no_match,,,,,,,,,,,,,,,,,,"Gonzalez, Y. E. L., Gonzalez, C. J. L., ve Ledesma, J. L. (2015). Highlights of consumption and satisfaction in nautical tourism: A comparative study of visitors to the Canary Islands and Morocco. Gestion y Ambiente, 18(1), 129-145."
6193,1360222,25335858,145,,,volume_pages,Burdur İlinin Kırsal Turizm Potansiyelinin Değerlendirilmesi: Sorunları ve Çözüm Önerileri-Rural Tourism Potential Evaluation Of Burdur Province: Problems and Solution Proposals,Mehmet Akif Ersoy Üniversitesi Sosyal Bilimler Enstitüsü Dergisi,2015,"Ongun, U., Gövdere, B., Durgun Kaygısız, A",,,no_match,,,,,,,,,,,,,,,,,,"[145] Ongun, U., Gövdere, B., Durgun Kaygısız, A. 2015. Burdur İlinin Kırsal Turizm Potansiyelinin Değerlendirilmesi: Sorunları ve Çözüm Önerileri-Rural Tourism Potential Evaluation Of Burdur Province: Problems and Solution Proposals. Mehmet Akif Ersoy Üniversitesi Sosyal Bilimler Enstitüsü Dergisi, 7(12), 99-116."
6198,1185929,18351676,28,,,apa,Vardiyalı çalışan personelin iş-aile çatışma düzeyinin belirlenmesi: Elazığ havalimanı örneği,Internatıonal Journal Of Economıc And Admınıstratıve Academıc Research,2021,"Karaca, A",,,no_match,,,,,,,,,,,,,,,,,,"Karaca, A. ve Uzun, F. (2021). Vardiyalı çalışan personelin iş-aile çatışma düzeyinin belirlenmesi: Elazığ havalimanı örneği. Internatıonal Journal Of Economıc And Admınıstratıve Academıc Research, 1(2), 1-22."
6229,1181605,16958305,35,,,apa,Late Marx And The Russian Road: Marx And The Peripheries Of Capitalism,Monthly Review Press Classic Titles,1983,"Sayer, D., & Corrigan, P",,,no_match,,,,,,,,,,,,,,,,,,"Sayer, D., & Corrigan, P. (1983). Late Marx And The Russian Road: Marx And The Peripheries Of Capitalism. Monthly Review Press Classic Titles, 77-94."
6230,1336446,24079963,29,,,quoted,Türkiye Aile Yapısının Geleceğine Yönelik Çıkarımların Değerlendirilmesi.,Ondokuz Mayıs Üniversitesi Kadın ve Aile Araştırmaları Dergisi,2022,"Duran, Resul",,,no_match,,,,,,,,,,,,,,,,,,"Duran, Resul. “Türkiye Aile Yapısının Geleceğine Yönelik Çıkarımların Değerlendirilmesi.” Ondokuz Mayıs Üniversitesi Kadın ve Aile Araştırmaları Dergisi, vol. 2, no. 1, 2022, ss. 147–164."
6239,1200178,17875692,27,,,apa,Identification of microalgae species and lipid profiling of Glagah consortium for biodiesel development from the local marine resource,Journal of Engineering and Applied Sciences,2016,"Suyono, E",,,no_match,,,,,,,,,,,,,,,,,,"Suyono, E. A., Fahrunnida, Nopitasari, S., & Utama, I. (2016). Identification of microalgae species and lipid profiling of Glagah consortium for biodiesel development from the local marine resource. Journal of Engineering and Applied Sciences, 11, 9970-9973."
6245,1359250,25003340,17,,,vancouver,Medical treatment of male infertility,Transl Androl Urol,2014,"Dabaja AA, Schlegel PN",title_full,Medical treatment of male infertility,no_match,1353581,10.14744/ijmb.2025.92668,not_checked,,MicroRNAsand pro-inflammatory cytokines as candidate biomarkers for male infertility,2025,International Journal of Medical Biochemistry,2025,PAPER,0.347,0.4463,0.5,4,False,0.0702,0.0,False,"Dabaja AA, Schlegel PN. Medical treatment of male infertility. Transl Androl Urol. 2014;3:9-16."
6290,1338798,24976226,13,,,vancouver,A review on radiopharmaceuti cals and radiochemical method in analysis,Int J Pharm Biol Arch,2011,"Riddhi PD, Patel PM, Patel NM",,,no_match,,,,,,,,,,,,,,,,,,"[13] Riddhi PD, Patel PM, Patel NM. A review on radiopharmaceuti cals and radiochemical method in analysis. Int J Pharm Biol Arch. 2011; 2(4): 1062-1067."
6303,1285697,25928478,17,,,apa,Covid-19 pandemisinde hemĢirelerin ödediği bedel: Merhamet yorgunluğu,Journal of Innovative Healthcare Practices,2021,"Özalp, ġ",,,no_match,,,,,,,,,,,,,,,,,,"Özalp, ġ. ġ. (2021). Covid-19 pandemisinde hemĢirelerin ödediği bedel: Merhamet yorgunluğu. Journal of Innovative Healthcare Practices, 2(2), 80-87."
6316,1329472,23785938,3,,,apa,"“Teknolojik Gelişmelerin İşçilik Haklarına Etkisi-Daimi Ulaşılabilirlik”, Prof. Dr. Turhan Esener III","İş Hukuku Uluslararası Kongresi, Seçkin Yayıncılık, Ankara",2021,"Alpagut, G",,,no_match,,,,,,,,,,,,,,,,,,"Alpagut, G. (2021) “Teknolojik Gelişmelerin İşçilik Haklarına Etkisi-Daimi Ulaşılabilirlik”, Prof. Dr. Turhan Esener III. İş Hukuku Uluslararası Kongresi, Seçkin Yayıncılık, Ankara, 317-340."
6336,1190195,17333963,27,,,apa,Katılımcı Bir Kentsel Koruma Projesi: İzmir - Kemeraltı Tarihi Kent Merkezi,Ege Coğrafya Dergisi,2006,"Kılıç, S",,,no_match,,,,,,,,,,,,,,,,,,"Kılıç, S. E., & Aydoğan, M. (2006). Katılımcı Bir Kentsel Koruma Projesi: İzmir - Kemeraltı Tarihi Kent Merkezi. Ege Coğrafya Dergisi, 15 (1-2), 61-71."
6350,1289303,22462390,17,,,apa,Türk havayolu ulaştırmasının açılım dönemine yönelik teknik etkinlik analizi: Bir stokastik sınır yöntemi uygulaması,Çukurova Üniversitesi İktisadi ve İdari Bilimler Fakültesi Dergisi,2014,"Tutulmaz, O., & Şahin, H",,,no_match,,,,,,,,,,,,,,,,,,"[17] Tutulmaz, O., & Şahin, H. (2014). Türk havayolu ulaştırmasının açılım dönemine yönelik teknik etkinlik analizi: Bir stokastik sınır yöntemi uygulaması. Çukurova Üniversitesi İktisadi ve İdari Bilimler Fakültesi Dergisi, 18 (2), 49-73."
6365,1315278,23099775,21,,,apa,Osmanlı Klâsik Dönemindeki Üzerine Bazı Bilgiler,Osmanlı Araştırmaları,1982,"Ergenç, Ö",title_salient,Osmanlı sik Dönemindeki Bazı Bilgiler,no_match,1247344,10.17335/sakaifd.1439210,not_checked,,Osmanlıda Huzur Dersleri Kronolojisi,2024,Sakarya Üniversitesi İlahiyat Fakültesi Dergisi,707,PAPER,0.2896,0.4211,0.2,5,False,0.381,0.0,False,"Ergenç, Ö. (1982). Osmanlı Klâsik Dönemindeki Üzerine Bazı Bilgiler. Osmanlı Araştırmaları, 3(3), 105-118."
6373,1276350,21403470,4,,,apa,"TFRS’ye Uyumlu Finansal Tablolara Geçiş ve Oran Analizine Etkisi, Maden Sektörü Örneği",Gazi İktisat ve İşletme Dergisi,2016,"Ayanoğlu, Y",,,no_match,,,,,,,,,,,,,,,,,,"Ayanoğlu, Y. ve Yılmaz, A. (2016). TFRS’ye Uyumlu Finansal Tablolara Geçiş ve Oran Analizine Etkisi, Maden Sektörü Örneği. Gazi İktisat ve İşletme Dergisi, 2(2), 41-66."
6375,1260591,20536673,2,,,apa,Kalp yetersizliği olan bireyin Neuman Sistemler Modeli’ne göre hemşirelik bakım planı örneği,Dokuz Eylül Üniversitesi Hemşirelik Yüksekokulu Elektronik Dergisi,2013,"Barutçu CD, Mert H",,,no_match,,,,,,,,,,,,,,,,,,"Barutçu CD, Mert H. (2013). Kalp yetersizliği olan bireyin Neuman Sistemler Modeli’ne göre hemşirelik bakım planı örneği. Dokuz Eylül Üniversitesi Hemşirelik Yüksekokulu Elektronik Dergisi, 6(2), 88-92."
6385,1256585,20364671,30,,,vancouver,The Effect of Different Techniques Used in Intramuscular Injection on Pain and Drug Leakage,International Anatolia Academic Online Journal Health Sciences,2021,"Alaşar B, Çevik K",,,no_match,,,,,,,,,,,,,,,,,,"30. Alaşar B, Çevik K. The Effect of Different Techniques Used in Intramuscular Injection on Pain and Drug Leakage. International Anatolia Academic Online Journal Health Sciences 2021;7:79-92."
6407,1191850,17424549,1,,,apa,Çarlık Rusyası Hakimiyetindeki Azerbaycan Türklerinde Ulus Bilincinin Gelişmesinin Genel Dinamikleri,Erciyes Üniversitesi Sosyal Bilimler Enstitüsü Dergisi,2010,"Açıkkaya, S",,,no_match,,,,,,,,,,,,,,,,,,"Açıkkaya, S. (2010). Çarlık Rusyası Hakimiyetindeki Azerbaycan Türklerinde Ulus Bilincinin Gelişmesinin Genel Dinamikleri. Erciyes Üniversitesi Sosyal Bilimler Enstitüsü Dergisi, 1(28), 403-420."
6440,1217823,18685436,16,,,quoted,Kültürel Yapılarda Biyolojik Bozunma Mekanizmaları.,Elektronik Mikrobiyoloji Dergisi 12/1,2014,"Dolar, Ayşe - Yılmaz, Ebru Şebnem",,,no_match,,,,,,,,,,,,,,,,,,"Dolar, Ayşe - Yılmaz, Ebru Şebnem. “Kültürel Yapılarda Biyolojik Bozunma Mekanizmaları.” Elektronik Mikrobiyoloji Dergisi 12/1 (2014), 1–19."
6441,1217823,18685442,22,,,quoted,Doğal Taşlarda Görülen Fizikomekanik Hasarlar.,Bilim Ve Gençlik Dergisi 6/1,2018,"Hasbay, Uğur",,,no_match,,,,,,,,,,,,,,,,,,"Hasbay, Uğur Et Al. “Doğal Taşlarda Görülen Fizikomekanik Hasarlar.” Bilim Ve Gençlik Dergisi 6/1 (2018), 2148–0273."
6446,1222158,18855079,13,,,apa,"Ramsar alanı içinde yer alan Cernek Gölü ve sulak alanının (Kızılırmak Deltası, Samsun) ekolojik ve sosyo-ekonomik önemi",TÜBAV Bilim Dergisi,2012,"Can, Ö",,,no_match,,,,,,,,,,,,,,,,,,"13. Can, Ö. ve Taş, B. (2012) Ramsar alanı içinde yer alan Cernek Gölü ve sulak alanının (Kızılırmak Deltası, Samsun) ekolojik ve sosyo-ekonomik önemi. TÜBAV Bilim Dergisi, 5(2), 1–11."
6452,1330629,23836321,17,,,apa,Sosyal Yardımların Sorunlu Alanı: Muhtaclık Tespiti,Cumhuriyet Üniversitesi Edebiyat Fakültesi Sosyal Bilimler Dergisi,2015,"Daşlı, Y",,,no_match,,,,,,,,,,,,,,,,,,"Daşlı, Y. (2015). Sosyal Yardımların Sorunlu Alanı: Muhtaclık Tespiti. Cumhuriyet Üniversitesi Edebiyat Fakültesi Sosyal Bilimler Dergisi, 39(2), 135-154."
6462,1277316,21268887,6,,,vancouver,Distribution of ABO blood group and RH (D) factor in Western Rajasthan,J Med Res,2013,"Behra D, Joshi D",,,no_match,,,,,,,,,,,,,,,,,,"6. Behra D, Joshi D. Distribution of ABO blood group and RH (D) factor in Western Rajasthan. J Med Res 2013; 3: 73- 75."
6468,1162336,16124475,39,,,apa,Toplumsal cinsiyet: faydalı bir tarihsel analiz kategorisi. (Çev: Derya Demirler ve Fahriye Dinçer),"Kültür ve Siyasette Feminist Yaklaşımlar, (12",2010,"Scott, J",,,no_match,,,,,,,,,,,,,,,,,,"Scott, J. W. (2010). Toplumsal cinsiyet: faydalı bir tarihsel analiz kategorisi. (Çev: Derya Demirler ve Fahriye Dinçer). Kültür ve Siyasette Feminist Yaklaşımlar, (12), 112-138."
6500,1193857,17585137,7,,,vancouver,A concise review of coenzyme q10 supplementation in the preventative treatment of migraine,J Med Case Rep Rev,2020,"Hoffman W, Luster JD, Izurieta R",,,no_match,,,,,,,,,,,,,,,,,,"7. Hoffman W, Luster JD, Izurieta R. A concise review of coenzyme q10 supplementation in the preventative treatment of migraine. J Med Case Rep Rev. 2020;3(8):717-24."
6535,1318175,23266247,2,,,apa,Sosyal Medyanın Muhasebe Bölümü Öğrencilerinin Akademik Performansı Üzerindeki Etkisi Ampirik Bir Çalışma. T.C,Anadolu Üniversitesi Yayınları No:3097 İşletme Fakültesi Yayınları No:5,2014,"Banar, K., & Zeytinoğlu, E",,,no_match,,,,,,,,,,,,,,,,,,"Banar, K., & Zeytinoğlu, E. (2014). Sosyal Medyanın Muhasebe Bölümü Öğrencilerinin Akademik Performansı Üzerindeki Etkisi Ampirik Bir Çalışma. T.C. Anadolu Üniversitesi Yayınları No:3097 İşletme Fakültesi Yayınları No:5, 153-177."
6548,1200777,18098301,13,,,apa,KOBİ Sektöründen Girişimlerde Endüstri 4.0 Uygulamasında Yaşanan Sorunlar,Sürdürülebilirlik,2019,"Ingaldi, M",,,no_match,,,,,,,,,,,,,,,,,,"Ingaldi, M. ve Ulewicz, R. (2019). KOBİ Sektöründen Girişimlerde Endüstri 4.0 Uygulamasında Yaşanan Sorunlar . Sürdürülebilirlik, 12 (1), 217-230."
6559,1252770,20196065,39,,,apa,"Kıbrıs müzakereleri ekseninde, Doğu Akdeniz’de enerji boyutuna bakış",Academia,2017,"Yorgancıoğlu, Ç",,,no_match,,,,,,,,,,,,,,,,,,"Yorgancıoğlu, Ç. (2017). Kıbrıs müzakereleri ekseninde, Doğu Akdeniz’de enerji boyutuna bakış. Academia, 0(1), 1–17."
6560,1227199,19415312,12,,,vancouver,Prognostic value of serum cardiac troponin t and nitric oxide as cardiac biomarkers in pregnancy toxemic goats,Glob Vet,2013,"Abdelaal A, Zaher H, Elgaml SA, Abdallah H",,,no_match,,,,,,,,,,,,,,,,,,"12. Abdelaal A, Zaher H, Elgaml SA, Abdallah H. Prognostic value of serum cardiac troponin t and nitric oxide as cardiac biomarkers in pregnancy toxemic goats. Glob Vet 2013; 11: 817-823."
6569,1260359,20526803,8,,,volume_pages,Modern recovery methods in used oil re-refining,Petroleum & Coal,2006,"Bridjanian H, Sattarin M",,,no_match,,,,,,,,,,,,,,,,,,"[8] Bridjanian H, Sattarin M. Modern recovery methods in used oil re-refining. Petroleum & Coal, 2006, 48(1), 40-43."
6587,1272915,21064818,33,,,loose_year,Eğitim Araştırmalarında Likert Ölçeği ve Likert-Tipi Soruların Kullanımı ve Analizi,Sakarya Üniversitesi Eğitim Fakültesi Dergisi,2015,"Turan, İ., Şimşek, Ü., Aslan, H",,,no_match,,,,,,,,,,,,,,,,,,"Turan, İ., Şimşek, Ü., Aslan, H. 2015. Eğitim Araştırmalarında Likert Ölçeği ve Likert-Tipi Soruların Kullanımı ve Analizi. Sakarya Üniversitesi Eğitim Fakültesi Dergisi, 30: 186-203."
6588,1348185,24534532,14,,,apa,O‘zbek tilida iboralar va turg‘un birikmalarning o‘rni va ularning gapda qo‘llanilishi xususida,Problems and Scientific Solutions,2023,"Mirzaqulov, S",,,no_match,,,,,,,,,,,,,,,,,,"Mirzaqulov, S. & Khikmatov, D. (2023). O‘zbek tilida iboralar va turg‘un birikmalarning o‘rni va ularning gapda qo‘llanilishi xususida. Problems and Scientific Solutions, 226-234."
6600,1298434,22296809,26,,,volume_pages,(2010).The effect of metacognition on the prospective science teachers’ academic achievement: an ex post facto research,The Journal of Institute of Social Sciences of Çukurova University,2010,"Emrahoğlu, N",,,no_match,,,,,,,,,,,,,,,,,,"Emrahoğlu, N. & Öztürk, A. (2010).The effect of metacognition on the prospective science teachers’ academic achievement: an ex post facto research. The Journal of Institute of Social Sciences of Çukurova University, 19(2), 18-30."
6607,1229619,19485043,61,,,apa,BİM Mağazalar Zincirinin 2008-2015 Dönemi Finansal Performansının ELECTRE III Yöntemi ile Ölçümü,Kırıkkale Üniversitesi Sosyal Bilimler Dergisi,2016,"Özbek, A",,,no_match,,,,,,,,,,,,,,,,,,"Özbek, A. (2016). BİM Mağazalar Zincirinin 2008-2015 Dönemi Finansal Performansının ELECTRE III Yöntemi ile Ölçümü. Kırıkkale Üniversitesi Sosyal Bilimler Dergisi, 6(2), 273-288."
6628,1339820,24189542,35,,,apa,Financial education and communication between parents and children,The Journal of Consumer Education,2006,"Lyons, A",title_full,Financial education and communication between parents and children,no_match,1197619,10.33711/yyuefd.1285749,not_checked,,İdealBir Okul Öncesi Eğitim Ortamı: Ebeveynlerin Okul Öncesi Eğitim Kurumlarından Beklentileri,2023,Van Yüzüncü Yıl Üniversitesi Eğitim Fakültesi Dergisi,846,PAPER,0.1765,0.3019,0.0,6,False,0.2791,0.0,False,"Lyons, A. C., Scherpf, E., & Roberts, H. (2006). Financial education and communication between parents and children. The Journal of Consumer Education, 23, 64-76. http://www.cefe.illinois.edu/images/CV_Lyons_091515.pdf sayfasından erişilmiştir."
6658,1316149,23150813,16,,,volume_pages,The Sanford guide to antimicrobial ther-apy: Antimicrobial therapy,2011,2011,"Gilbert DN, Robert C, Moellering JMD, Eliopoulos GM, Sande MA",,,no_match,,,,,,,,,,,,,,,,,,"16. Gilbert DN, Robert C, Moellering JMD, Eliopoulos GM, Sande MA. The Sanford guide to antimicrobial ther-apy: Antimicrobial therapy. 2011;40:48-51."
6676,1233026,19408886,17,,,quoted,Vakıfların Hukuk ve Tarih Bakımından Kıymeti,Vakıflar Dergisi,1965,"BERKİ, Ali Himmet:",,,no_match,,,,,,,,,,,,,,,,,,"BERKİ, Ali Himmet: “Vakıfların Hukuk ve Tarih Bakımından Kıymeti”, Vakıflar Dergisi, S. 6, 1965, s. 5-7."
6697,1262766,20623122,15,,,vancouver,Recommendations for the implementation of telemedicine within stroke systems of care: a policy statement from the American Heart Association,Stroke,2009,"Schwamm LH, Audebert HJ, Amarenco P, Chumbler NR, Frankel MR, George MG, ; American Heart Association Stroke Council; Council on Epidemiology and Prevention; Interdisciplinary Council on Peripheral Vascular Disease; Council on Cardiovascular Radiology and Intervention",,,no_match,,,,,,,,,,,,,,,,,,"15. Schwamm LH, Audebert HJ, Amarenco P, Chumbler NR, Frankel MR, George MG, et al; American Heart Association Stroke Council; Council on Epidemi- ology and Prevention; Interdisciplinary Council on Peripheral Vascular Disease; Council on Cardiovascular Radiology and Intervention. Recom- mendations for the implementation of telemedicine within stroke systems of care: a policy statement from the American Heart Association. Stroke. 2009;40(7):2635-60. [PubMed]"
6712,1364620,25219491,35,,,apa,Dicle Üniversitesi öğrencilerinde madde kullanımını belirleyen risk faktörleri,Klinik Psikiyatri,2009,"Yalçın, M., Eşsizoğlu, A., Akkoç, H., Yaşan, A., & Gürgen, F",,,no_match,,,,,,,,,,,,,,,,,,"Yalçın, M., Eşsizoğlu, A., Akkoç, H., Yaşan, A., & Gürgen, F. (2009). Dicle Üniversitesi öğrencilerinde madde kullanımını belirleyen risk faktörleri. Klinik Psikiyatri, 12, 125–133."
6724,1206605,18403818,60,,,apa,Ankara’nın başkent olma süreci,ODTÜ MFD,1988,"Tankut, G",title_full,Ankaranın başkent olma süreci,no_match,1185141,,no_doi,,YakupKadri Karaosmanoğlu’nun Ankara Romanı Üzerinden Başkent’te Cumhuriyet Dönemi Konut Mimarisini Okumak,2023,Sanat ve Tasarım Dergisi,1102,PAPER,0.2765,0.3529,0.4,5,False,0.0714,0.0,False,"Tankut, G. (1988). Ankara’nın başkent olma süreci. ODTÜ MFD, 8(2), 93-104."
6734,1280281,21515761,33,,,apa,Üstün yeteneklilerin eğitiminde Türkiye için öneriler (Suggestions for gifted education in Turkey),Journal of Gifted Education Research,2013,"Levent, F., & Bakioglu, A",title_full,Üstün yeteneklilerin eğitiminde Türkiye için öneriler Suggestions for gifted education in Turkey,no_match,1180232,10.17679/inuefd.1201131,not_checked,,Türkiyede Erken Çocukluk Dönemindeki Özel Yeteneklilerin Eğitimine Eleştirel Bir Bakış,2023,İnönü Üniversitesi Eğitim Fakültesi Dergisi,529,PAPER,0.2954,0.4286,0.2222,9,False,0.338,0.0,False,"Levent, F., & Bakioglu, A. (2013). Üstün yeteneklilerin eğitiminde Türkiye için öneriler (Suggestions for gifted education in Turkey). Journal of Gifted Education Research, 1(1), 31-44. http://www.faruklevent.com/dosyalar/ustun-yetenekliler-oneriler.pdf"
6753,1284473,21669170,17,,,apa,The wine-bull and the Magian master,"Recurrent Patterns of Iranian Religions: from Mazdaism to Sufism, Proceedings of the Round Table Held in Bamberg, 30th September-4th October 1991, Societas Iranologica Europaea",1992,Melikian A.S.-Chirvani,,,no_match,,,,,,,,,,,,,,,,,,"Melikian A.S.-Chirvani, (1992). The wine-bull and the Magian master. Recurrent Patterns of Iranian Religions: from Mazdaism to Sufism, Proceedings of the Round Table Held in Bamberg, 30th September-4th October 1991, Societas Iranologica Europaea, 101-34."
6786,1382216,26551898,27,,,apa,"Öğretmen adaylarının metaverse kavramına yönelik bilgi, tutum ve farkındalıklarının incelenmesi:Kırşehir ili örneği",Kırşehir Ahi Evran Üniversitesi Fen Bilimleri Enstitüsü Dergisi,2024,"Görkem, Z",,,no_match,,,,,,,,,,,,,,,,,,"Görkem, Z. & Başarmak, U. (2024). Öğretmen adaylarının metaverse kavramına yönelik bilgi, tutum ve farkındalıklarının incelenmesi:Kırşehir ili örneği. Kırşehir Ahi Evran Üniversitesi Fen Bilimleri Enstitüsü Dergisi, 2(1), 19-31."
6812,1219163,18737657,3,,,apa,Nitel veri analizinde Miles-Huberman modeli,Ahi Evran Üniversitesi Sosyal Bilimler Enstitüsü Dergisi,2017,"Baltacı, A",title_full,Nitel veri analizinde Miles Huberman modeli,no_match,392491,10.29288/ilted.588197,not_checked,,İmamHatip Liselerinde Çalışan Öğretmenlerin Mesleki Sorunlarının Analizi ve Çözüm Önerileri,2019,İlahiyat Tetkikleri Dergisi,1124,PAPER,0.29,0.35,0.1111,6,False,0.48,1.0,False,"Baltacı, A. (2017). Nitel veri analizinde Miles-Huberman modeli. Ahi Evran Üniversitesi Sosyal Bilimler Enstitüsü Dergisi, 3(1), 1-14."
6819,1221427,18828176,3,,,apa,Ankara’da seçilen bazı hastanelerde afet yönetimine ilişkin mevcut durum değerlendirilmesi,Hacettepe Sağlık İdaresi Dergisi,2014,"Balçık Yalçın, P., Demir Bilgin, İ., & Ürek, D",,,no_match,,,,,,,,,,,,,,,,,,"Balçık Yalçın, P., Demir Bilgin, İ., & Ürek, D. (2014). Ankara’da seçilen bazı hastanelerde afet yönetimine ilişkin mevcut durum değerlendirilmesi. Hacettepe Sağlık İdaresi Dergisi, 17(1), 45–58."
6844,1166920,16321482,3,,,apa,"Divan edebiyatı. Türkiye Diyanet Vakfı İslam Ansiklopedisi, C",9,1994,"Akün, Ö",title_salient,Divan edebiyatı Türkiye Diyanet Vakfı İslam Ansiklopedisi,no_match,490429,10.18498/amailad.876583,not_checked,,GönülleBağlantılı Olarak Klasik Türk Şiirinde Monolog ve Diyalog: Şeref Hanım Örneği,2021,Amasya ilahiyat dergisi,2500,PAPER,0.1634,0.272,0.1,7,False,0.0,0.0,False,"Akün, Ö. F. (1994). Divan edebiyatı. Türkiye Diyanet Vakfı İslam Ansiklopedisi, C. 9, 389-427. TDV Yayınları."
6847,1336140,24067064,15,,,apa,2008 global krizi sonrası Türkiye’de aracı kurumlarda etkinlik ve etkinliği belirleyen faktörler: 2008-2017 dönemi,Süleyman Demirel Üniversitesi İktisadi ve İdari Bilimler Fakültesi Dergisi,2019,"Çelik, İ",,,no_match,,,,,,,,,,,,,,,,,,"Çelik, İ. E. (2019). 2008 global krizi sonrası Türkiye’de aracı kurumlarda etkinlik ve etkinliği belirleyen faktörler: 2008-2017 dönemi. Süleyman Demirel Üniversitesi İktisadi ve İdari Bilimler Fakültesi Dergisi, 24(3), 479-494."
6877,1181390,16946653,9,,,apa,Sekizinci sınıf Türkçe öğretim programı (2018)’nın 21. Yüzyıl becerileri açısından değerlendirilmesi,"Adnan Menderes Üniversitesi Eğitim Fakültesi, Eğitim Bilimleri Dergisi",2019,"Kayhan, E., Altun, S., ve Gürol, M",,,no_match,,,,,,,,,,,,,,,,,,"Kayhan, E., Altun, S., ve Gürol, M. (2019). Sekizinci sınıf Türkçe öğretim programı (2018)’nın 21. Yüzyıl becerileri açısından değerlendirilmesi. Adnan Menderes Üniversitesi Eğitim Fakültesi, Eğitim Bilimleri Dergisi, 10(2), 20-35. http://dergi.adu.edu.tr/egitimbilimleri/"
6890,1282984,21810619,24,,,apa,Assessing the trend of the research on integrated reporting: A bibliometric review,Journal of Management Information and Decision Sciences,2021,"Othman, M., & Basnan, N",,,no_match,,,,,,,,,,,,,,,,,,"Othman, M., & Basnan, N. (2021). Assessing the trend of the research on integrated reporting: A bibliometric review. Journal of Management Information and Decision Sciences, 24(S1), 1-18."
6920,1208863,18334315,24,,,apa,Fruit fly infestation in mango: A threat to the Horticultural sector in Uganda,Uganda Journal of Agricultural Science,2014,"Nankinga, C.M., Isabirye, B.E., Muyinza, H., Rwomushana, I., Stevenson, PC., Mayamba, A., Aool, W., & Akol, A.M",,,no_match,,,,,,,,,,,,,,,,,,"Nankinga, C.M., Isabirye, B.E., Muyinza, H., Rwomushana, I., Stevenson, PC., Mayamba, A., Aool, W., & Akol, A.M. (2014). Fruit fly infestation in mango: A threat to the Horticultural sector in Uganda. Uganda Journal of Agricultural Science, 15, 1-14."
6941,1261096,20649328,58,,,apa,Bayburt’ta değirmencilik ve etrafında gelişen kültürel unsurlar,Bayburt İnsan ve Toplum Bilimleri Fakültesi Dergisi,2021,"Seymen, A",,,no_match,,,,,,,,,,,,,,,,,,"Seymen, A. (2021). Bayburt’ta değirmencilik ve etrafında gelişen kültürel unsurlar. Bayburt İnsan ve Toplum Bilimleri Fakültesi Dergisi, 9, 111-126."
6972,1357126,24897575,64,,,apa,Architecture from teaching to learning to practice: Authentic learning tasks in developing professional competencies,Int J Educ Pedagog Sci,2012,"(64) Utaberta, N., Hassanpour, B., Surat, M., Ani, A",,,no_match,,,,,,,,,,,,,,,,,,"(64) Utaberta, N., Hassanpour, B., Surat, M., Ani, A. C., & Tawil, N. M. (2012). Architecture from teaching to learning to practice: Authentic learning tasks in developing professional competencies. Int J Educ Pedagog Sci, 6(7), 1809–1812."
6980,1342857,24323065,19,,,apa,Conspectus generum Ophionidum Sueciae,Öfversigt af Kongliga Vetenskaps-Akademiens Förhandlingar,1859,"Holmgren, A.E",,,no_match,,,,,,,,,,,,,,,,,,"Holmgren, A.E. (1859). Conspectus generum Ophionidum Sueciae. Öfversigt af Kongliga Vetenskaps-Akademiens Förhandlingar, 15(1858), 321-330."
6992,1292468,22989722,32,,,apa,Stratejik iletişim yönetiminde dijital kanalların önemi: Halkla ilişkiler uygulayıcılarının dijital kanal kullanımlarına yönelik niteliksel bir araştırma,Uluslararası Halkla İlişkiler ve Reklam Çalışmaları Dergisi,2018,"Karsak, B., Altuntaş, E",,,no_match,,,,,,,,,,,,,,,,,,"Karsak, B., Altuntaş, E. Y. ve Demren, G. A. S. (2018). Stratejik iletişim yönetiminde dijital kanalların önemi: Halkla ilişkiler uygulayıcılarının dijital kanal kullanımlarına yönelik niteliksel bir araştırma. Uluslararası Halkla İlişkiler ve Reklam Çalışmaları Dergisi, 1(1), 6-17."
6997,1270301,20940469,20,,,apa,Awqaf In History and Its Implications for Modern Islamic Economies,Islamic Economic Studies,1998,"Çizakça, M",,,no_match,,,,,,,,,,,,,,,,,,"Çizakça, M. (1998). Awqaf In History and Its Implications for Modern Islamic Economies. Islamic Economic Studies, 6(1), 43-70. [CrossRef]"
7011,1269706,21475358,67,,,apa,"ELearning Sudan, Formal Learning for Out-of-School Children",Electronic Journal of e-Learning,2016,"Stubbé, H., Badri, A., Telford, R., van der Hulst, A., & van Joolingen, W",title_full,ELearning Sudan Formal Learning for Out of School Children,no_match,1325645,10.52886/ilak.1645007,not_checked,,Sudanda Din Eğitimi: Tarihi Süreç ve Mevcut Durum,2025,İlahiyat Akademi,1878,PAPER,0.2244,0.3585,0.1429,7,False,0.093,0.0,False,"Stubbé, H., Badri, A., Telford, R., van der Hulst, A., & van Joolingen, W. (2016). ELearning Sudan, Formal Learning for Out-of-School Children. Electronic Journal of e-Learning, 14(2), 136- 149."
7014,1250477,20103762,6,,,quoted,de don olaylı günlerde gözlenen eğilim ve değişiklikler,Ulusal Coğrafya Kongresi 2005,2005,"Erlat, E",,,no_match,,,,,,,,,,,,,,,,,,"Erlat, E. (2005) ""Türkiye'de don olaylı günlerde gözlenen eğilim ve değişiklikler"" Ulusal Coğrafya Kongresi 2005 (Prof. Dr. İsmail Yalçınlar Anısına) 29-30 Eylül 2005 İstanbul Bildiri Kitabı, s. 201-208."
7041,1265388,20723211,35,,,apa,"Türkiye’de Tarım Arazilerinin Kamulaştırma Bedellerinin Tespitinde Karşılaşılan Sorunlar ve Çözüm Yolları, Türkiye 5","Tarım Ekonomisi Kongresi, Bildiri",2002,"Tanrıvermiş, H., Gündoğmuş, E., Birinci, A., & Ceyhan, V",,,no_match,,,,,,,,,,,,,,,,,,"Tanrıvermiş, H., Gündoğmuş, E., Birinci, A., & Ceyhan, V. (2002). Türkiye’de Tarım Arazilerinin Kamulaştırma Bedellerinin Tespitinde Karşılaşılan Sorunlar ve Çözüm Yolları, Türkiye 5. Tarım Ekonomisi Kongresi, Bildiri, 18-20."
7044,1229611,19484198,7,,,apa,Comparatıve advantages of greece ın ınternatıonal trade ın servıces for the perıod 2011-2020,Konowledge International Journal,2021,"Dimanov, D",,,no_match,,,,,,,,,,,,,,,,,,"Dimanov, D. K. (2021). Comparatıve advantages of greece ın ınternatıonal trade ın servıces for the perıod 2011-2020. Konowledge International Journal, 48(1), 91-95."
7056,1315747,23130995,20,,,vancouver,Thrombotic complications in paroxysmal nocturnal haemoglobinuria: a literature review,Blood Transfus,2012,"Malato A, Saccullo G, Coco LL, Mancuso S, Santoro M, Martino S, Zammit V, Sprini D, Siragusa S",title_salient,Thrombotic complications paroxysmal nocturnal haemoglobinuria literature,no_match,258150,,no_doi,,EculizumabTedavisi Altında Tromboz Gelişen Paroksismal Noktürnal Hemoglobinüri Olgusu,2017,Uludağ Üniversitesi Tıp Fakültesi Dergisi,136,PAPER,0.2983,0.5444,0.0,6,False,0.2182,0.0,False,"20. Malato A, Saccullo G, Coco LL, Mancuso S, Santoro M, Martino S, Zammit V, Sprini D, Siragusa S. Thrombotic complications in paroxysmal nocturnal haemoglobinuria: a literature review. Blood Transfus. 2012;10:428-435."
7077,1311825,22848464,43,,,apa,The Impact of Structural Reforms on Economic Growth in Turkey: Evidence from Linear and Nonlinear ARDL Modeling,Estudios de Economía,2021,"Yalçınkaya, Ö., Daştan, M",,,no_match,,,,,,,,,,,,,,,,,,"Yalçınkaya, Ö., Daştan, M. ve Karabulut, K. (2021). The Impact of Structural Reforms on Economic Growth in Turkey: Evidence from Linear and Nonlinear ARDL Modeling. Estudios de Economía, 48, 59-87."
7089,1343012,24329515,5,,,apa,Feed cost/production income analysis of seabass (Dicentrarchus labrax) aquaculture,International Journal of Ecosystems and Ecology Science,2017,"Baki, B., & Yücel, S",,,no_match,,,,,,,,,,,,,,,,,,"Baki, B., & Yücel, S. (2017). Feed cost/production income analysis of seabass (Dicentrarchus labrax) aquaculture. International Journal of Ecosystems and Ecology Science, 7:859-64."
7090,1247440,19964997,53,,,apa,E-Spor ve Turizm İlişkisi: Organizatörler ve Katılımcılar Gözünden Bir Değerlendirme,Journal of New Tourism Trends,2021,"Pirci, T",,,no_match,,,,,,,,,,,,,,,,,,"Pirci, T. K. & Dalgıç, A. (2021). E-Spor ve Turizm İlişkisi: Organizatörler ve Katılımcılar Gözünden Bir Değerlendirme. Journal of New Tourism Trends, 2(2), 108-124."
7100,1191526,17428172,10,,,apa,Türkiye'de sosyobilimsel konularla ilgili yapılan çalışmaların incelenmesi: Bir betimsel analiz çalışması,"Dokuz Eylül Üniversitesi Buca Eğitim Fakültesi Dergisi, (44",2017,"Değirmenci, A., & Doğru, M",title_full,Türkiyede sosyobilimsel konularla ilgili yapılan çalışmaların incelenmesi Bir betimsel analiz çalışması,no_match,325248,,no_doi,,Türkiyede Tartışmalı ve Sosyobilimsel Konular Üzerine Yazılan Lisansüstü Tezlerin Eğitim Bilimleri Perspektifinden İncelenmesi,2019,Eskişehir Osmangazi Üniversitesi Sosyal Bilimler Dergisi,363,PAPER,0.4145,0.5328,0.4545,10,False,0.5347,0.0,False,"Değirmenci, A., & Doğru, M. (2017). Türkiye'de sosyobilimsel konularla ilgili yapılan çalışmaların incelenmesi: Bir betimsel analiz çalışması. Dokuz Eylül Üniversitesi Buca Eğitim Fakültesi Dergisi, (44), 123-138."
7106,1368386,25375952,6,,,apa,Early school leaving in the lower vocational track: Triangulation of quantitative data,Adolescence,2005,"Beekhoven, S., & Dekkers, H",,,no_match,,,,,,,,,,,,,,,,,,"Beekhoven, S., & Dekkers, H. (2005). Early school leaving in the lower vocational track: Triangulation of quantitative data. Adolescence, 40(57), 197–213."
7117,1250332,20098329,6,,,apa,Türk mutfağının beslenme ve sağlık açısından değerlendirilmesi,Beslenme ve Diyet Dergisi,2009,"Büyüktuncer, Z",title_full,Türk mutfağının beslenme ve sağlık açısından değerlendirilmesi,no_match,191810,,no_doi,,TürkMutfağında Kullanılan Et ve Etli Yemek Çeşitlerinin Yapımı ve Sağlık Açısından Değerlendirilmesi,2015,Journal of Tourism and Gastronomy Studies,1045,PAPER,0.5101,0.6897,0.6667,6,False,0.069,0.0,False,"Büyüktuncer, Z. & Yücecan, S. (2009). Türk mutfağının beslenme ve sağlık açısından değerlendirilmesi. Beslenme ve Diyet Dergisi, 37(1-2), 93-100."
7118,1250332,20098332,9,,,apa,A study on the relationship between the use of traditional desserts in tourist restaurants with the online gastronomic image and gastronomic experience,4th International Gastronomy Tourism Studies Congress,2019,"Eren, S",,,no_match,,,,,,,,,,,,,,,,,,"Eren, S. (2019). A study on the relationship between the use of traditional desserts in tourist restaurants with the online gastronomic image and gastronomic experience. 4th International Gastronomy Tourism Studies Congress, 149-158."
7138,1286020,22124036,33,,,loose_year,"Studies on the feeding capacity and life history of a mycophagous coccinellid, Halyzia hauseri Mader, in Kunming",Annales Entomologici Sinici,1951,"Liu, C.L",,,no_match,,,,,,,,,,,,,,,,,,"Liu, C.L. 1951. Studies on the feeding capacity and life history of a mycophagous coccinellid, Halyzia hauseri Mader, in Kunming. Annales Entomologici Sinici, 1:1–15."
7158,1311848,22850964,75,,,apa,Hizmet işletmelerinde iç müşteri yaklaşımının çalışanların müşteri yönlü davranış geliştirmesindeki rolü,Organizasyon ve Yönetim Bilimleri Dergisi,2013,"Uygun, M., Güner, E., & Sinan, M",,,no_match,,,,,,,,,,,,,,,,,,"Uygun, M., Güner, E., & Sinan, M. (2013). Hizmet işletmelerinde iç müşteri yaklaşımının çalışanların müşteri yönlü davranış geliştirmesindeki rolü. Organizasyon ve Yönetim Bilimleri Dergisi, 5(1), 129-149."
7197,1320152,23381906,110,,,apa,Suç Korkusu ve Etkisinin Nötrleşmesi,"TBBD, (83",2009,"YÜCEL, M",,,no_match,,,,,,,,,,,,,,,,,,"YÜCEL, M. T. (2009). Suç Korkusu ve Etkisinin Nötrleşmesi. TBBD, (83), 278-301. (Nötrleşme)."
7212,1337106,24101876,17,,,apa,Integration of web 2.0 tools in learning a programming course,Turkish Online Journal of Educational Technology,2014,"Majid, A",title_salient_year,Integration web tools learning programming course,no_match,166800,,no_doi,,Dokuzuncusınıf kimya dersi öğretim programına yönelik öğretmen görüşleri:Aydın İli örneğii,2014,Ondokuz Mayıs Üniversitesi Eğitim Fakültesi Dergisi,399,PAPER,0.3387,0.3359,0.0,6,True,0.3434,0.0,False,"Majid, A. A. N. (2014). Integration of web 2.0 tools in learning a programming course. Turkish Online Journal of Educational Technology, 13(4), 88-94."
7220,1197235,17774566,33,,,apa,2009 yerel seçimlerinin Türk blog ve forum ortamlarına yansımaları,ODTÜ Sosyal Bilimler Enstitüsü Sosyal Bilimler Araştırmaları Dergisi,2011,"Yılmaz, M",,,no_match,,,,,,,,,,,,,,,,,,"Yılmaz, M. (2011). 2009 yerel seçimlerinin Türk blog ve forum ortamlarına yansımaları. ODTÜ Sosyal Bilimler Enstitüsü Sosyal Bilimler Araştırmaları Dergisi, 2(2), 171-188."
7242,1342946,25055129,27,,,vancouver,Prevalence and intensity of dyspnea in advanced cancer and its impact on quality of life,Indian J Palliat Care,2018,"Damani A, Ghoshal A, Salins N, Deodhar J, Muckaden M",,,no_match,,,,,,,,,,,,,,,,,,"27. Damani A, Ghoshal A, Salins N, Deodhar J, Muckaden M. Prevalence and intensity of dyspnea in advanced cancer and its impact on quality of life. Indian J Palliat Care. 2018;24(1):44-50."
7247,1267314,20795765,29,,,vancouver,Hepatic artery and portal vein Doppler indexes in non-alcoholic fatty liver disease before and after treatment to prevent unnecessary health care costs,Int J Prev Med,2014,"Tarzamni MK, Khoshbaten M, Sadrarhami S",title_salient,Hepatic artery portal vein Doppler indexes non alcoholic fatty liver,no_match,507912,10.24938/kutfd.989669,not_checked,,EVALUATIONOF HEPATIC VASCULAR FLOW ALTERATIONS IN OBESE CHILDREN WITH AND WITHOUT NON-ALCOHOLIC FATTY LIVER DISEASE,2021,Kırıkkale Üniversitesi Tıp Fakültesi Dergisi,962,PAPER,0.3271,0.406,0.4615,19,False,0.2069,0.0,False,"30. Tarzamni MK, Khoshbaten M, Sadrarhami S, et al. Hepatic artery and portal vein Doppler indexes in non-alcoholic fatty liver disease before and after treatment to prevent unnecessary health care costs. Int J Prev Med. 2014;5(4):472-477."
7280,1360401,25048182,35,,,quoted,İstanbul ve Çevresinde Toplum Hayatını Etkileyen Tabii Afetler ve Ekonomik Kayıpları,Afetlerin Gölgesinde İstanbul,2009,"Öztürk, Said",,,no_match,,,,,,,,,,,,,,,,,,"Öztürk, Said, “İstanbul ve Çevresinde Toplum Hayatını Etkileyen Tabii Afetler ve Ekonomik Kayıpları”, Afetlerin Gölgesinde İstanbul, Tarih Boyunca İstanbul ve Çevresini Etkileyen Afetler, ed. Said Öztürk, İstanbul 2009, s. 375-428."
7334,1171714,16969897,47,,,apa,Psikolojik danışmanların okul psikolojik danışma ve rehberlik hizmetleri modeline dayalı olarak geliştirilen kapsamlı psikolojik danışma ve rehberlik programını değerlendirmeleri,Pegem Eğitim ve Öğretim Dergisi,2011,"Terzi, Ş., Ergüner Tekinalp, B",title_salient,Psikolojik danışmanların okul psikolojik danışma rehberlik hizmetleri modeline dayalı olarak,no_match,133403,,no_doi,,Okullardakonsültasyon hizmetleri ve işbirliğine dayalı konsültasyon modelleri,2012,Mehmet Akif Ersoy Üniversitesi Eğitim Fakültesi Dergisi,572,PAPER,0.2853,0.3451,0.3333,17,False,0.4651,0.0,False,"Terzi, Ş., Ergüner Tekinalp, B. ve Leuwerke, W. (2011). Psikolojik danışmanların okul psikolojik danışma ve rehberlik hizmetleri modeline dayalı olarak geliştirilen kapsamlı psikolojik danışma ve rehberlik programını değerlendirmeleri. Pegem Eğitim ve Öğretim Dergisi, 1(1), 51-60."
7342,1248760,20016138,29,,,apa,Restaurant işletmelerinde web analitiklerinin kullanımı: Google Analitik örnek uygulaması değerlendirmesi,Necmettin Erbakan Üniversitesi GastroMedia Dergisi,2023,"Ekinci, K., Karaboğa, K",,,no_match,,,,,,,,,,,,,,,,,,"Ekinci, K., Karaboğa, K. ve Cici Karaboğa, E. N. (2023). Restaurant işletmelerinde web analitiklerinin kullanımı: Google Analitik örnek uygulaması değerlendirmesi. Necmettin Erbakan Üniversitesi GastroMedia Dergisi, 2(1), 39-58."
7359,1263262,20637384,84,,,vancouver,Kedi ve köpeklerde Toxoplasma antikorlari,Mikrobiyol Bült,1970,Ekmen H,title_full,Kedi ve köpeklerde Toxoplasma antikorlari,no_match,201065,,no_doi,,ToksokariyazaBağlı Bir Transvers Miyelit Olgusu ve Tanıda Yerel Antikor Üretiminin Önemi,2016,Mikrobiyoloji Bülteni,71,PAPER,0.2546,0.3304,0.1111,4,False,0.8333,0.0,False,84. Ekmen H. Toxoplasmosis’te enfeksiyon kaynaklari. Kedi ve köpeklerde Toxoplasma antikorlari. Mikrobiyol Bült. 1970; 4: 11-5.
7360,1263262,20637398,98,,,vancouver,Clinical and some laboratory findings in cats with Toxoplasmosis,TJVR,2018,"Bastan İ, Bas B",,,no_match,,,,,,,,,,,,,,,,,,"98. Bastan İ, Bas B. Clinical and some laboratory findings in cats with Toxoplasmosis. TJVR 2018; 2: 1-4."
7362,1172639,16561295,3,,,apa,"Çevre Muhasebesi, Yeşil Muhasebe ve Karbon Muhasebesi Kavramları Hakkında Yazılan Makalelerin Bibliyometrik Analizi",International Journal of Applied Economic and Finance Studies,2022,"Altınbay, A",,,no_match,,,,,,,,,,,,,,,,,,"Altınbay, A. ve Durak, H. (2022). Çevre Muhasebesi, Yeşil Muhasebe ve Karbon Muhasebesi Kavramları Hakkında Yazılan Makalelerin Bibliyometrik Analizi. International Journal of Applied Economic and Finance Studies, 7(1), 140-155."
7387,1358960,24982267,20,,,vancouver,Yoğun bakım ünitelerinde yatan hastaların deneyimleri ve anksiyete-depresyon durumları,Hemşirelik Bilimi Dergisi,2018,"Çam R, Şahin B",,,no_match,,,,,,,,,,,,,,,,,,"20. Çam R, Şahin B. Yoğun bakım ünitelerinde yatan hastaların deneyimleri ve anksiyete-depresyon du- rumları. Hemşirelik Bilimi Dergisi 2018; 1: 10-4."
7417,1384806,25935308,1,,,quoted,Türk Yabancılar Hukukunda ve Uygulamada İkamet İzinleri.,BUHFD 19,2024,"Alaсаkарtan, Ahmet Can",title_full_year,Türk Yabancılar Hukukunda ve Uygulamada İkamet İzinleri,strong,1245062,,no_doi,,TürkYabancılar Hukukunda ve Uygulamada İkamet İzinleri,2024,Bahçeşehir Üniversitesi Hukuk Fakültesi Dergisi,769,PAPER,0.894,1.0,1.0,6,True,0.2,0.0,False,"Alaсаkарtan, Ahmet Can. “Türk Yabancılar Hukukunda ve Uygulamada İkamet İzinleri.”, BUHFD 19, S. 219 (2024): 447-477."
7425,1199131,17908611,4,,,apa,Televizyon Haberciliğinde Etik. [(der),"Bülent Çaplı ve Hakan Tuncel (içinde), “Yeni İletişim Teknolojileri ve Etik",2010,"Aydoğan, A",,,no_match,,,,,,,,,,,,,,,,,,"Aydoğan, A. ve Geray, H. (2010). Televizyon Haberciliğinde Etik. [(der). Bülent Çaplı ve Hakan Tuncel (içinde), “Yeni İletişim Teknolojileri ve Etik”, 305-321]. Ankara: Fersa Matbaacılık."
7458,1275382,21186841,8,,,apa,“Public Attitudes Toward Electronic Health Records”,AHIP Cover,2005,Alan F,,,no_match,,,,,,,,,,,,,,,,,,"8. Alan F. Westin (2005). “Public Attitudes Toward Electronic Health Records”. AHIP Cover, 12 (2), 1–7."
7470,1201827,19935794,31,,,apa,Okul Öncesi Dönemde SosyalDuygusal Gelişime Anne-Baba Davranışının Etkisi,Aile ve Toplum,2008,"Kandır, A",,,no_match,,,,,,,,,,,,,,,,,,"Kandır, A. & Alpan, Y. (2008). Okul Öncesi Dönemde Sosyal- Duygusal Gelişime Anne-Baba Davranışının Etkisi. Aile ve Toplum, 10(4), 33-38."
7471,1272450,21270071,16,,,apa,Mühendislik ve BÖTE öğrencilerinin bilgisayar programlama öğrenmeye dönük tutumları,The Journal of Academik Social Science Studies,2013,"Korkmaz, Ö., & Altun, H",,,no_match,,,,,,,,,,,,,,,,,,"Korkmaz, Ö., & Altun, H. (2013). Mühendislik ve BÖTE öğrencilerinin bilgisayar programlama öğrenmeye dönük tutumları. The Journal of Academik Social Science Studies, 6(2), 1169-1185. Erişim adresi https://arastirmax.com/en/system/files/dergiler/79201/makaleler/6/2/arastrmx_79201_6_pp_1169- 1185.pdf"
7473,1296116,22182681,11,,,quoted,Osmanlı Hukuk Tarihi Kaynağı Olarak Şer‘iye Sicilleri,Türkiye Araştırmaları Literatür Dergisi,2005,"Gedikli, Fethi",title_full,Osmanlı Hukuk Tarihi Kaynağı Olarak Şer iye Sicilleri,no_match,132431,,no_doi,,Vidinde toplumsal hayat: 13 numaralı şer’iyye siciline göre (1698- 1699),2012,Karadeniz Uluslararası Bilimsel Dergi,669,PAPER,0.2995,0.4615,0.125,8,False,0.4571,0.0,False,"Gedikli, Fethi, “Osmanlı Hukuk Tarihi Kaynağı Olarak Şer‘iye Sicilleri”, Türkiye Araştırmaları Literatür Dergisi, C. III, S. 5, 2005, s. 187-213."
7516,1381637,25810351,15,,,apa,The Haugh unit for measuring egg quality. U.S,Egg and Poultry Magazine,1937,"Haugh, R",,,no_match,,,,,,,,,,,,,,,,,,"Haugh, R. R. (1937). The Haugh unit for measuring egg quality. U.S. Egg and Poultry Magazine, 43, 552-555."
7534,1301279,23353332,24,,,apa,"The effect of planting frequency on yield, quality and efficient use of lighting energy in Gypsophila cultivation",Turkish Journal of Agriculture and Forestry 24 (6,2000,"Karagüzel, O., & Ortaçeşme, V",,,no_match,,,,,,,,,,,,,,,,,,"Karagüzel, O., & Ortaçeşme, V. (2000). The effect of planting frequency on yield, quality and efficient use of lighting energy in Gypsophila cultivation. Turkish Journal of Agriculture and Forestry 24 (6), 691-697. https://journals.tubitak.gov.tr/agriculture/vol24/iss6/8"
7553,1241213,19722899,45,,,apa,Positive prevention theory: The investigation of parenting styles as a predictor of optimism,J Educ Psychol,2020,Özpehriz HS,,,no_match,,,,,,,,,,,,,,,,,,"Özpehriz HS (2020) Positive prevention theory: The investigation of parenting styles as a predictor of optimism. J Educ Psychol, 4:114-132."
7570,1194835,17604955,10,,,vancouver,Management of marginal zone lymphoma,Oncology (Williston Park,2013,"Reid R, Friedberg JW",title_full,Management of marginal zone lymphoma,no_match,1388322,10.4274/tjh.galenos.2025.2025.0174,not_checked,,PrognosticSignificance of Paraproteinemia in Marginal Zone Lymphoma,2026,Turkish Journal of Hematology,96,PAPER,0.4787,0.5631,0.75,4,False,0.2979,0.0,False,"10. Reid R, Friedberg JW. Management of marginal zone lymphoma. Oncology (Williston Park). 2013;27:840-842-844."
7572,1194835,17604966,21,,,vancouver,The management of nongastric MALT lymphomas,Oncology (Williston Park,2014,"Zucca E, Stathis A, Bertoni F",,,no_match,,,,,,,,,,,,,,,,,,"21. Zucca E, Stathis A, Bertoni F. The management of nongastric MALT lymphomas. Oncology (Williston Park), 2014;28:86-93."
7610,1273990,21124533,20,,,loose_year,Pest problems and the use of pesticides in grain storage in Malaysia,"ACIAR Proceedings Series, Australian Centre for International Agricultural Research",1986,"Muda, A.R",,,no_match,,,,,,,,,,,,,,,,,,"Muda, A.R. 1986. Pest problems and the use of pesticides in grain storage in Malaysia. ACIAR Proceedings Series, Australian Centre for International Agricultural Research, 1986: 11-16."
7611,1273990,21124548,35,,,loose_year,"Virulence of four entomopathogenic nematode species for plum sawfly, Hoplocampa flava L. (Hymenoptera: Tenthredinidae)",Invertebrate Survival Journal,2015,"Ulu, T.C., Sadic, B., Susurluk, I.A",,,no_match,,,,,,,,,,,,,,,,,,"Ulu, T.C., Sadic, B., Susurluk, I.A. and Aksit, T. 2015. Virulence of four entomopathogenic nematode species for plum sawfly, Hoplocampa flava L. (Hymenoptera: Tenthredinidae). Invertebrate Survival Journal, 12 (1): 274-277."
7618,1246201,19917854,5,,,quoted,"Ali, Ahmed İsmail Hassan. “Mine",l-Ḫasâisi’l-Belâġıyye li’t-taḳdîm ve’t-te’ḫîr fi’l-Kur’âni’l-kerîm,2014,,title_full_year,Ali Ahmed İsmail Hassan Mine,no_match,188173,,no_doi,,İBNTEYMİYYE'NİN RÂZÎ ALGISI VE İZDÜŞÜMLERİ,2014,İstanbul Üniversitesi İlahiyat Fakültesi Dergisi,731,PAPER,0.3012,0.2899,0.0,5,True,0.1489,0.0,False,"‘Ali, Ahmed İsmail Hassan. “Mine’l-Ḫasâisi’l-Belâġıyye li’t-taḳdîm ve’t-te’ḫîr fi’l-Kur’âni’l-kerîm”. Şarkiyat Araştırmaları Dergisi 14/39 (2014): 127-148."
7665,1266093,20746095,42,,,apa,Uluslararası çevre hukukunun gelişimi üzerine bir inceleme,Cumhuriyet Üniversitesi İktisadi ve İdari Bilimler Fakültesi Dergisi,2001,"Kılıç, S",title_full,Uluslararası çevre hukukunun gelişimi üzerine bir inceleme,no_match,176470,,no_doi,,ÇEVREHUKUKUNUN ULUSAL VE ULUSLARARASI BOYUTLARI,2012,Adıyaman Üniversitesi Sosyal Bilimler Enstitü Dergisi,830,PAPER,0.4047,0.4421,0.6,5,False,0.6116,0.0,False,"Kılıç, S. (2001). Uluslararası çevre hukukunun gelişimi üzerine bir inceleme. Cumhuriyet Üniversitesi İktisadi ve İdari Bilimler Fakültesi Dergisi, 2(2), 131-149."
7676,1263779,20653017,39,,,vancouver,Psychometric Properties of a Turkish Version of the Perceived Stress Scale (PSS),Turkish] Ege Üniversitesi Hemşirelik Yüksek Okulu Dergisi,2009,"39- Bilge A, Ögce F, Ekti Genc R, Tuna Oran N",,,no_match,,,,,,,,,,,,,,,,,,"39- Bilge A, Ögce F, Ekti Genc R, Tuna Oran N. Psychometric Properties of a Turkish Version of the Perceived Stress Scale (PSS). [In Turkish] Ege Üniversitesi Hemşirelik Yüksek Okulu Dergisi 2009; 25(2):61-72."
7682,1241522,19734030,40,,,apa,An exploratory assessment of the sources of job-interviewing anxiety in college students,Journal of College Student Development,1989,"Jones, D",,,no_match,,,,,,,,,,,,,,,,,,"Jones, D. B. & Pinkney, J. W. (1989). An exploratory assessment of the sources of job-interviewing anxiety in college students. Journal of College Student Development, 30 (6), 553-60."
7710,1234395,19460244,22,,,apa,Tek ebeveynli ailelerin aldıkları sosyal yardımlar ve sosyal yardım beklentileri üzerine bir araştırma,Kırklareli Üniversitesi Sosyal Bilimler Meslek Yüksekokulu Dergisi,2020,"Karaaslan, İ",,,no_match,,,,,,,,,,,,,,,,,,"Karaaslan, İ. & Opçin, E. (2020). Tek ebeveynli ailelerin aldıkları sosyal yardımlar ve sosyal yardım beklentileri üzerine bir araştırma. Kırklareli Üniversitesi Sosyal Bilimler Meslek Yüksekokulu Dergisi, 1(2), 81-103."
7727,1293095,23041870,44,,,apa,Ordu Arıcılığında Başlıca Koloni Yönetim Hataları,Arıcılık Araştırma Dergisi,2016,"Sıralı, R",,,no_match,,,,,,,,,,,,,,,,,,"Sıralı, R. (2016). Ordu Arıcılığında Başlıca Koloni Yönetim Hataları. Arıcılık Araştırma Dergisi, 8(1), 6-14."
7736,1331658,23884745,12,,,apa,Coğrafi işaretli ürünlerin sürdürülebilir gastronomi turizmi açısından önemi: Akçakoca-Melengücceği tatlısı örneği,Gastroia: Journal of Gastronomy and Travel Research,2021,"Kök, A., & Güngör, A",,,no_match,,,,,,,,,,,,,,,,,,"Kök, A., & Güngör, A. (2021). Coğrafi işaretli ürünlerin sürdürülebilir gastronomi turizmi açısından önemi: Akçakoca-Melengücceği tatlısı örneği. Gastroia: Journal of Gastronomy and Travel Research, 5(1), 61-74."
7743,1362300,25115853,13,,,vancouver,"The influence of types of gestational diabetes mellitus, self-management, social support, and risk perception on health-related quality of life in pregnant women with gestational diabetes mellitus",Thai J Obstet Gynaecol,2024,"Phummanee R, Limruangrong P, Phahuwattanakorn W",,,no_match,,,,,,,,,,,,,,,,,,"13. Phummanee R, Limruangrong P, Phahuwattanakorn W. The influence of types of gestational diabetes mellitus, self-management, social support, and risk perception on health-related quality of life in pregnant women with gestational diabetes mellitus. Thai J Obstet Gynaecol. 2024; 32(2): 156-64."
7744,1331371,23871669,17,,,apa,Savaş olgusunun dönüşümü: Yeni savaşlar ve Suriye krizi örneği,Türkiye Ortadoğu Çalışmaları Dergisi,2015,"Eker, S",,,no_match,,,,,,,,,,,,,,,,,,"Eker, S. (2015). Savaş olgusunun dönüşümü: Yeni savaşlar ve Suriye krizi örneği. Türkiye Ortadoğu Çalışmaları Dergisi, 2(1), 31-66."
7766,1264384,20682338,1,,,quoted,Selçuklu Dönemi Hanefî Alimlerin Mürcie,ye Bakışları,2008,"Ak, Ahmet",,,no_match,,,,,,,,,,,,,,,,,,"Ak, Ahmet. “Selçuklu Dönemi Hanefî Alimlerin Mürcie’ye Bakışları”. Dinî Araştırmalar 11/32 (Eylül-Aralık 2008), 131-148."
7781,1211722,18467112,7,,,quoted,Hüseyin Azmî Dede ve Beyânü,l-Makâsıd Adlı Risâlesi,2006,"Arpaguş, Safi",title_salient,Hüseyin Azm Dede Bey,no_match,430429,10.29228/turkishstudies.44423,not_checked,,KaraÖlüm ve Divan Şairi,2020,Turkish Studies (Elektronik),664,PAPER,0.1884,0.3256,0.0,4,False,0.2727,0.0,False,"Arpaguş, Safi. “Hüseyin Azmî Dede ve Beyânü’l-Makâsıd Adlı Risâlesi”. Marmara Üniversitesi İlahiyat Fakültesi Dergisi, 31 (2006): 67-100."
7787,1268326,20841679,4,,,apa,Financial Performance Impacts of Corporate Entrepreneurship in Emerging Markets: A Case of Turkey,"European Journal of Economics, Finance and Administrative Sciences",2008,"Aktan, B",,,no_match,,,,,,,,,,,,,,,,,,"Aktan, B. & Bulut, C. (2008). Financial Performance Impacts of Corporate Entrepreneurship in Emerging Markets: A Case of Turkey. European Journal of Economics, Finance and Administrative Sciences, 12(8), 1530-2275."
7795,1319572,23353997,6,,,apa,Halı. Türkiye Diyanet Vakfı İslâm Ansiklopedisi,15,1997,"Bozkurt, N",,,no_match,,,,,,,,,,,,,,,,,,"Bozkurt, N. (1997). Halı. Türkiye Diyanet Vakfı İslâm Ansiklopedisi. 15, 251-262."
7806,1316109,23148929,51,,,apa,How Putin's media machine works,Journal of Democracy,2016,"Lipman, M",,,no_match,,,,,,,,,,,,,,,,,,"Lipman, M. (2016). How Putin's media machine works. Journal of Democracy, 27(3), 41-50."
7812,1338891,24996517,34,,,apa,Bıldırcınlarda (Coturnix coturnix japonica) kuluçkalık yumurta ağırlığının kuluçka sonuçları ile büyüme ve yumurta verim özelliklerine etkileri,YUTAV’95,1995,"Sarıca, M., & Soley, F",,,no_match,,,,,,,,,,,,,,,,,,"Sarıca, M., & Soley, F. (1995). Bıldırcınlarda (Coturnix coturnix japonica) kuluçkalık yumurta ağırlığının kuluçka sonuçları ile büyüme ve yumurta verim özelliklerine etkileri. YUTAV’95, 24-27 Mayıs, İstanbul, 475-484."
7817,1291272,22967169,36,,,apa,Educating for sustainability: Competencies & practices for transformative action,Journal of Sustainability Education,2011,"Redman, E., & Larson, K",title_full,Educating for sustainability Competencies practices for transformative action,no_match,229390,,no_doi,,Advancingeducational pedagogy for sustainability: Developing and implementing programs to transform behaviors,2013,International Journal of Environmental and Science Education (elektronik),603,PAPER,0.4585,0.6162,0.25,6,False,0.4717,1.0,False,"Redman, E., & Larson, K. (2011). Educating for sustainability: Competencies & practices for transformative action. Journal of Sustainability Education, 2, 1–20."
7818,1380693,25787302,8,,,quoted,Adil Yargılama İlkesi ve Türk Hukukundaki Bazı Sorunlar.,Marmara Üniversitesi Hukuk Fakültesi Dergisi,2010,"Centel, Nur",title_full,Adil Yargılama İlkesi ve Türk Hukukundaki Bazı Sorunlar,no_match,504081,,no_doi,,AdilYargılanma Açısından Vergi Ceza Hukukunda Non Bis In Idem,2021,Vergi Sorunları Dergisi,881,PAPER,0.3944,0.6337,0.1429,7,False,0.4776,0.0,False,"Centel, Nur. “Adil Yargılama İlkesi ve Türk Hukukundaki Bazı Sorunlar.” Marmara Üniversitesi Hukuk Fakültesi Dergisi, C. 16, S. 1-2, 2010, ss. 3-14."
7820,1380693,25787328,34,,,quoted,Adil Yargılanma Hakkının İnsan Hakları Arasındaki Yeri ve Ceza Muhakemesi Bağlamındaki Önemi.,Ceza Hukuku Dergisi,2007,"Karakehya, Hakan",,,no_match,,,,,,,,,,,,,,,,,,"Karakehya, Hakan. “Adil Yargılanma Hakkının İnsan Hakları Arasındaki Yeri ve Ceza Muhakemesi Bağlamındaki Önemi.” Ceza Hukuku Dergisi, C. 2, S. 5, 2007, ss. 177-201."
7823,1307491,22656667,44,,,apa,Effects of plant growth regulating substances on pollen germination and tube growth in Chaohong peach,Journal of Northwest A & F University (Natural Science Edition,2008,"Xue X.-M., Wang J.-Z., Zhang A.-N., & Lu C",,,no_match,,,,,,,,,,,,,,,,,,"Xue X.-M., Wang J.-Z., Zhang A.-N., & Lu C., (2008). Effects of plant growth regulating substances on pollen germination and tube growth in Chaohong peach. Journal of Northwest A & F University (Natural Science Edition), 2008-04."
7835,1279964,21411142,5,,,apa,Antimicrobial activity of Rhaponticum acaule and Scorzonera undulata growing wild in Tunisia,African Journal of Microbiology Research,2010,"Ben Abdelkader, H., Salah, K",,,no_match,,,,,,,,,,,,,,,,,,"Ben Abdelkader, H., Salah, K. B. H., Liouane, K., Boussaada, O., Gafsi, K., Mahjoub, M. A., . . . Mighri, Z. (2010). Antimicrobial activity of Rhaponticum acaule and Scorzonera undulata growing wild in Tunisia. African Journal of Microbiology Research, 4(19), 1954–1958."
7894,1233067,19567943,95,,,apa,“Timur ve Timurluların Tasavvuh Ehliyle Münâsebetleri”. Ölümünün 600,Yılında Emir Timur ve Mirası Uluslararası Sempozyumu ( İstanbul,2005,"TOSUN, N",,,no_match,,,,,,,,,,,,,,,,,,"TOSUN, N. (2005). “Timur ve Timurluların Tasavvuh Ehliyle Münâsebetleri”. Ölümünün 600. Yılında Emir Timur ve Mirası Uluslararası Sempozyumu ( İstanbul, 26-27 Mayıs 2005).ed. Abdulvahab Kara-Ömer İşbilir. 407-418. İstanbul: Mimar Sinan Üniversitesi."
7905,1213933,18866208,10,,,apa,Chemistry of EPDM cross-linking,kautschuk gummi kunststoffe,2002,"Van Duin, M",,,no_match,,,,,,,,,,,,,,,,,,"Van Duin, M. (2002). Chemistry of EPDM cross-linking. kautschuk gummi kunststoffe, 55(4), 150-150."
7912,1348704,24557624,11,,,apa,Türkiye’de yoksulluk sorunu ile mücadelede zekât kurumunun rolü ve gerekliliği hakkında camii cemaatı üzerine bir araştırma,İslam Ekonomisi ve Finansı Dergisi,2019,"Bilen, M., & Terzi, G",,,no_match,,,,,,,,,,,,,,,,,,"Bilen, M., & Terzi, G. (2019). Türkiye’de yoksulluk sorunu ile mücadelede zekât kurumunun rolü ve gerekliliği hakkında camii cemaatı üzerine bir araştırma. İslam Ekonomisi ve Finansı Dergisi, 5(2), 133-167."
7937,1255822,20331346,3,,,volume_pages,Katı atıkların geriye kazanımı ve tarımsal kullanım olanakları,Türk Bilimsel Derlemeler Dergisi,2007,"Başçetinçelik A, Karaca C, Öztürk HH, Kacıra M , Ekinci K",,,no_match,,,,,,,,,,,,,,,,,,"Başçetinçelik A, Karaca C, Öztürk HH, Kacıra M , Ekinci K. 2007. Türkiye’de tarımsal biokütleden enerji üretimi olanakları. IV. Yeni ve Yenilenebilir Enerji Kaynakları Sempozyumu. Bildiriler Kitabı, pp.101-109, Kayseri. Bayram SE. 2017. Katı atıkların geriye kazanımı ve tarımsal kullanım olanakları. Türk Bilimsel Derlemeler Dergisi, 10(2), 62-65."
7943,1317060,23213095,23,,,apa,Testing safe haven property of Bitcoin and gold during Covid-19: Evidence from multivariate GARCH analysis,Economics Bulletin,2020,"Kumar, A",,,no_match,,,,,,,,,,,,,,,,,,"Kumar, A. S. (2020). Testing safe haven property of Bitcoin and gold during Covid-19: Evidence from multivariate GARCH analysis. Economics Bulletin, 40(3), 2005-2015."
7948,1385981,26512537,351,,,apa,Antimicrobial activity and phytochemical analysis of selected Indian folk medicinal plants,steroids,2010,"Thirumurugan, K., Shihabudeen, M., & Hansi, P",,,no_match,,,,,,,,,,,,,,,,,,"Thirumurugan, K., Shihabudeen, M., & Hansi, P. (2010). Antimicrobial activity and phytochemical analysis of selected Indian folk medicinal plants. steroids, 1(7), 430- 434."
7952,1385981,26512584,398,,,apa,The effect observation of breviscapine for improving PCI curative myocardial function. Chin. J. Mod,Drug Appl,2013,"Yang, N., & Chen, Q",,,no_match,,,,,,,,,,,,,,,,,,"Yang, N., & Chen, Q. (2013). The effect observation of breviscapine for improving PCI curative myocardial function. Chin. J. Mod. Drug Appl, 7, 23-24."
7986,1178061,16777135,27,,,apa,"The fourth industrial revolution, Portfolio/ Penguin. Geneva, Switzerland: Crown Publishing Group, 184",Science and technology policy institute forum,2017,"Schwab, K",,,no_match,,,,,,,,,,,,,,,,,,"Schwab, K. (2017). The fourth industrial revolution, Portfolio/ Penguin. Geneva, Switzerland: Crown Publishing Group, 184. Science and technology policy institute forum, 26(2), 12-15."
8031,1335061,24021406,6,,,apa,İş aile yaşam çatışması: Türkiye’deki kadın yöneticiler üzerinde bir uygulama,Süleyman Demirel Üniversitesi Vizyoner Dergisi,2010,"Çarıkçı, İ.H., Çiftçi, M",,,no_match,,,,,,,,,,,,,,,,,,"Çarıkçı, İ.H., Çiftçi, M. ve Derya, S. (2010). İş aile yaşam çatışması: Türkiye’deki kadın yöneticiler üzerinde bir uygulama. Süleyman Demirel Üniversitesi Vizyoner Dergisi, 2(2), 53-65."
8048,1316709,23188610,21,,,apa,Enflasyon düzeltmesinin gerekliliği enflasyon muhasebesinin uygulanabilirliği ve muhasebeciler üzerinde yapılan bir araştırma: Karaman Örneği,Selçuk Üniversitesi Sosyal Bilimler Meslek Yüksekokulu Dergisi,2004,"İleri, H",,,no_match,,,,,,,,,,,,,,,,,,"İleri, H. ve Altınışık, İ. (2004). Enflasyon düzeltmesinin gerekliliği enflasyon muhasebesinin uygulanabilirliği ve muhasebeciler üzerinde yapılan bir araştırma: Karaman Örneği. Selçuk Üniversitesi Sosyal Bilimler Meslek Yüksekokulu Dergisi, 7(1-2), 39-52."
8049,1316709,23188617,28,,,apa,Muhasebe dersine yönelik tutumların bireysel ve bölümsel farklılıklarının belirlenmesi: Mersin Üniversitesi örneği,Çağ Üniversitesi Sosyal Bilimler Dergisi,2020,"Kurtlar, M",,,no_match,,,,,,,,,,,,,,,,,,"Kurtlar, M. ve Yıldız, E. (2020). Muhasebe dersine yönelik tutumların bireysel ve bölümsel farklılıklarının belirlenmesi: Mersin Üniversitesi örneği. Çağ Üniversitesi Sosyal Bilimler Dergisi, 17(2), 52-67."
8065,1314638,23058960,16,,,apa,Türkiye'de lojistik eğitiminin durumu ve lojistik eğitiminin geliştirilmesine yönelik öneriler,Recep Tayyip Erdoğan Üniversitesi Sosyal Bilimler Dergisi,2016,"Çıkmak, S",,,no_match,,,,,,,,,,,,,,,,,,"Çıkmak, S. (2016). Türkiye'de lojistik eğitiminin durumu ve lojistik eğitiminin geliştirilmesine yönelik öneriler. Recep Tayyip Erdoğan Üniversitesi Sosyal Bilimler Dergisi, 2(3), 1-13."
8075,1258957,20465734,47,,,apa,The effects of parental monitoring and leisure boredom on adolescents' Internet addiction,Internet Addiction Adolescence,2009,"Lin, C.-H., Lin, S.-L., & Wu, C.-P",,,no_match,,,,,,,,,,,,,,,,,,"Lin, C.-H., Lin, S.-L., & Wu, C.-P. (2009). The effects of parental monitoring and leisure boredom on adolescents' Internet addiction. Internet Addiction Adolescence, 44(176), 993-1004."
8078,1263833,20675420,17,,,apa,Math and science in preschool: Policies and practice,Preschool Policy Brief,2009,"Brenneman, K., Stevenson-Boyd, J",,,no_match,,,,,,,,,,,,,,,,,,"Brenneman, K., Stevenson-Boyd, J. & Frede, E. C. (2009). Math and science in preschool: Policies and practice. Preschool Policy Brief, 19, 1-12."
8084,1273140,21075625,15,,,vancouver,A literature review on the causality test applications about Türkiye,Social Sciences Research Journal,2015,"Engeloglu O, Meral IG, Genc K",title_salient,literature causality test applications about Türkiye,no_match,1115390,10.31671/doujournal.1049788,not_checked,,"RELATIONSHIPBETWEEN EMPLOYMENT, CONFIDENCE INDEX, AND COST INDEX: AN APPLICATION FOR THE TURKISH CONSTRUCTION SECTOR",2022,Doğuş Üniversitesi Dergisi,359,PAPER,0.2465,0.3899,0.1,6,False,0.3103,0.0,False,"15. Engeloglu O, Meral IG, Genc K. A literature review on the causality test applications about Türkiye. Social Sciences Research Journal. 2015;4(2):142-154."
8097,1270975,21106325,11,,,apa,Suriye İç Savaşı: Savaşın Yarattığı Mültecilik Akınının Türkiye ve Avrupa Birliği’ne Yansımaları,Türkiye Siyaset Bilimi Dergisi,2018,"Bozkurt, K",,,no_match,,,,,,,,,,,,,,,,,,"Bozkurt, K. (2018). Suriye İç Savaşı: Savaşın Yarattığı Mültecilik Akınının Türkiye ve Avrupa Birliği’ne Yansımaları. Türkiye Siyaset Bilimi Dergisi, 1(1), 57-70."
8099,1218161,19068717,27,,,vancouver,The factors that affect exclusive breastfeeding status,J Child Ped,2009,"Kondolot M, Songül Yalçin S, Yurdakök K",title_full,The factors that affect exclusive breastfeeding status,no_match,345751,10.14744/semb.2018.91328,not_checked,,FactorsAffecting Breastfeeding and Complementary Feeding Choices for Children Aged 24 to 48 Months,2019,Şişli Etfal Hastanesi Tıp Bülteni,156,PAPER,0.3665,0.4627,0.5,6,False,0.2273,0.0,False,"27.Kondolot M, Songül Yalçin S, Yurdakök K. The factors that affect exclusive breastfeeding status. J Child Ped 2009;52(3):122-7."
8100,1218161,19068734,44,,,vancouver,Breastfeeding consultation status of mothers,J Child Health Dis,2010,"Ince T, Kondolot M, Yalçın SS, Yurdakök K",,,no_match,,,,,,,,,,,,,,,,,,"44.Ince T, Kondolot M, Yalçın SS, Yurdakök K. Breastfeeding consultation status of mothers. J Child Health Dis 2010;53:189-97."
8103,1166108,16289102,16,,,quoted,Ethnographic Devices in Modern French Autobiography: Michel Leiris and Annie Ernaux.,Pacific Coast Philology 42,2007,"Purdy, Jann",,,no_match,,,,,,,,,,,,,,,,,,"Purdy, Jann. “Ethnographic Devices in Modern French Autobiography: Michel Leiris and Annie Ernaux.” Pacific Coast Philology 42, no. 1 (2007): 24-36. Erişim 22 Kasım 2022, https://www.jstor.org/stable/25474215."
8113,1267845,20821358,1,,,apa,"Challenges of accessing and utilizing instructional materials by primary school teachers in Ikwuano Local Government Area, Abia State, Nigeria",International Journal of Advanced Academic and Educational Research,2010,"Akpan, V",,,no_match,,,,,,,,,,,,,,,,,,"Akpan, V. I, Okoli, A, C., & Akpan, I. I. (2010). Challenges of accessing and utilizing instructional materials by primary school teachers in Ikwuano Local Government Area, Abia State, Nigeria. International Journal of Advanced Academic and Educational Research, 13(3), 27- 35"
8169,1269445,20898783,14,,,apa,İlköğretim II. kademe fen ve teknoloji programının çevre eğitimi açısından karşılaştırmalı incelenmesi,Biyoloji Bilimleri Araştırma Dergisi,2010,"Cebesoy, Ü",title_full,İlköğretim II kademe fen ve teknoloji programının çevre eğitimi açısından karşılaştırmalı incelenmesi,no_match,131054,,no_doi,,Türkiyeile Kanada fen eğitiminin karşılaştırmalı olarak incelenmesi,2011,Journal of Turkish Science Education,585,PAPER,0.417,0.5833,0.4286,10,False,0.2769,0.0,False,"Cebesoy, Ü. B. ve Dönmez-Şahin, M. (2010). İlköğretim II. kademe fen ve teknoloji programının çevre eğitimi açısından karşılaştırmalı incelenmesi. Biyoloji Bilimleri Araştırma Dergisi, 3(2), 159-168."
8186,1293636,23023652,5,,,apa,Gitara uyarlanan okul şarkılarının müzik derslerinde kullanılabilirliği: Bir eylem araştırması,Mustafa Kemal Üniversitesi Sosyal Bilimler Enstitüsü Dergisi,2020,"Ayyıldız, E",,,no_match,,,,,,,,,,,,,,,,,,"Ayyıldız, E. B. ve Erim, A. (2020). Gitara uyarlanan okul şarkılarının müzik derslerinde kullanılabilirliği: Bir eylem araştırması. Mustafa Kemal Üniversitesi Sosyal Bilimler Enstitüsü Dergisi, 17(45), 85-104. https://dergipark.org.tr/en/download/article-file/1068617"
8212,1155402,16166334,10,,,apa,Bireylerin finansal katılım ve finansal bilgi düzeylerinin tespiti: Erzurum ili örneği,Global Journal of Economics and Business Studies,2018,"Çam, A",title_full,Bireylerin finansal katılım ve finansal bilgi düzeylerinin tespiti Erzurum ili örneği,no_match,534013,10.30855/gjeb.2022.8.2.001,not_checked,,Kırsaldafinansal tabana yayılma: Oltu örneği,2022,Gazi İktisat ve İşletme Dergisi,1657,PAPER,0.3012,0.4211,0.3,10,False,0.2319,0.0,False,"Çam, A. V., Ayaydın, H., & Kalkan, Y. (2018). Bireylerin finansal katılım ve finansal bilgi düzeylerinin tespiti: Erzurum ili örneği. Global Journal of Economics and Business Studies, 7(13), 1–7."
8218,1258646,20527077,33,,,apa,18-25 yaş grubundaki sağlıklı erkek bireylerde aktif ve pasif sigara içiminin kısa vadede fiziksel etkilerinin incelenmesi,Gazi Beden Eğitimi ve Spor Bilimleri Dergisi,2008,"Sözeri, B., Altun, Ö., Tüzün, M., Korkusuz, F., & Atımtay, A",,,no_match,,,,,,,,,,,,,,,,,,"Sözeri, B., Altun, Ö., Tüzün, M., Korkusuz, F., & Atımtay, A. (2008). 18-25 yaş grubundaki sağlıklı erkek bireylerde aktif ve pasif sigara içiminin kısa vadede fiziksel etkilerinin incelenmesi. Gazi Beden Eğitimi ve Spor Bilimleri Dergisi, 13(2):3-12."
8232,1167448,16338256,12,,,apa,Yapay zekânın çeşitli süreçlerdeki rolü ve tahminleme fonksiyonu,Yapay Zekâ ve Gelecek,2019,"Karaca, B., & Telli, G",,,no_match,,,,,,,,,,,,,,,,,,"Karaca, B., & Telli, G. (2019). Yapay zekânın çeşitli süreçlerdeki rolü ve tahminleme fonksiyonu. Yapay Zekâ ve Gelecek, 172-185."
8289,1261851,20586520,3,,,vancouver,Homeopathy in Pediatric dentistry – A review Homeopathy in Pediatric dentistry – A review,Scholars Journal of Dental Sciences,2017,"Saikiran KV, Kamatham R, Saha A",title_full,Homeopathy in Pediatric dentistry A review Homeopathy in Pediatric dentistry A review,no_match,1261851,10.26650/jchild.2023.1313020,not_checked,,Homeopathyin Pediatric Dentistry,2023,Çocuk Dergisi,157,PAPER,0.5433,0.5769,1.0,6,False,0.3333,0.0,True,"3. Saikiran KV, Kamatham R, Saha A, et al. Homeopathy in Pediatric dentistry – A review Homeopathy in Pediatric dentistry – A review. Scholars Journal of Dental Sciences. 2017;4:89-92."
8294,1272973,21211009,17,,,apa,Study of the occurrence and control of Stephanitis chinensis Drake in the tea f ield of south Shaanxi,Shaanxi Journal of Agricultural Sciences,2014,"Wu, P.C",,,no_match,,,,,,,,,,,,,,,,,,"Wu, P.C. & Li, Y.X. (2014). Study of the occurrence and control of Stephanitis chinensis Drake in the tea f ield of south Shaanxi. Shaanxi Journal of Agricultural Sciences, 60(3), 73-76."
8312,1370707,25456121,6,,,quoted,Dünya Hayatının Oyun ve Oyalanmadan İbaret Olup Olmadığı ile ilgili Âyetlerin Müşkil,ül-Kur’ân Bağlamında Yorumlanması,2024,"Bedir, Lokman",,,no_match,,,,,,,,,,,,,,,,,,"Bedir, Lokman. “Dünya Hayatının Oyun ve Oyalanmadan İbaret Olup Olmadığı ile ilgili Âyetlerin Müşkil’ül-Kur’ân Bağlamında Yorumlanması”. Genç Mütefekkirler Dergisi 5/2 (Haziran 2024), 273-290."
8339,1255683,20329320,2,,,apa,Adapting the Law of Armed Conflict to Autonomous Weapon Systems,International Law Studies,2014,"Anderson, K., Reisner, D., & Waxman, M",,,no_match,,,,,,,,,,,,,,,,,,"Anderson, K., Reisner, D., & Waxman, M. (2014). Adapting the Law of Armed Conflict to Autonomous Weapon Systems. International Law Studies, 386-406."
8346,1252628,20188847,9,,,apa,"Ege Bölgesi Clytrinae (Coleoptera, Chrysomelidae) altfamilyası üzerine faunistik çalışmalar",Türk Entomoloji Dergisi,1990,"Aydın, E",,,no_match,,,,,,,,,,,,,,,,,,"Aydın, E. & Kısmalı, Ş. (1990). Ege Bölgesi Clytrinae (Coleoptera, Chrysomelidae) altfamilyası üzerine faunistik çalışmalar. Türk Entomoloji Dergisi, 14(1), 23- 35."
8369,1308178,22686715,42,,,apa,The positive impacts of fairy tales for children,"University of Hawaii at Hilo Hohonu, (14",2016,"VisikoKnox-Johnson, L",title_full,The positive impacts of fairy tales for children,no_match,1368768,10.24146/tk.1602214,not_checked,,Bartınİl Halk Kütüphanesi Çocuk Bölümü Ödünç Verme İstatistiklerinin Değerlendirilmesi: Okuma Alışkanlığı ve Okuma Kültürüne Etkisi,2025,Türk Kütüphaneciliği,387,PAPER,0.0987,0.1529,0.0,5,False,0.2745,0.0,False,"VisikoKnox-Johnson, L. (2016). The positive impacts of fairy tales for children. University of Hawaii at Hilo Hohonu, (14), 77-81."
8376,1282207,21543072,32,,,quoted,Gaznelilerde Bir Şehzade Düşmanı Hâcibü,l-Hüccâb Tuğrul Bozan,2017,"ÖNTÜRK, V",,,no_match,,,,,,,,,,,,,,,,,,"ÖNTÜRK, V., “Gaznelilerde Bir Şehzade Düşmanı Hâcibü'l-Hüccâb Tuğrul Bozan”, *Van Yüzüncü Yıl Üniversitesi Sosyal Bilimler Enstitüsü Dergisi, C. 36, 2017, ss. 345-361.*"
8401,1223299,18891135,23,,,apa,Studying abroad: the role of college students' goals on the development of cross-cultural skills and global understanding,College Student Journal,2004,"Kitsantas, A",,,no_match,,,,,,,,,,,,,,,,,,"Kitsantas, A. (2004). Studying abroad: the role of college students' goals on the development of cross-cultural skills and global understanding. College Student Journal, 38(3), 441-453."
8402,1365715,25270223,7,,,apa,Çin hegemonyasında yapay zekânın rolü: Stratejik analiz ve gelecek perspektifleri,Sosyoekonomik Araştırmalar Dergisi,2025,"Ayar, İ",,,no_match,,,,,,,,,,,,,,,,,,"Ayar, İ. (2025). Çin hegemonyasında yapay zekânın rolü: Stratejik analiz ve gelecek perspektifleri. Sosyoekonomik Araştırmalar Dergisi, 2(1), 83–108."
8404,1183988,17066428,37,,,apa,Türkiye ve Kanada’da işlenen fen ve teknoloji derslerinin karşılaştırmalı analizi,Atatürk Eğitim Fakültesi Eğitim Bilimleri Dergisi,2008,"Güven, İ",,,no_match,,,,,,,,,,,,,,,,,,"Güven, İ. (2008). Türkiye ve Kanada’da işlenen fen ve teknoloji derslerinin karşılaştırmalı analizi. Atatürk Eğitim Fakültesi Eğitim Bilimleri Der- gisi, 34, 147–169."
8409,1285315,21731596,8,,,apa,Toplumsal Cinsiyet Eşitsizliği Endeksi ve Türkiye,Toplumsal Politika Dergisi,2022,"Bardakçı, Ş",title_full,Toplumsal Cinsiyet Eşitsizliği Endeksi ve Türkiye,no_match,1207455,10.25287/ohuiibf.1326742,not_checked,,AVRUPABİRLİĞİ VE TÜRKİYE İÇİN KÜRESEL CİNSİYET EŞİTSİZLİĞİ ENDEKSİ BAĞLAMINDA BİR KARŞILAŞTIRMA,2023,Ömer Halisdemir Üniversitesi İktisadi ve İdari Bilimler Fakültesi Dergisi,1837,PAPER,0.4658,0.5139,0.8,5,False,0.3232,0.0,False,"Bardakçı, Ş. & Oğlak, S. (2022). Toplumsal Cinsiyet Eşitsizliği Endeksi ve Türkiye. Toplumsal Politika Dergisi, 3(1), 71-90."
8412,1332119,23907962,1,,,quoted,İktidarın Dört Atlısı: Michael Mann ve Tarihsel Sosyoloji.,Toplum ve Bilim,2012,"Ardıç, Nurullah",,,no_match,,,,,,,,,,,,,,,,,,"Ardıç, Nurullah. “İktidarın Dört Atlısı: Michael Mann ve Tarihsel Sosyoloji.” Toplum ve Bilim, sy 123 (2012): 258–285."
8416,1277549,21434207,19,,,apa,“Neo-Liberal Politikalar ve Yönetişim Modeli”,Amme İdaresi Dergisi,2003,"Güzelsarı, S",title_full_year,Neo Liberal Politikalar ve Yönetişim Modeli,strong,346330,,no_doi,,NeoLiberal Politikalar ve Yönetişim Modeli,2003,Amme İdaresi Dergisi,344,PAPER,0.95,1.0,1.0,5,True,1.0,0.0,False,"Güzelsarı, S. (2003). “Neo-Liberal Politikalar ve Yönetişim Modeli”. Amme İdaresi Dergisi, 36 (2), 17-34. Erişim adresi: https://ammeidaresihacibayram.edu.tr/documents/article/1/36/2/2_guzelsari.pdf"
8463,1253692,20239620,11,,,volume_pages,"Hakan Göncü, Akın Ersoy ve Duygu Akar Tanrıver",İstanbul: Ege Yayınları,2015,Doğer Lale ve Dilek Maktal-Canko,,,no_match,,,,,,,,,,,,,,,,,,"Doğer Lale ve Dilek Maktal-Canko. “İzmir Kadifekale 2015 Yılı Bizans Sarnıcı Araştırma Kazısından Seramik Buluntular”. Smyrna/İzmir Kazı ve Araştırmaları III. Ed. Hakan Göncü, Akın Ersoy ve Duygu Akar Tanrıver. İstanbul: Ege Yayınları, 2019, 111-134."
8482,1189260,17592212,14,,,apa,"Halkla ilişkiler sektörünün sinemada temsili: “Again you?”,“Sex and the City” ve “Thank you for smoking” filmlerinde halkla ilişkiler mesleği ve halkla ilişkiler uzmanının temsili",Gümüşhane Üniversitesi İletişim Fakültesi Elektronik Dergisi,2012,"Gürkan, H",,,no_match,,,,,,,,,,,,,,,,,,"Gürkan, H. (2012). Halkla ilişkiler sektörünün sinemada temsili: “Again you?”,“Sex and the City” ve “Thank you for smoking” filmlerinde halkla ilişkiler mesleği ve halkla ilişkiler uzmanının temsili. Gümüşhane Üniversitesi İletişim Fakültesi Elektronik Dergisi, 1(3), 135-158."
8504,1305625,22594665,32,,,vancouver,Profile and clinical relevance of autoantibodies in patients with chronic hepatitis B infection,Int J Clin Exp Med,2017,"Lu J, Lv Y, Dai E, Liu Y, Gao H, Tsuji NM",,,no_match,,,,,,,,,,,,,,,,,,"32. Lu J, Lv Y, Dai E, Liu Y, Gao H, Tsuji NM, et al. Profile and clinical relevance of autoantibodies in patients with chronic hepatitis B infection. Int J Clin Exp Med 2017;10:3568-74."
8507,1301566,22440997,40,,,apa,Wound healing following tooth extraction. Histochemical study in rats,Revista da Faculdade de Odontologia de Aracatuba,1973,"Okamoto, T., & de Russo, M.C",,,no_match,,,,,,,,,,,,,,,,,,"Okamoto, T., & de Russo, M.C. (1973). Wound healing following tooth extraction. Histochemical study in rats. Revista da Faculdade de Odontologia de Aracatuba, 2(2), 153–169."
8540,1287154,21812566,2,,,vancouver,Infectious spondylodiscitis: diagnosis and treatment,Mo Med,2013,"Amini MH, Salzman GA",title_full,Infectious spondylodiscitis diagnosis and treatment,no_match,1378334,10.5152/cjm.2025.25071,not_checked,,CandidaSpondylodiscitis: Diagnostic Dilemmas and Treatment Strategies,2025,Cerrahpaşa Medical Journal,2517,PAPER,0.4868,0.6909,0.5,4,False,0.25,0.0,False,"2. Amini MH, Salzman GA. Infectious spondylodiscitis: diagnosis and treatment. Mo Med 2013;110:80-84."
8551,1302605,22480687,32,,,apa,"Marka Bağlılığında Hedonik ve Rasyonel Faydanın Rolü-Perakendeci Markalı Ürünler Üzerine Bir Araştırma, 13","Ulusal Pazarlama Kongresi Bildiri Kitabı, Nevşehir",2008,"Gödekmerdan, L., Ünal, S., & Can, P",,,no_match,,,,,,,,,,,,,,,,,,"Gödekmerdan, L., Ünal, S., & Can, P. (2008). Marka Bağlılığında Hedonik ve Rasyonel Faydanın Rolü-Perakendeci Markalı Ürünler Üzerine Bir Araştırma, 13. Ulusal Pazarlama Kongresi Bildiri Kitabı, Nevşehir, 398-411."
8611,1260482,20532881,1,,,apa,Değer eğitimi akımlarına genel bir bakış,Değerler Eğitimi Dergisi,2008,"Akbaş, O",title_full,Değer eğitimi akımlarına genel bir bakış,no_match,265164,,no_doi,,YERALTIROMANINDA ANLATI UNSURLARININ İŞLENİŞİ,2017,Turkish Studies (Elektronik),664,PAPER,0.2509,0.4416,0.0,5,False,0.3043,0.0,False,"Akbaş, O. (2008). Değer eğitimi akımlarına genel bir bakış. Değerler Eğitimi Dergisi, 6(16), 9–27."
8658,1322649,23499471,16,,,apa,İran’ın idari teşkilat sistemi,Oğuzhan Sosyal Bilimler Dergisi,2020,"Fanid, N",title_full,İranın idari teşkilat sistemi,no_match,156225,,no_doi,,6360Sayılı kanun bağlamında köylerin mahalleye çevrilmesi sorunu,2014,Mülkiye Dergisi,657,PAPER,0.2192,0.3571,0.0,4,False,0.4783,0.0,False,"Fanid, N. A. (2020). İran’ın idari teşkilat sistemi. Oğuzhan Sosyal Bilimler Dergisi, 2(2), 134–157."
8685,1239115,19640483,54,,,apa,Öğretmen adaylarının problem kurma becerilerinin belirlenmesi [Determining of prospective teachers’ problem posing skills],Balıkesir Üniversitesi Fen Bilimleri Enstitüsü Dergisi,2006,"Korkmaz, E., & Gür, H",title_salient,Öğretmen adaylarının problem kurma becerilerinin belirlenmesi Determining prospective teachers problem,no_match,421397,,no_doi,,TÜRKÇEÖĞRETMENİ ADAYLARININ ÇOK BOYUTLU 21. YÜZYIL BECERİLERİNİN BELİRLENMESİ,2020,Uluslararası Türkçe Edebiyat Kültür Eğitim (TEKE) Dergisi,828,PAPER,0.4094,0.5455,0.4286,12,False,0.449,0.0,False,"Korkmaz, E., & Gür, H. (2006). Öğretmen adaylarının problem kurma becerilerinin belirlenmesi [Determining of prospective teachers’ problem posing skills]. Balıkesir Üniversitesi Fen Bilimleri Enstitüsü Dergisi, 8(1), 64-74. Retrieved from http://fbed.balikesir.edu.tr/index.php/dergi/article/view/212/193"
8688,1225137,19352979,17,,,apa,Kapsayıcı eğitimin Türk eğitim sistemindeki yeri ve önemi,Studies in Educational Research and Development,2021,"Aydın Güngör, T., & Pehlivan, O",title_full,Kapsayıcı eğitimin Türk eğitim sistemindeki yeri ve önemi,no_match,1363952,10.30561/sinopusd.1495549,not_checked,,Türkiyenin Göç Politikalarında Mülteci Çocukların Eğitimine Düzce Merkezli Bir Bakış Belirsizlikler ve Zorluklar,2025,Sinop Üniversitesi sosyal bilimler dergisi,2523,PAPER,0.3178,0.3905,0.4286,7,False,0.2921,0.0,False,"Aydın Güngör, T., & Pehlivan, O. (2021). Kapsayıcı eğitimin Türk eğitim sistemindeki yeri ve önemi. Studies in Educational Research and Development, 5(1), 48-71."
8700,1334596,24004626,9,,,apa,Sağlık yönetimi bölümü öğrencilerinin mobil güvenlik farkındalığı ve dijital veri güvenliği farkındalıklarının belirlenmesi,Uluslararası Yönetim Bilişim Sistemleri ve Bilgisayar Bilimleri Dergisi,2017,"Bıkmaz, Z",,,no_match,,,,,,,,,,,,,,,,,,"Bıkmaz, Z. (2017). Sağlık yönetimi bölümü öğrencilerinin mobil güvenlik farkındalığı ve dijital veri güvenliği farkındalıklarının belirlenmesi. Uluslararası Yönetim Bilişim Sistemleri ve Bilgisayar Bilimleri Dergisi, 1(1), 22-30. Retrieved from https://dergipark.org.tr/en/download/article-file/403970"
8716,1330834,23844867,8,,,apa,Effects of Etymological Elaboration on the EFL Learners’ Comprehension and Retention of Idioms,Journal of Pan-Pacific Association of Applied Linguistics,2010,"Bagheri, M",,,no_match,,,,,,,,,,,,,,,,,,"Bagheri, M. S., & Fazel, I. (2010). Effects of Etymological Elaboration on the EFL Learners’ Comprehension and Retention of Idioms. Journal of Pan-Pacific Association of Applied Linguistics, 14(1), 45-55."
8718,1339113,24163472,8,,,vancouver,Cancer is a disorder or a survival mechanism: A review article,Res Rev J Med Health Sci,2017,"Mujahid M, Ghani F",title_salient,Cancer disorder survival mechanism,no_match,1166439,10.14744/ejmo.2023.35261,not_checked,,TheReal Mechanisms of Emodin Treating Lung Cancer Based on System Pharmacology,2023,Eurasian Journal of Medicine and Oncology,1946,PAPER,0.3274,0.3741,0.5,4,False,0.3273,0.0,False,"Mujahid M, Ghani F. Cancer is a disorder or a survival mechanism: A review article. Res Rev J Med Health Sci 2017;6(2):1–7."
8726,1352751,24714261,22,,,vancouver,Androgen influence on the meibomian gland,Invest Ophthalmol Vis Sci,2000,"Sullivan DA, Sullivan BD, Ullman MD, Rocha EM, Krenzer KL, Cermak JM",,,no_match,,,,,,,,,,,,,,,,,,"Sullivan DA, Sullivan BD, Ullman MD, Rocha EM, Krenzer KL, Cermak JM, et al. Androgen influence on the meibomian gland. Invest Ophthalmol Vis Sci. 2000;41(12):3732-42. [PubMed]"
8730,1278960,21478475,32,,,apa,Nursing students’ opinions regarding the nursing process,International Journal of Humanities and Social Science Invention,2017,"Sü, S",title_full,Nursing students opinions regarding the nursing process,no_match,1367289,10.17049/jnursology.1601132,not_checked,,NursingStudents’ Opinions on the Individual and Professional Acquisitions Achieved through Hidden Curriculum: A Cross-Sectional Study,2025,Journal of nursology (Online),3780,PAPER,0.4011,0.4301,0.6667,6,False,0.4396,0.0,False,"Sü, S. (2017) Nursing students’ opinions regarding the nursing process. International Journal of Humanities and Social Science Invention, 6(5), 10-14. https://www.semanticscholar.org/feed/create."
8749,1224773,19492513,47,,,apa,Yapısal kırılmaların varlığı durumunda geliştirilen birim-kök testleri. Gazi Üniversitesi İktisadi ve İdari Bilimler Fakültesi Dergisi,2(2,2000,"Yurdakul, F",,,no_match,,,,,,,,,,,,,,,,,,"Yurdakul, F. (2000). Yapısal kırılmaların varlığı durumunda geliştirilen birim-kök testleri. Gazi Üniversitesi İktisadi ve İdari Bilimler Fakültesi Dergisi. 2(2), 21-34."
8790,1233334,19745044,26,,,volume_pages,"‘‘Influence of deficit irrigation and nitrogen fertilization on potato yield, water productivity and net profit’’",CIGR Journal,2020,"Elmetwalli, A",,,no_match,,,,,,,,,,,,,,,,,,"Elmetwalli, A. H., Elnemr, M. K. 2020. ‘‘Influence of deficit irrigation and nitrogen fertilization on potato yield, water productivity and net profit’’. CIGR Journal, 22(3), 61-68."
8816,1262596,20618023,40,,,apa,"Spectrophotometric determination of terbinafine HCl, telmisartan and ramipril through redox reactions using bromate-bromide mixture",International Journal of Pharmaceutical Chemical and Biological Sciences,2015,"Afaf, A.E., Hanaa, M.S., Magda, M.E., Basma, E.G",,,no_match,,,,,,,,,,,,,,,,,,"40. Afaf, A.E., Hanaa, M.S., Magda, M.E., Basma, E.G. (2015) Spectrophotometric determination of terbinafine HCl, telmisartan and ramipril through redox reactions using bromate-bromide mixture. International Journal of Pharmaceutical Chemical and Biological Sciences, 5(1), 328-346."
8831,1305486,22967970,1,,,apa,Kastamonu ve yöresi ağızlarında mantar adları,Uluslararası Beşeri Bilimler ve Eğitim Dergisi,2018,"Acar, E",,,no_match,,,,,,,,,,,,,,,,,,"Acar, E. (2018). Kastamonu ve yöresi ağızlarında mantar adları. Uluslararası Beşeri Bilimler ve Eğitim Dergisi, 4(9), 177-228."
8886,1348682,24556741,39,,,apa,A brief history of genre pedagogy in Australian curriculum and practice,Sprogforum,2016,"Jones, P",,,no_match,,,,,,,,,,,,,,,,,,"[39] Jones, P. ve Derewianka, B. (2016). A brief history of genre pedagogy in Australian curriculum and practice. Sprogforum, 63, 24-34."
8907,1349634,25188887,1,,,apa,Türk müziğinde çokseslilik yaklaşımları,İnönü Üniversitesi Sanat ve Tasarım Dergisi,2011,"Albuz, A",title_full,Türk müziğinde çokseslilik yaklaşımları,no_match,1289233,10.35826/ijoess.4518,not_checked,,TÜRKMÜZİĞİNDE ÇOKSESLİLİK YAKLAŞIMLARINA İLİŞKİN ÖRNEK BİR UYGULAMA,2024,Uluslararası Avrasya Sosyal Bilimler Dergisi,973,PAPER,0.6398,0.7423,1.0,4,False,0.4828,0.0,False,"Albuz, A. (2011). Türk müziğinde çokseslilik yaklaşımları. İnönü Üniversitesi Sanat ve Tasarım Dergisi, 1(1), 51- 66."
8910,1207469,18220109,61,,,loose_year,“1917 Tarihli Hukuk-ı Aile Kararnamesi ve Osmanlı Aile Hukukuna Getirdiği Yenilikler”,Selçuk Üniversitesi Hukuk Fakültesi Dergisi,2003,"Yurtseven, Yılmaz",title_full,1917 Tarihli Hukuk ı Aile Kararnamesi ve Osmanlı Aile Hukukuna Getirdiği Yenilikler,no_match,174865,,no_doi,,1917HUKUK-İ AİLE KARARNAMESİNİN GETİRDİĞİ YENİLİKLERİN DEĞERLENDİRİLMESİ VE GAYRİMÜSLİMLER İÇİN ÖNGÖRÜLEN HÜKÜMLER,2014,Legal Hukuk Dergisi,868,PAPER,0.4694,0.5371,0.7,10,False,0.5161,0.0,False,"Yurtseven, Yılmaz. 2003. “1917 Tarihli Hukuk-ı Aile Kararnamesi ve Osmanlı Aile Hukukuna Getirdiği Yenilikler”. Selçuk Üniversitesi Hukuk Fakültesi Dergisi, 11 (1-2): 199-250."
8915,1371509,25486457,35,,,apa,Türk Basınında Yeni Türk Devletinin İsmi Hakkında Yaşanan Tartışmalar (Eylül-Ekim 1923),Tarih Dergisi,2013,"Sancaktar, F",,,no_match,,,,,,,,,,,,,,,,,,"Sancaktar, F. M. (2013). Türk Basınında Yeni Türk Devletinin İsmi Hakkında Yaşanan Tartışmalar (Eylül-Ekim 1923). Tarih Dergisi, 0(56), 129-145."
8916,1231967,19531382,1,,,apa,Takım liderinin çalışanların motivasyonu üzerindeki etkisi: Çağrı merkezi incelemesi,Akademik Bakış Dergisi,2012,"Aksu, A",,,no_match,,,,,,,,,,,,,,,,,,"Aksu, A. G. G. (2012). Takım liderinin çalışanların motivasyonu üzerindeki etkisi: Çağrı merkezi incelemesi. Akademik Bakış Dergisi, 32, 1-21."
8932,1295949,22170982,59,,,apa,Kalkınmada Kadın Girişimciliği ve Kapsayıcılık,"Uluslararası Sosyal ve Ekonomik Çalışmalar Dergisi, Cilt 4, Sayı 1",2023,"Tunç, M",,,no_match,,,,,,,,,,,,,,,,,,"Tunç, M. (2023). Kalkınmada Kadın Girişimciliği ve Kapsayıcılık. Uluslararası Sosyal ve Ekonomik Çalışmalar Dergisi, Cilt 4, Sayı 1, 96-110."
8938,1320373,23392129,2,,,apa,Din Kültürü ve Ahlak Bilgisi derslerinde kavram haritalarının kullanımı,Değerler Eğitimi Dergisi,2003,"Akyürek, S",,,no_match,,,,,,,,,,,,,,,,,,"Akyürek, S. (2003). Din Kültürü ve Ahlak Bilgisi derslerinde kavram haritalarının kullanımı. Değerler Eğitimi Dergisi, 1(3), 65-86."
8942,1339395,25008338,11,,,vancouver,Recovery of cervical vestibular evoked myogenic potentials after repositioning maneuver in benign paroxysmal positional vertigo,J Audiol Otol,2021,"Park JS, Kim MB, Lee JD",,,no_match,,,,,,,,,,,,,,,,,,"11. Park JS, Kim MB, Lee JD. Recovery of cervical vestibular evoked myogenic potentials after repositioning maneuver in benign paroxysmal positional vertigo. J Audiol Otol. 2021;25(1):6–11."
8978,1371644,25491563,4,,,apa,Israrlı takip suçu ve koruma tedbirleri,Ceza Hukuku Dergisi,2022,"Akıncı, M",,,no_match,,,,,,,,,,,,,,,,,,"Akıncı, M. (2022). Israrlı takip suçu ve koruma tedbirleri. Ceza Hukuku Dergisi, 17(1), 211–214."
9010,1379978,25761632,18,,,apa,"The effect of environmental awareness, knowledge level, price perception, battery charging power on electric vehicle purchasing intention: A quantitative research","Ekonomi, İşletme ve Bilişim Dergisi",2024,"Bozkurt, M",,,no_match,,,,,,,,,,,,,,,,,,"Bozkurt, M. E. (2024). The effect of environmental awareness, knowledge level, price perception, battery charging power on electric vehicle purchasing intention: A quantitative research. Ekonomi, İşletme ve Bilişim Dergisi, 1(1), 21-43."
9018,1202905,18007705,5,,,apa,İletişim becerisinin gelişimi için etkili bir araç: Matematiksel modelleme etkinlikleri,MATDER Matematik Eğitimi Dergisi,2011,"Doruk, B",,,no_match,,,,,,,,,,,,,,,,,,"Doruk, B. K. (2011). İletişim becerisinin gelişimi için etkili bir araç: Matematiksel modelleme etkinlikleri. MATDER Matematik Eğitimi Dergisi, 1(1), 1-12."
9037,1385180,25946463,4,,,apa,Analysis of the socio-economic profile of farmers cultivating forage crops in Şanlıurfa,Journal of Economics,2020,"Aydoğdu, M., Aydoğdu, İ., Cevheri, C., Sevinç, M",,,no_match,,,,,,,,,,,,,,,,,,"Aydoğdu, M., Aydoğdu, İ., Cevheri, C., Sevinç, M. & Küçük, N. (2020). Analysis of the socio-economic profile of farmers cultivating forage crops in Şanlıurfa. Journal of Economics, 10-15."
9038,1385180,25946494,35,,,apa,Status Quo of Quality Roughage Resources in Türkiye,Turkish Journal of Scientific Compilations,2016,"Özkan, U., & Şahin Demirbağ, N",,,no_match,,,,,,,,,,,,,,,,,,"Özkan, U., & Şahin Demirbağ, N. (2016). Status Quo of Quality Roughage Resources in Türkiye. Turkish Journal of Scientific Compilations, 9(1): 23-27."
9066,1173651,16597436,14,,,vancouver,Long-term outcome at adjacent levels of lumbar arthrodesis,Rev Chir Orthop Reparatrice Appar Mot,1997,"Guigui P, Lambert P, Lassale B, Deburge A",,,no_match,,,,,,,,,,,,,,,,,,"14. Guigui P, Lambert P, Lassale B, Deburge A. Long-term outcome at adjacent levels of lumbar arthrodesis. Rev Chir Orthop Reparatrice Appar Mot. 1997;83:685-96."
9089,1241831,19748135,2,,,apa,Development and validation of the e-health literacy scale and investigation of the relationships between e-health literacy and healthy behavior among undergraduate students in Taiwan,"Formosa J Ment Health, 28: 3",2015,"Chiang, C., Yang, S., & Hsu, W",,,no_match,,,,,,,,,,,,,,,,,,"Chiang, C., Yang, S., & Hsu, W. (2015). Development and validation of the e-health literacy scale and investigation of the relationships between e-health literacy and healthy behavior among undergraduate students in Taiwan. Formosa J Ment Health, 28: 3, 389–420."
9097,1306172,23600134,7,,,vancouver,Organizational research: Determining appropriate sample size for survey research,ITLPJ,2001,"Bartlett JE, Kotrlik JW, Higgins C",title_full,Organizational research Determining appropriate sample size for survey research,no_match,125938,,no_doi,,Okullardadumansız hava sahası ölçeğinin Türkçeye uyarlanması: geçerlik ve güvenirlik çalışması,2011,Kuram ve Uygulamada Eğitim Yönetimi,427,PAPER,0.1956,0.3613,0.0,8,False,0.1111,0.0,False,"7. Bartlett JE, Kotrlik JW, Higgins C. Organizational research: Determining appropriate sample size for survey research. ITLPJ 2001; 19: 43-50."
9099,1227776,19439048,10,,,apa,Problems related to asymmetric information in the health services market and proposed solutions,Hacettepe Journal of Health Administration,2009,"Bilgili, E., & Ecevit, E",,,no_match,,,,,,,,,,,,,,,,,,"Bilgili, E., & Ecevit, E. (2009). Problems related to asymmetric information in the health services market and proposed solutions. Hacettepe Journal of Health Administration, 11(2), 201-228."
9111,1332489,24688982,8,,,vancouver,"The impact of hospital brand image on service quality, patient satisfaction and loyalty",Afr J Bus Manage,2011,Wu C-C,,,no_match,,,,,,,,,,,,,,,,,,"8. Wu C-C. The impact of hospital brand image on service quality, patient satisfaction and loyalty. Afr J Bus Manage. 2011;5:4873-82."
9120,1359303,25007527,5,,,apa,Türkiye’de değişen bölgesel kalkınma politikaları,Karadeniz Sosyal Bilimler Dergisi,2013,"Akpınar, R",title_full_year,Türkiyede değişen bölgesel kalkınma politikaları,no_match,147786,,no_doi,,Avrupabirliği uyum sürecinde bölgesel kalkınma politikaları: bölgesel kalkınma ajansları ve Türkiye uygulaması,2013,Akademik İncelemeler Dergisi,763,PAPER,0.6002,0.4648,0.8,5,True,0.6071,0.0,False,"Akpınar, R. (2013). Türkiye’de değişen bölgesel kalkınma politikaları. Karadeniz Sosyal Bilimler Dergisi, 4(6), 29-46."
9121,1359303,25007570,48,,,apa,Kent Kültürünün Kentsel Girişimciliğe Etkileri,Econharran,2024,"Karaman, U., & Karasu, M",,,no_match,,,,,,,,,,,,,,,,,,"Karaman, U., & Karasu, M. A. (2024). Kent Kültürünün Kentsel Girişimciliğe Etkileri. Econharran, 8(13), 21-32."
9127,1264941,20844659,76,,,apa,İş yerinde tekno-stres merkezi: Müşteri ve bankacılık sektöründe bir araştırma,Çalışma İlişkileri Dergisi,2015,"Türen, U., Erdem, H",,,no_match,,,,,,,,,,,,,,,,,,"Türen, U., Erdem, H. & Kalkin, G. (2015). İş yerinde tekno-stres merkezi: Müşteri ve bankacılık sektöründe bir araştırma. Çalışma İlişkileri Dergisi, 6 (1), 1-19."
9158,1182760,17108019,52,,,apa,Endüstri 4.0 teknolojilerinin turizm sektörüne yansımaları: Literatür incelemesi,Journal of Tourism Intelligence and Smartness,2021,"Okatan, D",,,no_match,,,,,,,,,,,,,,,,,,"Okatan, D. & Yıldırım, Y. (2021). Endüstri 4.0 teknolojilerinin turizm sektörüne yansımaları: Literatür incelemesi. Journal of Tourism Intelligence and Smartness, 4(2), 168-185."
9159,1182760,17108032,65,,,apa,Metin madenciliği yöntemleri ile online yorumların kümelenmesi: Bakü otelleri örneği,Selçuk Turizm ve Bilişim Araştırmaları Dergisi,2019,"Tengilimoğlu, E., Öztürk, Y",,,no_match,,,,,,,,,,,,,,,,,,"Tengilimoğlu, E., Öztürk, Y. (2019). Metin madenciliği yöntemleri ile online yorumların kümelenmesi: Bakü otelleri örneği. Selçuk Turizm ve Bilişim Araştırmaları Dergisi, 1(1), 1-8."
9163,1183148,17027812,22,,,quoted,Osmanlı Öncesi Harput ve Yöresinde Türk İskânının İzleri,Dünü ve Bugünüyle Harput Sempozyumu,1998,"Aşan, Muhammet Beşir",,,no_match,,,,,,,,,,,,,,,,,,"Aşan, Muhammet Beşir, “Osmanlı Öncesi Harput ve Yöresinde Türk İskânının İzleri”, Dünü ve Bugünüyle Harput Sempozyumu, I - Tarih - Kültür - Şiir - Folklor, (Elazığ, 24-27 Eylül 1998), (nşr. Fikret Karaman), Türkiye Diyanet Vakfı Elazığ Şubesi Yayını, Elazığ 1999, s. 49-60."
9181,1209792,18420508,12,,,apa,“Çok İşlevlilik Açısından Türkçe Edatların Söz Dizimsel ve Anlam Bilimsel Yapısı”,Dil Araştırmaları,2014,"DOĞAN, Nuh",,,no_match,,,,,,,,,,,,,,,,,,"DOĞAN, Nuh (2014). “Çok İşlevlilik Açısından Türkçe Edatların Söz Dizimsel ve Anlam Bilimsel Yapısı”. Dil Araştırmaları, 15: 105-119."
9194,1283626,21621945,14,,,apa,"In vitro antileishmanial activity of extracts of Warburgia ugandensis (Canellaceae), a Kenyan medicinal plant",Journal of Medicinal Plants Research,2009,"Ngure, P.K., Tonui, W.K., Ingonga, J., Mutai, C., Kigondu, E., Ng’ang’a, Z., Rukunga, G., & Kimutai, A",,,no_match,,,,,,,,,,,,,,,,,,"Ngure, P.K., Tonui, W.K., Ingonga, J., Mutai, C., Kigondu, E., Ng’ang’a, Z., Rukunga, G., & Kimutai, A. (2009). In vitro antileishmanial activity of extracts of Warburgia ugandensis (Canellaceae), a Kenyan medicinal plant. Journal of Medicinal Plants Research, 3(2), 061–066."
9206,1275527,21191726,11,,,apa,Conducting a Market Opportunity Analysis for Air Cargo Operations,Transportation Journal,2003,"Golicic, S",,,no_match,,,,,,,,,,,,,,,,,,"Golicic, S. L., Teresa, M. M. and Mentzer, J. T. (2003). Conducting a Market Opportunity Analysis for Air Cargo Operations. Transportation Journal, 42(4), 5–15."
9218,1247529,20048394,21,,,loose_year,Agent-based modelling on a national scale–experiences from SWISSland,Agroscope Science,2016,"Möhring A., Mack G., Zimmermann A., Ferjani A., Schmidt A., Mann S",,,no_match,,,,,,,,,,,,,,,,,,"Möhring A., Mack G., Zimmermann A., Ferjani A., Schmidt A., Mann S., 2016. Agent-based modelling on a national scale–experiences from SWISSland. Agroscope Science, 30: 1-56."
9225,1354408,24780948,31,,,apa,Minibüs işletmeciliğinde teknoloji kullanımı ve hizmet kalitesi,Teknoloji ve Ulaşım Dergisi,2023,"Yılmaz, T., & Karataş, M",,,no_match,,,,,,,,,,,,,,,,,,"Yılmaz, T., & Karataş, M. (2023). Minibüs işletmeciliğinde teknoloji kullanımı ve hizmet kalitesi. Teknoloji ve Ulaşım Dergisi, 15(2), 189–205."
9235,1346823,24478826,43,,,apa,18. yüzyılın ikinci yarısında Osmanlı saray ehl-i hıref (sanatkarlar) teşkilatı. Rektör Prof. Dr,"Hasan Gürbüz’e Armağan, Süleyman Demirel Üniversitesi İlâhiyat Fakültesi Dergisi",1996,"Yaman, B",,,no_match,,,,,,,,,,,,,,,,,,"Yaman, B. (1996). 18. yüzyılın ikinci yarısında Osmanlı saray ehl-i hıref (sanatkarlar) teşkilatı. Rektör Prof. Dr. Hasan Gürbüz’e Armağan, Süleyman Demirel Üniversitesi İlâhiyat Fakültesi Dergisi, 3, 273-292."
9254,1224232,18930537,16,,,apa,İrademiz Özgür Değil: Metafizik Bir Problem Olarak Özgür İrade,MetaZihin: Yapay Zeka ve Zihin Felsefesi Dergisi,2020,"Onur, F",title_full,İrademiz Özgür Değil Metafizik Bir Problem Olarak Özgür İrade,no_match,1394415,10.51702/esoguifd.1799909,not_checked,,Hârisel-Muhâsibî’de Muhâsebe ve G. I. Gurdjieff’te Öz-Gözlem: İki Farklı Gelenekte İçsel Farkındalık Disiplinleri,2026,Eskişehir Osmangazi Üniversitesi İlahiyat Fakültesi Dergisi,2426,PAPER,0.1866,0.2993,0.0,8,False,0.4421,0.0,False,"Onur, F. (2020). İrademiz Özgür Değil: Metafizik Bir Problem Olarak Özgür İrade. MetaZihin: Yapay Zeka ve Zihin Felsefesi Dergisi, 3(1), 13-40."
9260,1354338,24778333,8,,,vancouver,Swyer-James-MacLeod Syndrome Misdiagnosed as COPD: A Case Report,Ku-wait Med J,2017,"Intepe YS, Yuksel M, Tanyeri B",,,no_match,,,,,,,,,,,,,,,,,,"8. Intepe YS, Yuksel M, Tanyeri B. Swyer-James-MacLeod Syndrome Misdiagnosed as COPD: A Case Report. Ku-wait Med J 2017; 49:335-9."
9305,1306429,22618268,46,,,apa,Yoksullukla Mücadelede Kadın Kooperatifleri Deneyimi. Ed. M,"Kardaş, Başbakanlık Sosyal Yardımlaşma ve Dayanışma Genel Müdürlüğü Uluslararası Yoksullukla Mücadele Stratejileri Sempozyumu, İstanbul",2010,"Özdemir, G",,,no_match,,,,,,,,,,,,,,,,,,"Özdemir, G. (2010). Yoksullukla Mücadelede Kadın Kooperatifleri Deneyimi. Ed. M. Kardaş, Başbakanlık Sosyal Yardımlaşma ve Dayanışma Genel Müdürlüğü Uluslararası Yoksullukla Mücadele Stratejileri Sempozyumu, İstanbul, 331-337."
9363,1261247,20560992,8,,,apa,An effect of mathematical intervention strategies for dyscalculia students,Journal of Language and Linguistic Studies,2021,"Devisri, K., & Tharani, S",,,no_match,,,,,,,,,,,,,,,,,,"Devisri, K., & Tharani, S. (2021). An effect of mathematical intervention strategies for dyscalculia students. Journal of Language and Linguistic Studies, 17(4), 3496-3500."
9438,1183721,17158861,6,,,loose_year,Influence of sucrose solution concentration and temperature on mass exchange during osmotic dehydration of eggplant (Solanum melongena L.) cubes,International Food Research Journal,2015,"Ganjloo, A",,,no_match,,,,,,,,,,,,,,,,,,"Ganjloo, A. and Bimakr, M. 2015. Influence of sucrose solution concentration and temperature on mass exchange during osmotic dehydration of eggplant (Solanum melongena L.) cubes. International Food Research Journal, 22(2): 807-811."
9525,1321281,23441794,20,,,apa,Remote sensing for water quality monitoring in Lake Victoria,"African Journal of Science, Technology, Innovation and Development",2013,"Ndungu, L",,,no_match,,,,,,,,,,,,,,,,,,"Ndungu, L. W., Ndiritu, G. G., & Mutua, B. M. (2013). Remote sensing for water quality monitoring in Lake Victoria. African Journal of Science, Technology, Innovation and Development, 5(5), 399–409."
9526,1206584,18160284,87,,,apa,İlköğretim 6. sınıf öğrencilerinin dinleme becerisi farkındalıklarının sosyo-ekonomik düzeye göre incelenmesi,Çankırı Karatekin Üniversitesi Sosyal Bilimler Enstitüsü Dergisi,2011,"Şahin, A",,,no_match,,,,,,,,,,,,,,,,,,"Şahin, A. (2011). İlköğretim 6. sınıf öğrencilerinin dinleme becerisi farkındalıklarının sosyo-ekonomik düzeye göre incelenmesi. Çankırı Karatekin Üniversitesi Sosyal Bilimler Enstitüsü Dergisi, 2(1), 178-188."
9549,1182693,17093026,3,,,apa,Moleküler Gastronomi Bakış Açısıyla Gıdaların Tat ve Aroma Algıları,Aydın Gastronomy,2017,"Batu, A",,,no_match,,,,,,,,,,,,,,,,,,"Batu, A. (2017). Moleküler Gastronomi Bakış Açısıyla Gıdaların Tat ve Aroma Algıları . Aydın Gastronomy, 25-36."
9557,1228640,19171730,31,,,vancouver,In vitro anti-mycotic activity of some medicinal plants containing flavonoids,Boll Chim Farm,2000,"Trovato A, Monforte MT, Forestieri AM, Pizzimenti F",,,no_match,,,,,,,,,,,,,,,,,,"31. Trovato A, Monforte MT, Forestieri AM, Pizzimenti F. In vitro anti-mycotic activity of some medicinal plants containing flavonoids. Boll Chim Farm, 2000; 139(5): 225-7."
9581,1287314,21921216,43,,,apa,Adoption and Evaluation of Mobile Commerce in Chile,The Electronic Journal Information Systems Evaluation,2009,"Kini, R",,,no_match,,,,,,,,,,,,,,,,,,"Kini, R. B. (2009). Adoption and Evaluation of Mobile Commerce in Chile. The Electronic Journal Information Systems Evaluation, 12(1), 75–88."
9594,1336479,24081052,55,,,quoted,Costly Independence for Oil-Rich Azerbaijan: Khojaly Massacre. Why Could It Be Considered as Genocide?,ARHUSS,2018,"Muradov, Anar",,,no_match,,,,,,,,,,,,,,,,,,"Muradov, Anar. “Costly Independence for Oil-Rich Azerbaijan: Khojaly Massacre. Why Could It Be Considered as Genocide?” ARHUSS, vol. 1, no. 3, 2018, pp. 147-162."
9595,1276403,21231775,11,,,apa,Late Quaternary vegetation history of northern Turkey,Palaeohistoria,1993,"Bottema, S., Woldring, H., Aytuğ, B",,,no_match,,,,,,,,,,,,,,,,,,"Bottema, S., Woldring, H., Aytuğ, B. (1993). Late Quaternary vegetation history of northern Turkey. Palaeohistoria, 35 (36), 12–72."
9596,1276403,21231776,12,,,apa,The Late Quaternary vegetation history of western Turkey,The Ilıpınar Excavations II,2001,"Bottema, S., Woldring, H., Kayan, İ",,,no_match,,,,,,,,,,,,,,,,,,"Bottema, S., Woldring, H., Kayan, İ. (2001). The Late Quaternary vegetation history of western Turkey. The Ilıpınar Excavations II, 327–357."
9603,1323906,23553364,20,,,apa,Unit root tests and structural breaks: A survey with applications,Revista de Métodos Cuantitativos para la Economía y la Empresa,2007,"Glynn, J., Perera, N",,,no_match,,,,,,,,,,,,,,,,,,"Glynn, J., Perera, N. and Verma, R. (2007). Unit root tests and structural breaks: A survey with applications. Revista de Métodos Cuantitativos para la Economía y la Empresa, 3, 63-79. Retrieved from https://www.redalyc.org/"
9608,1321842,23463019,40,,,apa,Sorgulamaya dayalı öğretime yönelik inanç ölçeği: Geçerlik ve güvenirlik çalışması,Batı Anadolu Eğitim Bilimleri Dergisi (BAED,2016,"Kocagül Sağlam, M",,,no_match,,,,,,,,,,,,,,,,,,"Kocagül Sağlam, M. ve Şahin, M. (2016). Sorgulamaya dayalı öğretime yönelik inanç ölçeği: Geçerlik ve güvenirlik çalışması. Batı Anadolu Eğitim Bilimleri Dergisi (BAED), 7(14), 1-20."
9638,1262095,21662723,1,,,apa,The study of thinking methods in light of the Sternberg's theory among students of the Faculty of Basic Education,Journal of Positive School Psychology,2022,"ABDULLAH, S",,,no_match,,,,,,,,,,,,,,,,,,"ABDULLAH, S. I. (2022). The study of thinking methods in light of the Sternberg's theory among students of the Faculty of Basic Education. Journal of Positive School Psychology, 4791-4806."
9639,1262095,21662740,18,,,apa,The relatıonshıp of the enneagram personalıty types and the early maladaptıve schemas to dependent personalıty dısorder,Journal of Positive School Psychology,2022,"FIROOZAN, T., KHOSROPOUR, F",,,no_match,,,,,,,,,,,,,,,,,,"FIROOZAN, T., KHOSROPOUR, F. & ANARI, A.M.Z. (2022). The relatıonshıp of the enneagram personalıty types and the early maladaptıve schemas to dependent personalıty dısorder. Journal of Positive School Psychology, 6(7), 159-166."
9647,1156126,16206145,51,,,apa,Türkiye’de devletçilik politikasının gelişimi üzerine,Karınca Dergisi,2000,"Yayman, H",title_salient,Türkiyede devletçilik politikasının gelişimi,no_match,1339664,,no_doi,,Türkiyenin İmar ve İnşa Davasında Bir Kamu Bankası: İller Bankasının Kuruluşu ve Faaliyetleri (1933-1983),2025,Cumhuriyet Tarihi Araştırmaları Dergisi,755,PAPER,0.2752,0.3636,0.25,4,False,0.4444,0.0,False,"Yayman, H. (2000). Türkiye’de devletçilik politikasının gelişimi üzerine. Karınca Dergisi, 65(757), 35-41."
9658,1331640,23884076,60,,,apa,"Descriptive study of lampbrush chromosomes in the genus Pleurodeles (Amphibian, Urodele)",Ann Embr Morph,1968,"Lacroix, J.C",,,no_match,,,,,,,,,,,,,,,,,,"Lacroix, J.C. (1968). Descriptive study of lampbrush chromosomes in the genus Pleurodeles (Amphibian, Urodele). Ann Embr Morph, 1, 179- 202."
9664,1275313,21184082,8,,,apa,"Kimim ben? Göçmen, sığınmacı, mülteci, yabancı, vatansız ve geçici koruma: Türkiye’deki Suriyeliler",Antakiyat,2021,"Fansa, M",,,no_match,,,,,,,,,,,,,,,,,,"Fansa, M. (2021). Kimim ben? Göçmen, sığınmacı, mülteci, yabancı, vatansız ve geçici koruma: Türkiye’deki Suriyeliler. Antakiyat, 4(2), 289-306."
9674,1155923,15795045,43,,,apa,Gastronomi ve aşçılık programlarında gıda güvenliği donanım altyapısının değerlendirilmesi,Uluslararası Alanya İşletme Fakültesi Dergisi,2015,"Sevim, B., Görkem, O",,,no_match,,,,,,,,,,,,,,,,,,"Sevim, B., Görkem, O. (2015). Gastronomi ve aşçılık programlarında gıda güvenliği donanım altyapısının değerlendirilmesi. Uluslararası Alanya İşletme Fakültesi Dergisi, 7(1), 59-67."
9704,1305489,22589324,26,,,apa,İşgörenlerin Paternalist Liderlik Algılarının Duygusal Emek Düzeyleri Üzerine Etkisi: İstanbul'daki Yiyecek İçecek İşletmeleri Üzerine Bir Araştırma,Sosyal Bilimler Metinleri,2017,"Cinnioğlu, H",,,no_match,,,,,,,,,,,,,,,,,,"Cinnioğlu, H. & Salha, H. (2017). İşgörenlerin Paternalist Liderlik Algılarının Duygusal Emek Düzeyleri Üzerine Etkisi: İstanbul'daki Yiyecek İçecek İşletmeleri Üzerine Bir Araştırma. Sosyal Bilimler Metinleri, 2017(2), 68-77."
9705,1305489,22589369,71,,,apa,Hekimlerin duygusal emek kullanımı ile iş doyumu ve tükenmişlik düzeyleri arasındaki ilişkiler üzerine bir araştırma,Süleyman Demirel Üniversitesi İktisadi ve İdari Bilimler Fakültesi Dergisi,2011,"Oral, A",title_full,Hekimlerin duygusal emek kullanımı ile iş doyumu ve tükenmişlik düzeyleri arasındaki ilişkiler üzerine bir araştırma,no_match,1174487,,no_doi,,FACTORSRELATED TO BURNOUT LEVELS OF EAR NOSE THROAT PHYSICIANS: JOB SATISFACTION AND TYPE A PERSONALITY,2023,İzmir Eğitim ve Araştırma Hastanesi Tıp Dergisi,1595,PAPER,0.1148,0.1651,0.0,10,False,0.4132,0.0,False,"Oral, A. G. L. & Köse, S. (2011). Hekimlerin duygusal emek kullanımı ile iş doyumu ve tükenmişlik düzeyleri arasındaki ilişkiler üzerine bir araştırma. Süleyman Demirel Üniversitesi İktisadi ve İdari Bilimler Fakültesi Dergisi, 16(2), 463-492."
9723,1249569,20869925,6,,,vancouver,Akut romatizmal ateş ̧ insidansı ve romatizmal kalp hastalıkları prevelansı,Türk Kardiyol Dern Arş,1978,"Saraçlar M, Ertuğrul A, Özme S",,,no_match,,,,,,,,,,,,,,,,,,"6. Saraçlar M, Ertuğrul A, Özme S. Akut romatizmal ateş ̧ insidansı ve romatizmal kalp hastalıkları prevelansı. Türk Kardiyol Dern Arş. 1978;7:50-54."
9724,1249569,20869935,16,,,vancouver,Akut romatizmal ateş tanısı konulan hastaların klinik özellikleri ve ekokardiyografik bulguları,Selçuk Tıp Derg,2015,"Yılmaz İ, Güvenç O, Yılmaz FH, Çimen D, Arslan D, Oran B",,,no_match,,,,,,,,,,,,,,,,,,"16.Yılmaz İ, Güvenç O, Yılmaz FH, Çimen D, Arslan D, Oran B. Akut romatizmal ateş tanısı konulan hastaların klinik özellikleri ve ekokardiyografik bulguları. Selçuk Tıp Derg. 2015;31(2):73-76."
9760,1199498,17848704,35,,,apa,Treating the love-sick patient,The Israel Journal of Psychiatry and Related Sciences,1995,"Moss, E",title_full,Treating the love sick patient,no_match,200301,,no_doi,,EndemikBir Bölgede Bruselloz ve Kırım Kongo Kanamalı Ateşi Koenfeksiyonu Olgusu,2016,Mikrobiyoloji Bülteni,71,PAPER,0.1548,0.2569,0.0,4,False,0.303,0.0,False,"Moss, E. (1995). Treating the love-sick patient. The Israel Journal of Psychiatry and Related Sciences, 32(3), 167-173."
9786,1278232,21310891,49,,,apa,Pandemi Döneminde Ebeveyn-Çocuk İlişkileri ve Çocuklarda Davranış Problemleri,EJERCongress 2021 Bildiri Kitabı,2021,"Topçu Bilir, Z",,,no_match,,,,,,,,,,,,,,,,,,"Topçu Bilir, Z. ve Sop, A. (2021). Pandemi Döneminde Ebeveyn-Çocuk İlişkileri ve Çocuklarda Davranış Problemleri. EJERCongress 2021 Bildiri Kitabı, 1165-1172."
9807,1324064,23559629,3,,,apa,Türkiye’de TÜFE’nin akaryakıt tüketimine olan etkisi: 2012-2022 nedensellik analizi,Uluslararası Ekonomik Araştırmalar Dergisi,2023,"Bayraktar, N",,,no_match,,,,,,,,,,,,,,,,,,"Bayraktar, N. T. (2023). Türkiye’de TÜFE’nin akaryakıt tüketimine olan etkisi: 2012-2022 nedensellik analizi. Uluslararası Ekonomik Araştırmalar Dergisi, 9(1), 27-40."
9815,1237988,22682256,32,,,apa,International Law and the Balfour Decision,Journal of Levantine Studies,2018,"Watson, G",,,no_match,,,,,,,,,,,,,,,,,,"Watson, G. R. (2018). International Law and the Balfour Decision. Journal of Levantine Studies, 8(1), 101-120."
9834,1298977,22494270,61,,,apa,Frazzled by Facebook? An exploratory study of gender differences in social network communication among undergraduate men and women,College Student Journal,2012,"Thompson, S",,,no_match,,,,,,,,,,,,,,,,,,"Thompson, S. H., & Lougheed, E. (2012). Frazzled by Facebook? An exploratory study of gender differences in social network communication among undergraduate men and women. College Student Journal, 46(1), 88-98."
9851,1341237,25092179,190,,,apa,"The primary world of the senses. New York: Free Press of Glencoe. Şen, B. (2012). Kentsel mekân ve göç ilişkisine ‘barınak’tan bakmak: Tarihsel süreçte erkek göçmenlerin barınma mekânları",Toplum ve Demokrasi,1963,"Straus, E",,,no_match,,,,,,,,,,,,,,,,,,"Straus, E. (1963). The primary world of the senses. New York: Free Press of Glencoe. Şen, B. (2012). Kentsel mekân ve göç ilişkisine ‘barınak’tan bakmak: Tarihsel süreçte erkek göçmenlerin barınma mekânları. Toplum ve Demokrasi, 6(13-14), 177-200."
9864,1358947,24981860,7,,,volume_pages,"""Avrupa Komşuluk Politikası Bağlamında AB-Ermenistan İlişkileri ve Rusya Etkisi",Avrasya Etüdleri,2022,"Avan, Esengül Ayaz",,,no_match,,,,,,,,,,,,,,,,,,"Avan, Esengül Ayaz. (2022). ""Avrupa Komşuluk Politikası Bağlamında AB-Ermenistan İlişkileri ve Rusya Etkisi."" Avrasya Etüdleri, 61, 45–90."
9889,1311846,22850743,23,,,apa,Eski Türk dininin kozmolojisi ve kozmogonisi,Türk Dünyası Araştırmaları Dergisi,2018,"Ahbetbeyoğlu, A., & Şen, H",title_full,Eski Türk dininin kozmolojisi ve kozmogonisi,no_match,1359411,10.33692/avrasyad.1648928,not_checked,,TÜRKKÜLTÜRÜNDE ŞAMAN: RİTÜEL HAREKETİN BEDENSEL İFADESİNDE DÖNÜŞ,2025,Avrasya Uluslararası Araştırmalar Dergisi,1140,PAPER,0.2676,0.3364,0.2,5,False,0.6957,0.0,False,"Ahbetbeyoğlu, A., & Şen, H. (2018). Eski Türk dininin kozmolojisi ve kozmogonisi. Türk Dünyası Araştırmaları Dergisi, 119(234), 45-74."
9898,1314461,23042577,17,,,apa,Hammadde Olarak Biyodizel Üretiminde Kullanılabilecek Yağlı Tohumlu Bitkilerin Potansiyeli ve Biyodizele Uygunlukları,Enerji Bitkileri ve Yeşil Yakıtlar Sempozyumu,2006,"Kolsarıcı, O",,,no_match,,,,,,,,,,,,,,,,,,"Kolsarıcı, O. (2006). Hammadde Olarak Biyodizel Üretiminde Kullanılabilecek Yağlı Tohumlu Bitkilerin Potansiyeli ve Biyodizele Uygunlukları. Enerji Bitkileri ve Yeşil Yakıtlar Sempozyumu, 14-15 Aralık 2006, Ege Üniversitesi Ziraat Fakültesi, Bornova, İzmir, Türkiye."
9914,1246301,19921916,5,,,apa,Nitel araştırmalarda örnekleme yöntemleri ve örnek hacmi sorunsalı üzerine kavramsal bir inceleme,Bitlis Eren Üniversitesi Sosyal Bilimler Dergisi,2018,"Baltacı, A",,,no_match,,,,,,,,,,,,,,,,,,"Baltacı, A. (2018). Nitel araştırmalarda örnekleme yöntemleri ve örnek hacmi sorunsalı üzerine kavramsal bir inceleme. Bitlis Eren Üniversitesi Sosyal Bilimler Dergisi, 7(1), 231-274."
9931,1362407,25121617,15,,,apa,The relation between military expenditure and economic growth: Evidence from Türkiye,Balkan Journal of Social Sciences,2019,"Çevik, E",title_full,The relation between military expenditure and economic growth Evidence from Türkiye,no_match,469059,10.18069/firatsbed.898944,not_checked,,THEEFFECT OF MILITARY EXPENDITURES ON ECONOMIC GROWTHAND UNEMPLOYMENT: EVIDENCE FROM TURKEY,2021,Fırat Üniversitesi Sosyal Bilimler Dergisi,779,PAPER,0.5436,0.7451,0.625,8,False,0.2667,0.0,False,"Çevik, E. İ., & Bektaş, G. (2019). The relation between military expenditure and economic growth: Evidence from Türkiye. Balkan Journal of Social Sciences, 8(16), 229-236."
9970,1199956,17891579,55,,,apa,Factors accounting for mathematics achievement of singaporean eighth-graders,The Asia-Pacific Education Researcher,2012,"Mohammadpour, E",,,no_match,,,,,,,,,,,,,,,,,,"Mohammadpour, E. (2012). Factors accounting for mathematics achievement of singaporean eighth-graders. The Asia-Pacific Education Researcher, 21(3), 507-518."
9983,1249697,20094943,9,,,apa,Measuring the Impact of Dollarization on Economic Growth in Ecuador Using the ARDL Autoregressive Model for the Period (1970-2021),European Journal of Business Startups and Open Society,2023,"Bazzaz, N",,,no_match,,,,,,,,,,,,,,,,,,"Bazzaz, N. H. S. ve Ahmed, S. A. (2023). Measuring the Impact of Dollarization on Economic Growth in Ecuador Using the ARDL Autoregressive Model for the Period (1970-2021). European Journal of Business Startups and Open Society, 3(6), 63-73."
9993,1367325,25796138,9,,,apa,Narsistik annelerin çocukları üzerindeki etkileri,Psikoloji Dergisi,2018,"Bakan, G",,,no_match,,,,,,,,,,,,,,,,,,"Bakan, G. ve Gültekin, E. (2018). Narsistik annelerin çocukları üzerindeki etkileri. Psikoloji Dergisi, 25(3), 201-214."
9994,1367325,25796176,50,,,apa,Gender differences in digital media engagement among young adults,Digital Psychology Review,2023,"Martin, A., Smith, T",,,no_match,,,,,,,,,,,,,,,,,,"Martin, A., Smith, T. ve Weber, S. (2023). Gender differences in digital media engagement among young adults. Digital Psychology Review, 31(1), 45-59."
